Timestamp,X_mG,Y_mG,Z_mG
1775850762.784,-32891.60,-32957.90,-31985.65
1775850762.819,-32891.60,-32957.90,-31985.65
1775850762.830,-32891.60,-32957.90,-31985.65
1775850762.847,-32891.60,-32957.90,-31985.65
1775850762.860,-32891.60,-32957.90,-31985.65
1775850762.872,-32891.60,-32957.90,-31985.65
1775850762.889,-32891.60,-32957.90,-31985.65
1775850762.901,-32891.60,-32957.90,-31985.65
1775850762.917,-32891.60,-32957.90,-31985.65
1775850762.929,-32891.60,-32957.90,-31985.65
1775850762.945,-32891.60,-32957.90,-31985.65
1775850762.959,-32891.60,-32957.90,-31985.65
1775850762.972,-32891.60,-32957.90,-31985.65
1775850762.987,-32891.60,-32957.90,-31985.65
1775850762.999,-32891.60,-32957.90,-31985.65
1775850763.012,-32891.60,-32957.90,-31985.65
1775850763.022,-32891.60,-32957.90,-31985.65
1775850763.044,-32891.60,-32957.90,-31985.65
1775850763.057,-32891.60,-32957.90,-31985.65
1775850763.072,-32891.60,-32957.90,-31985.65
1775850763.085,-32891.60,-32957.90,-31985.65
1775850763.099,-32891.60,-32957.90,-31985.65
1775850763.112,-32891.60,-32957.90,-31985.65
1775850763.128,-32891.60,-32957.90,-31985.65
1775850763.142,-32891.60,-32957.90,-31985.65
1775850763.157,-32891.60,-32957.90,-31985.65
1775850763.169,-32891.60,-32957.90,-31985.65
1775850763.182,-32891.60,-32957.90,-31985.65
1775850763.199,-32891.60,-32957.90,-31985.65
1775850763.212,-32891.60,-32957.90,-31985.65
1775850763.228,-32891.60,-32957.90,-31985.65
1775850763.242,-32891.60,-32957.90,-31985.65
1775850763.256,-32891.60,-32957.90,-31985.65
1775850763.263,-32891.60,-32957.90,-31985.65
1775850763.287,-32891.60,-32957.90,-31985.65
1775850763.302,-32891.60,-32957.90,-31985.65
1775850763.314,-32891.60,-32957.90,-31985.65
1775850763.330,-32891.60,-32957.90,-31985.65
1775850763.344,-32891.60,-32957.90,-31985.65
1775850763.358,-32891.60,-32957.90,-31985.65
1775850763.372,-32891.60,-32957.90,-31985.65
1775850763.386,-32891.60,-32957.90,-31985.65
1775850763.399,-32891.60,-32957.90,-31985.65
1775850763.414,-32891.60,-32957.90,-31985.65
1775850763.428,-32891.60,-32957.90,-31985.65
1775850763.442,-32891.60,-32957.90,-31985.65
1775850763.455,-32891.60,-32957.90,-31985.65
1775850763.463,-32891.60,-32957.90,-31985.65
1775850763.487,-32891.60,-32957.90,-31985.65
1775850763.498,-32891.60,-32957.90,-31985.65
1775850763.512,-32891.60,-32957.90,-31985.65
1775850763.526,-32891.60,-32957.90,-31985.65
1775850763.542,-32891.60,-32957.90,-31985.65
1775850763.557,-32891.60,-32957.90,-31985.65
1775850763.562,-32891.60,-32957.90,-31985.65
1775850763.587,-32891.60,-32957.90,-31985.65
1775850763.604,-32891.60,-32957.90,-31985.65
1775850763.619,-32891.60,-32957.90,-31985.65
1775850763.632,-32891.60,-32957.90,-31985.65
1775850763.643,-32891.60,-32957.90,-31985.65
1775850763.657,-32891.60,-32957.90,-31985.65
1775850763.672,-32891.60,-32957.90,-31985.65
1775850763.682,-32891.60,-32957.90,-31985.65
1775850763.702,-32891.60,-32957.90,-31985.65
1775850763.714,-32891.60,-32957.90,-31985.65
1775850763.730,-32891.60,-32957.90,-31985.65
1775850763.742,-32891.60,-32957.90,-31985.65
1775850763.759,-32891.60,-32957.90,-31985.65
1775850763.774,-32891.60,-32957.90,-31985.65
1775850763.782,-32891.60,-32957.90,-31985.65
1775850763.803,-32891.60,-32957.90,-31985.65
1775850763.818,-32891.60,-32957.90,-31985.65
1775850763.834,-32891.60,-32957.90,-31985.65
1775850763.849,-32891.60,-32957.90,-31985.65
1775850763.863,-32891.60,-32957.90,-31985.65
1775850763.871,-32891.60,-32957.90,-31985.65
1775850763.893,-32891.60,-32957.90,-31985.65
1775850763.905,-32891.60,-32957.90,-31985.65
1775850763.920,-32891.60,-32957.90,-31985.65
1775850763.935,-32891.60,-32957.90,-31985.65
1775850763.940,-32891.60,-32957.90,-31985.65
1775850763.966,-32891.60,-32957.90,-31985.65
1775850763.982,-32891.60,-32957.90,-31985.65
1775850763.992,-32891.60,-32957.90,-31985.65
1775850764.008,-32891.60,-32957.90,-31985.65
1775850764.023,-32891.60,-32957.90,-31985.65
1775850764.029,-32891.60,-32957.90,-31985.65
1775850764.057,-32891.60,-32957.90,-31985.65
1775850764.070,-32891.60,-32957.90,-31985.65
1775850764.085,-32891.60,-32957.90,-31985.65
1775850764.093,-32891.60,-32957.90,-31985.65
1775850764.108,-32891.60,-32957.90,-31985.65
1775850764.132,-32891.60,-32957.90,-31985.65
1775850764.147,-32891.60,-32957.90,-31985.65
1775850764.157,-32891.60,-32957.90,-31985.65
1775850764.172,-32891.60,-32957.90,-31985.65
1775850764.188,-32891.60,-32957.90,-31985.65
1775850764.195,-32891.60,-32957.90,-31985.65
1775850764.220,-32891.60,-32957.90,-31985.65
1775850764.235,-32891.60,-32957.90,-31985.65
1775850764.251,-32891.60,-32957.90,-31985.65
1775850764.259,-32891.60,-32957.90,-31985.65
1775850764.282,-32891.60,-32957.90,-31985.65
1775850764.282,-32891.60,-32957.90,-31985.65
1775850764.319,-32891.60,-32957.90,-31985.65
1775850764.336,-32891.60,-32957.90,-31985.65
1775850764.346,-32891.60,-32957.90,-31985.65
1775850764.362,-32891.60,-32957.90,-31985.65
1775850764.377,-32891.60,-32957.90,-31985.65
1775850764.392,-32891.60,-32957.90,-31985.65
1775850764.406,-32891.60,-32957.90,-31985.65
1775850764.410,-32891.60,-32957.90,-31985.65
1775850764.429,-32891.60,-32957.90,-31985.65
1775850764.462,-32891.60,-32957.90,-31985.65
1775850764.474,-32891.60,-32957.90,-31985.65
1775850764.490,-32891.60,-32957.90,-31985.65
1775850764.504,-32891.60,-32957.90,-31985.65
1775850764.508,-32891.60,-32957.90,-31985.65
1775850764.536,-32891.60,-32957.90,-31985.65
1775850764.552,-32891.60,-32957.90,-31985.65
1775850764.558,-32891.60,-32957.90,-31985.65
1775850764.584,-32891.60,-32957.90,-31985.65
1775850764.599,-32891.60,-32957.90,-31985.65
1775850764.599,-32891.60,-32957.90,-31985.65
1775850764.632,-32891.60,-32957.90,-31985.65
1775850764.652,-32891.60,-32957.90,-31985.65
1775850764.663,-32891.60,-32957.90,-31985.65
1775850764.682,-32891.60,-32957.90,-31985.65
1775850764.695,-32891.60,-32957.90,-31985.65
1775850764.713,-32891.60,-32957.90,-31985.65
1775850764.726,-32891.60,-32957.90,-31985.65
1775850764.742,-32891.60,-32957.90,-31985.65
1775850764.742,-32891.60,-32957.90,-31985.65
1775850764.781,-32891.60,-32957.90,-31985.65
1775850764.790,-32891.60,-32957.90,-31985.65
1775850764.812,-32891.60,-32957.90,-31985.65
1775850764.822,-32891.60,-32957.90,-31985.65
1775850764.839,-32891.60,-32957.90,-31985.65
1775850764.854,-32891.60,-32957.90,-31985.65
1775850764.859,-32891.60,-32957.90,-31985.65
1775850764.886,-32891.60,-32957.90,-31985.65
1775850764.902,-32891.60,-32957.90,-31985.65
1775850764.916,-32891.60,-32957.90,-31985.65
1775850764.930,-32891.60,-32957.90,-31985.65
1775850764.945,-32891.60,-32957.90,-31985.65
1775850764.958,-32891.60,-32957.90,-31985.65
1775850764.971,-32891.60,-32957.90,-31985.65
1775850764.986,-32891.60,-32957.90,-31985.65
1775850765.001,-32891.60,-32957.90,-31985.65
1775850765.014,-32891.60,-32957.90,-31985.65
1775850765.028,-32891.60,-32957.90,-31985.65
1775850765.043,-32891.60,-32957.90,-31985.65
1775850765.056,-32891.60,-32957.90,-31985.65
1775850765.070,-32891.60,-32957.90,-31985.65
1775850765.083,-32891.60,-32957.90,-31985.65
1775850765.098,-32891.60,-32957.90,-31985.65
1775850765.111,-32891.60,-32957.90,-31985.65
1775850765.123,-32891.60,-32957.90,-31985.65
1775850765.141,-32891.60,-32957.90,-31985.65
1775850765.155,-32891.60,-32957.90,-31985.65
1775850765.168,-32891.60,-32957.90,-31985.65
1775850765.183,-32891.60,-32957.90,-31985.65
1775850765.197,-32891.60,-32957.90,-31985.65
1775850765.210,-32891.60,-32957.90,-31985.65
1775850765.225,-32891.60,-32957.90,-31985.65
1775850765.233,-32891.60,-32957.90,-31985.65
1775850765.253,-32891.60,-32957.90,-31985.65
1775850765.268,-32891.60,-32957.90,-31985.65
1775850765.282,-32891.60,-32957.90,-31985.65
1775850765.297,-32891.60,-32957.90,-31985.65
1775850765.311,-32891.60,-32957.90,-31985.65
1775850765.315,-32891.60,-32957.90,-31985.65
1775850765.344,-32891.60,-32957.90,-31985.65
1775850765.360,-32891.60,-32957.90,-31985.65
1775850765.366,-32891.60,-32957.90,-31985.65
1775850765.392,-32891.60,-32957.90,-31985.65
1775850765.406,-32891.60,-32957.90,-31985.65
1775850765.418,-32891.60,-32957.90,-31985.65
1775850765.422,-32891.60,-32957.90,-31985.65
1775850765.453,-32891.60,-32957.90,-31985.65
1775850765.460,-32891.60,-32957.90,-31985.65
1775850765.484,-32891.60,-32957.90,-31985.65
1775850765.501,-32891.60,-32957.90,-31985.65
1775850765.514,-32891.60,-32957.90,-31985.65
1775850765.523,-32891.60,-32957.90,-31985.65
1775850765.538,-32891.60,-32957.90,-31985.65
1775850765.563,-32891.60,-32957.90,-31985.65
1775850765.563,-32891.60,-32957.90,-31985.65
1775850765.601,-32891.60,-32957.90,-31985.65
1775850765.612,-32891.60,-32957.90,-31985.65
1775850765.627,-32891.60,-32957.90,-31985.65
1775850765.643,-32891.60,-32957.90,-31985.65
1775850765.661,-32891.60,-32957.90,-31985.65
1775850765.675,-32891.60,-32957.90,-31985.65
1775850765.675,-32891.60,-32957.90,-31985.65
1775850765.707,-32891.60,-32957.90,-31985.65
1775850765.723,-32891.60,-32957.90,-31985.65
1775850765.755,-32891.60,-32957.90,-31985.65
1775850765.771,-32891.60,-32957.90,-31985.65
1775850765.771,-32891.60,-32957.90,-31985.65
1775850765.803,-32891.60,-32957.90,-31985.65
1775850765.822,-32891.60,-32957.90,-31985.65
1775850765.839,-32891.60,-32957.90,-31985.65
1775850765.861,-32891.60,-32957.90,-31985.65
1775850765.869,-32891.60,-32957.90,-31985.65
1775850765.881,-32891.60,-32957.90,-31985.65
1775850765.913,-32891.60,-32957.90,-31985.65
1775850765.928,-32891.60,-32957.90,-31985.65
1775850765.932,-32891.60,-32957.90,-31985.65
1775850765.961,-32891.60,-32957.90,-31985.65
1775850765.977,-32891.60,-32957.90,-31985.65
1775850765.992,-32891.60,-32957.90,-31985.65
1775850765.998,-32891.60,-32957.90,-31985.65
1775850766.025,-32891.60,-32957.90,-31985.65
1775850766.026,-32891.60,-32957.90,-31985.65
1775850766.062,-32891.60,-32957.90,-31985.65
1775850766.077,-32891.60,-32957.90,-31985.65
1775850766.089,-32891.60,-32957.90,-31985.65
1775850766.105,-32891.60,-32957.90,-31985.65
1775850766.107,-32891.60,-32957.90,-31985.65
1775850766.141,-32891.60,-32957.90,-31985.65
1775850766.156,-32891.60,-32957.90,-31985.65
1775850766.168,-32891.60,-32957.90,-31985.65
1775850766.184,-32891.60,-32957.90,-31985.65
1775850766.198,-32891.60,-32957.90,-31985.65
1775850766.208,-32891.60,-32957.90,-31985.65
1775850766.220,-32891.60,-32957.90,-31985.65
1775850766.231,-32891.60,-32957.90,-31985.65
1775850766.265,-32891.60,-32957.90,-31985.65
1775850766.279,-32891.60,-32957.90,-31985.65
1775850766.279,-32891.60,-32957.90,-31985.65
1775850766.316,-32891.60,-32957.90,-31985.65
1775850766.332,-32891.60,-32957.90,-31985.65
1775850766.346,-32891.60,-32957.90,-31985.65
1775850766.358,-32891.60,-32957.90,-31985.65
1775850766.374,-32891.60,-32957.90,-31985.65
1775850766.388,-32891.60,-32957.90,-31985.65
1775850766.390,-32891.60,-32957.90,-31985.65
1775850766.423,-32891.60,-32957.90,-31985.65
1775850766.438,-32891.60,-32957.90,-31985.65
1775850766.452,-32891.60,-32957.90,-31985.65
1775850766.462,-32891.60,-32957.90,-31985.65
1775850766.470,-32891.60,-32957.90,-31985.65
1775850766.495,-32891.60,-32957.90,-31985.65
1775850766.511,-32891.60,-32957.90,-31985.65
1775850766.522,-32891.60,-32957.90,-31985.65
1775850766.538,-32891.60,-32957.90,-31985.65
1775850766.550,-32891.60,-32957.90,-31985.65
1775850766.568,-32891.60,-32957.90,-31985.65
1775850766.582,-32891.60,-32957.90,-31985.65
1775850766.593,-32891.60,-32957.90,-31985.65
1775850766.599,-32891.60,-32957.90,-31985.65
1775850766.614,-32891.60,-32957.90,-31985.65
1775850766.646,-32891.60,-32957.90,-31985.65
1775850766.663,-32891.60,-32957.90,-31985.65
1775850766.678,-32891.60,-32957.90,-31985.65
1775850766.709,-32891.60,-32957.90,-31985.65
1775850766.725,-32891.60,-32957.90,-31985.65
1775850766.726,-32891.60,-32957.90,-31985.65
1775850766.762,-32891.60,-32957.90,-31985.65
1775850766.773,-32891.60,-32957.90,-31985.65
1775850766.789,-32891.60,-32957.90,-31985.65
1775850766.804,-32891.60,-32957.90,-31985.65
1775850766.821,-32891.60,-32957.90,-31985.65
1775850766.836,-32891.60,-32957.90,-31985.65
1775850766.836,-32891.60,-32957.90,-31985.65
1775850766.868,-32891.60,-32957.90,-31985.65
1775850766.889,-32891.60,-32957.90,-31985.65
1775850766.900,-32891.60,-32957.90,-31985.65
1775850766.932,-32891.60,-32957.90,-31985.65
1775850766.960,-32891.60,-32957.90,-31985.65
1775850766.967,-32891.60,-32957.90,-31985.65
1775850766.981,-32891.60,-32957.90,-31985.65
1775850767.011,-32891.60,-32957.90,-31985.65
1775850767.026,-32891.60,-32957.90,-31985.65
1775850767.034,-32891.60,-32957.90,-31985.65
1775850767.043,-32891.60,-32957.90,-31985.65
1775850767.084,-32891.60,-32957.90,-31985.65
1775850767.098,-32891.60,-32957.90,-31985.65
1775850767.105,-32891.60,-32957.90,-31985.65
1775850767.128,-32891.60,-32957.90,-31985.65
1775850767.143,-32891.60,-32957.90,-31985.65
1775850767.157,-32891.60,-32957.90,-31985.65
1775850767.168,-32891.60,-32957.90,-31985.65
1775850767.184,-32891.60,-32957.90,-31985.65
1775850767.184,-32891.60,-32957.90,-31985.65
1775850767.220,-32891.60,-32957.90,-31985.65
1775850767.231,-32891.60,-32957.90,-31985.65
1775850767.247,-32891.60,-32957.90,-31985.65
1775850767.280,-32891.60,-32957.90,-31985.65
1775850767.280,-32891.60,-32957.90,-31985.65
1775850767.311,-32891.60,-32957.90,-31985.65
1775850767.338,-32891.60,-32957.90,-31985.65
1775850767.350,-32891.60,-32957.90,-31985.65
1775850767.363,-32891.60,-32957.90,-31985.65
1775850767.380,-32891.60,-32957.90,-31985.65
1775850767.394,-32891.60,-32957.90,-31985.65
1775850767.408,-32891.60,-32957.90,-31985.65
1775850767.422,-32891.60,-32957.90,-31985.65
1775850767.422,-32891.60,-32957.90,-31985.65
1775850767.461,-32891.60,-32957.90,-31985.65
1775850767.475,-32891.60,-32957.90,-31985.65
1775850767.484,-32891.60,-32957.90,-31985.65
1775850767.502,-32891.60,-32957.90,-31985.65
1775850767.518,-32891.60,-32957.90,-31985.65
1775850767.532,-32891.60,-32957.90,-31985.65
1775850767.537,-32891.60,-32957.90,-31985.65
1775850767.567,-32891.60,-32957.90,-31985.65
1775850767.580,-32891.60,-32957.90,-31985.65
1775850767.595,-32891.60,-32957.90,-31985.65
1775850767.601,-32891.60,-32957.90,-31985.65
1775850767.628,-32891.60,-32957.90,-31985.65
1775850767.642,-32891.60,-32957.90,-31985.65
1775850767.657,-32891.60,-32957.90,-31985.65
1775850767.663,-32891.60,-32957.90,-31985.65
1775850767.689,-32891.60,-32957.90,-31985.65
1775850767.692,-32891.60,-32957.90,-31985.65
1775850767.722,-32891.60,-32957.90,-31985.65
1775850767.737,-32891.60,-32957.90,-31985.65
1775850767.737,-32891.60,-32957.90,-31985.65
1775850767.777,-32891.60,-32957.90,-31985.65
1775850767.788,-32891.60,-32957.90,-31985.65
1775850767.804,-32891.60,-32957.90,-31985.65
1775850767.817,-32891.60,-32957.90,-31985.65
1775850767.833,-32891.60,-32957.90,-31985.65
1775850767.847,-32891.60,-32957.90,-31985.65
1775850767.852,-32891.60,-32957.90,-31985.65
1775850767.879,-32891.60,-32957.90,-31985.65
1775850767.895,-32891.60,-32957.90,-31985.65
1775850767.909,-32891.60,-32957.90,-31985.65
1775850767.915,-32891.60,-32957.90,-31985.65
1775850767.928,-32891.60,-32957.90,-31985.65
1775850767.966,-32891.60,-32957.90,-31985.65
1775850767.979,-32891.60,-32957.90,-31985.65
1775850767.992,-32891.60,-32957.90,-31985.65
1775850768.006,-32891.60,-32957.90,-31985.65
1775850768.022,-32891.60,-32957.90,-31985.65
1775850768.036,-32891.60,-32957.90,-31985.65
1775850768.042,-32891.60,-32957.90,-31985.65
1775850768.064,-32891.60,-32957.90,-31985.65
1775850768.071,-32891.60,-32957.90,-31985.65
1775850768.107,-32891.60,-32957.90,-31985.65
1775850768.117,-32891.60,-32957.90,-31985.65
1775850768.132,-32891.60,-32957.90,-31985.65
1775850768.149,-32891.60,-32957.90,-31985.65
1775850768.164,-32891.60,-32957.90,-31985.65
1775850768.168,-32891.60,-32957.90,-31985.65
1775850768.197,-32891.60,-32957.90,-31985.65
1775850768.213,-32891.60,-32957.90,-31985.65
1775850768.230,-32891.60,-32957.90,-31985.65
1775850768.244,-32891.60,-32957.90,-31985.65
1775850768.245,-32891.60,-32957.90,-31985.65
1775850768.281,-32891.60,-32957.90,-31985.65
1775850768.296,-32891.60,-32957.90,-31985.65
1775850768.307,-32891.60,-32957.90,-31985.65
1775850768.322,-32891.60,-32957.90,-31985.65
1775850768.337,-32891.60,-32957.90,-31985.65
1775850768.353,-32891.60,-32957.90,-31985.65
1775850768.364,-32891.60,-32957.90,-31985.65
1775850768.372,-32891.60,-32957.90,-31985.65
1775850768.401,-32891.60,-32957.90,-31985.65
1775850768.401,-32891.60,-32957.90,-31985.65
1775850768.440,-32891.60,-32957.90,-31985.65
1775850768.454,-32891.60,-32957.90,-31985.65
1775850768.465,-32891.60,-32957.90,-31985.65
1775850768.482,-32891.60,-32957.90,-31985.65
1775850768.496,-32891.60,-32957.90,-31985.65
1775850768.500,-32891.60,-32957.90,-31985.65
1775850768.529,-32891.60,-32957.90,-31985.65
1775850768.545,-32891.60,-32957.90,-31985.65
1775850768.559,-32891.60,-32957.90,-31985.65
1775850768.564,-32891.60,-32957.90,-31985.65
1775850768.590,-32891.60,-32957.90,-31985.65
1775850768.606,-32891.60,-32957.90,-31985.65
1775850768.621,-32891.60,-32957.90,-31985.65
1775850768.627,-32891.60,-32957.90,-31985.65
1775850768.653,-32891.60,-32957.90,-31985.65
1775850768.664,-32891.60,-32957.90,-31985.65
1775850768.674,-32891.60,-32957.90,-31985.65
1775850768.685,-32891.60,-32957.90,-31985.65
1775850768.718,-32891.60,-32957.90,-31985.65
1775850768.734,-32891.60,-32957.90,-31985.65
1775850768.748,-32891.60,-32957.90,-31985.65
1775850768.759,-32891.60,-32957.90,-31985.65
1775850768.774,-32891.60,-32957.90,-31985.65
1775850768.782,-32891.60,-32957.90,-31985.65
1775850768.806,-32891.60,-32957.90,-31985.65
1775850768.818,-32891.60,-32957.90,-31985.65
1775850768.829,-32891.60,-32957.90,-31985.65
1775850768.846,-32891.60,-32957.90,-31985.65
1775850768.862,-32891.60,-32957.90,-31985.65
1775850768.876,-32891.60,-32957.90,-31985.65
1775850768.885,-32891.60,-32957.90,-31985.65
1775850768.893,-32891.60,-32957.90,-31985.65
1775850768.929,-32891.60,-32957.90,-31985.65
1775850768.943,-32891.60,-32957.90,-31985.65
1775850768.956,-32891.60,-32957.90,-31985.65
1775850768.964,-32891.60,-32957.90,-31985.65
1775850768.988,-32891.60,-32957.90,-31985.65
1775850769.002,-32891.60,-32957.90,-31985.65
1775850769.006,-32891.60,-32957.90,-31985.65
1775850769.037,-32891.60,-32957.90,-31985.65
1775850769.051,-32891.60,-32957.90,-31985.65
1775850769.065,-32891.60,-32957.90,-31985.65
1775850769.068,-32891.60,-32957.90,-31985.65
1775850769.097,-32891.60,-32957.90,-31985.65
1775850769.116,-32891.60,-32957.90,-31985.65
1775850769.130,-32891.60,-32957.90,-31985.65
1775850769.136,-32891.60,-32957.90,-31985.65
1775850769.161,-32891.60,-32957.90,-31985.65
1775850769.176,-32891.60,-32957.90,-31985.65
1775850769.191,-32891.60,-32957.90,-31985.65
1775850769.197,-32891.60,-32957.90,-31985.65
1775850769.224,-32891.60,-32957.90,-31985.65
1775850769.230,-32891.60,-32957.90,-31985.65
1775850769.256,-32891.60,-32957.90,-31985.65
1775850769.264,-32891.60,-32957.90,-31985.65
1775850769.272,-32891.60,-32957.90,-31985.65
1775850769.311,-32891.60,-32957.90,-31985.65
1775850769.325,-32891.60,-32957.90,-31985.65
1775850769.339,-32891.60,-32957.90,-31985.65
1775850769.351,-32891.60,-32957.90,-31985.65
1775850769.367,-32891.60,-32957.90,-31985.65
1775850769.367,-32891.60,-32957.90,-31985.65
1775850769.405,-32891.60,-32957.90,-31985.65
1775850769.417,-32891.60,-32957.90,-31985.65
1775850769.431,-32891.60,-32957.90,-31985.65
1775850769.450,-32891.60,-32957.90,-31985.65
1775850769.464,-32891.60,-32957.90,-31985.65
1775850769.466,-32891.60,-32957.90,-31985.65
1775850769.495,-32891.60,-32957.90,-31985.65
1775850769.518,-32891.60,-32957.90,-31985.65
1775850769.532,-32891.60,-32957.90,-31985.65
1775850769.543,-32891.60,-32957.90,-31985.65
1775850769.560,-32891.60,-32957.90,-31985.65
1775850769.575,-32891.60,-32957.90,-31985.65
1775850769.590,-32891.60,-32957.90,-31985.65
1775850769.597,-32891.60,-32957.90,-31985.65
1775850769.608,-32891.60,-32957.90,-31985.65
1775850769.649,-32891.60,-32957.90,-31985.65
1775850769.660,-32891.60,-32957.90,-31985.65
1775850769.670,-32891.60,-32957.90,-31985.65
1775850769.686,-32891.60,-32957.90,-31985.65
1775850769.705,-32891.60,-32957.90,-31985.65
1775850769.719,-32891.60,-32957.90,-31985.65
1775850769.721,-32891.60,-32957.90,-31985.65
1775850769.752,-32891.60,-32957.90,-31985.65
1775850769.771,-32891.60,-32957.90,-31985.65
1775850769.785,-32891.60,-32957.90,-31985.65
1775850769.798,-32891.60,-32957.90,-31985.65
1775850769.800,-32891.60,-32957.90,-31985.65
1775850769.836,-32891.60,-32957.90,-31985.65
1775850769.850,-32891.60,-32957.90,-31985.65
1775850769.862,-32891.60,-32957.90,-31985.65
1775850769.878,-32891.60,-32957.90,-31985.65
1775850769.882,-32891.60,-32957.90,-31985.65
1775850769.913,-32891.60,-32957.90,-31985.65
1775850769.925,-32891.60,-32957.90,-31985.65
1775850769.941,-32891.60,-32957.90,-31985.65
1775850769.944,-32891.60,-32957.90,-31985.65
1775850769.977,-32891.60,-32957.90,-31985.65
1775850769.988,-32891.60,-32957.90,-31985.65
1775850770.004,-32891.60,-32957.90,-31985.65
1775850770.020,-32891.60,-32957.90,-31985.65
1775850770.027,-32891.60,-32957.90,-31985.65
1775850770.051,-32891.60,-32957.90,-31985.65
1775850770.066,-32891.60,-32957.90,-31985.65
1775850770.066,-32891.60,-32957.90,-31985.65
1775850770.098,-32891.60,-32957.90,-31985.65
1775850770.114,-32891.60,-32957.90,-31985.65
1775850770.146,-32891.60,-32957.90,-31985.65
1775850770.154,-32891.60,-32957.90,-31985.65
1775850770.177,-32891.60,-32957.90,-31985.65
1775850770.193,-32891.60,-32957.90,-31985.65
1775850770.193,-32891.60,-32957.90,-31985.65
1775850770.225,-32891.60,-32957.90,-31985.65
1775850770.249,-32891.60,-32957.90,-31985.65
1775850770.258,-32891.60,-32957.90,-31985.65
1775850770.278,-32891.60,-32957.90,-31985.65
1775850770.289,-32891.60,-32957.90,-31985.65
1775850770.307,-32891.60,-32957.90,-31985.65
1775850770.341,-32891.60,-32957.90,-31985.65
1775850770.352,-32891.60,-32957.90,-31985.65
1775850770.368,-32891.60,-32957.90,-31985.65
1775850770.377,-32891.60,-32957.90,-31985.65
1775850770.384,-32891.60,-32957.90,-31985.65
1775850770.423,-32891.60,-32957.90,-31985.65
1775850770.432,-32891.60,-32957.90,-31985.65
1775850770.449,-32891.60,-32957.90,-31985.65
1775850770.465,-32891.60,-32957.90,-31985.65
1775850770.480,-32891.60,-32957.90,-31985.65
1775850770.485,-32891.60,-32957.90,-31985.65
1775850770.496,-32891.60,-32957.90,-31985.65
1775850770.535,-32891.60,-32957.90,-31985.65
1775850770.548,-32891.60,-32957.90,-31985.65
1775850770.563,-32891.60,-32957.90,-31985.65
1775850770.574,-32891.60,-32957.90,-31985.65
1775850770.591,-32891.60,-32957.90,-31985.65
1775850770.597,-32891.60,-32957.90,-31985.65
1775850770.623,-32891.60,-32957.90,-31985.65
1775850770.637,-32891.60,-32957.90,-31985.65
1775850770.642,-32891.60,-32957.90,-31985.65
1775850770.670,-32891.60,-32957.90,-31985.65
1775850770.684,-32891.60,-32957.90,-31985.65
1775850770.689,-32891.60,-32957.90,-31985.65
1775850770.717,-32891.60,-32957.90,-31985.65
1775850770.719,-32891.60,-32957.90,-31985.65
1775850770.751,-32891.60,-32957.90,-31985.65
1775850770.764,-32891.60,-32957.90,-31985.65
1775850770.781,-32891.60,-32957.90,-31985.65
1775850770.783,-32891.60,-32957.90,-31985.65
1775850770.812,-32891.60,-32957.90,-31985.65
1775850770.827,-32891.60,-32957.90,-31985.65
1775850770.847,-32891.60,-32957.90,-31985.65
1775850770.871,-32891.60,-32957.90,-31985.65
1775850770.882,-32891.60,-32957.90,-31985.65
1775850770.891,-32891.60,-32957.90,-31985.65
1775850770.911,-32891.60,-32957.90,-31985.65
1775850770.928,-32891.60,-32957.90,-31985.65
1775850770.938,-32891.60,-32957.90,-31985.65
1775850770.955,-32891.60,-32957.90,-31985.65
1775850770.970,-32891.60,-32957.90,-31985.65
1775850770.974,-32891.60,-32957.90,-31985.65
1775850771.001,-32891.60,-32957.90,-31985.65
1775850771.017,-32891.60,-32957.90,-31985.65
1775850771.036,-32891.60,-32957.90,-31985.65
1775850771.050,-32891.60,-32957.90,-31985.65
1775850771.064,-32891.60,-32957.90,-31985.65
1775850771.076,-32891.60,-32957.90,-31985.65
1775850771.081,-32891.60,-32957.90,-31985.65
1775850771.103,-32891.60,-32957.90,-31985.65
1775850771.128,-32891.60,-32957.90,-31985.65
1775850771.128,-32891.60,-32957.90,-31985.65
1775850771.162,-32891.60,-32957.90,-31985.65
1775850771.183,-32891.60,-32957.90,-31985.65
1775850771.192,-32891.60,-32957.90,-31985.65
1775850771.208,-32891.60,-32957.90,-31985.65
1775850771.227,-32891.60,-32957.90,-31985.65
1775850771.241,-32891.60,-32957.90,-31985.65
1775850771.255,-32891.60,-32957.90,-31985.65
1775850771.269,-32891.60,-32957.90,-31985.65
1775850771.275,-32891.60,-32957.90,-31985.65
1775850771.290,-32891.60,-32957.90,-31985.65
1775850771.318,-32891.60,-32957.90,-31985.65
1775850771.335,-32891.60,-32957.90,-31985.65
1775850771.353,-32891.60,-32957.90,-31985.65
1775850771.368,-32891.60,-32957.90,-31985.65
1775850771.382,-32891.60,-32957.90,-31985.65
1775850771.382,-32891.60,-32957.90,-31985.65
1775850771.421,-32891.60,-32957.90,-31985.65
1775850771.435,-32891.60,-32957.90,-31985.65
1775850771.445,-32891.60,-32957.90,-31985.65
1775850771.460,-32891.60,-32957.90,-31985.65
1775850771.477,-32891.60,-32957.90,-31985.65
1775850771.479,-32891.60,-32957.90,-31985.65
1775850771.508,-32891.60,-32957.90,-31985.65
1775850771.525,-32891.60,-32957.90,-31985.65
1775850771.544,-32891.60,-32957.90,-31985.65
1775850771.563,-32891.60,-32957.90,-31985.65
1775850771.572,-32891.60,-32957.90,-31985.65
1775850771.591,-32891.60,-32957.90,-31985.65
1775850771.606,-32891.60,-32957.90,-31985.65
1775850771.620,-32891.60,-32957.90,-31985.65
1775850771.635,-32891.60,-32957.90,-31985.65
1775850771.636,-32891.60,-32957.90,-31985.65
1775850771.671,-32891.60,-32957.90,-31985.65
1775850771.687,-32891.60,-32957.90,-31985.65
1775850771.703,-32891.60,-32957.90,-31985.65
1775850771.715,-32891.60,-32957.90,-31985.65
1775850771.732,-32891.60,-32957.90,-31985.65
1775850771.734,-32891.60,-32957.90,-31985.65
1775850771.763,-32891.60,-32957.90,-31985.65
1775850771.779,-32891.60,-32957.90,-31985.65
1775850771.798,-32891.60,-32957.90,-31985.65
1775850771.814,-32891.60,-32957.90,-31985.65
1775850771.827,-32891.60,-32957.90,-31985.65
1775850771.827,-32891.60,-32957.90,-31985.65
1775850771.863,-32891.60,-32957.90,-31985.65
1775850771.881,-32891.60,-32957.90,-31985.65
1775850771.894,-32891.60,-32957.90,-31985.65
1775850771.907,-32891.60,-32957.90,-31985.65
1775850771.924,-32891.60,-32957.90,-31985.65
1775850771.938,-32891.60,-32957.90,-31985.65
1775850771.952,-32891.60,-32957.90,-31985.65
1775850771.961,-32891.60,-32957.90,-31985.65
1775850771.971,-32891.60,-32957.90,-31985.65
1775850771.988,-32891.60,-32957.90,-31985.65
1775850772.019,-32891.60,-32957.90,-31985.65
1775850772.034,-32891.60,-32957.90,-31985.65
1775850772.069,-32891.60,-32957.90,-31985.65
1775850772.082,-32891.60,-32957.90,-31985.65
1775850772.083,-32891.60,-32957.90,-31985.65
1775850772.115,-32891.60,-32957.90,-31985.65
1775850772.136,-32891.60,-32957.90,-31985.65
1775850772.146,-32891.60,-32957.90,-31985.65
1775850772.162,-32891.60,-32957.90,-31985.65
1775850772.179,-32891.60,-32957.90,-31985.65
1775850772.196,-32891.60,-32957.90,-31985.65
1775850772.209,-32891.60,-32957.90,-31985.65
1775850772.209,-32891.60,-32957.90,-31985.65
1775850772.243,-32891.60,-32957.90,-31985.65
1775850772.261,-32891.60,-32957.90,-31985.65
1775850772.273,-32891.60,-32957.90,-31985.65
1775850772.307,-32891.60,-32957.90,-31985.65
1775850772.321,-32891.60,-32957.90,-31985.65
1775850772.336,-32891.60,-32957.90,-31985.65
1775850772.336,-32891.60,-32957.90,-31985.65
1775850772.370,-32891.60,-32957.90,-31985.65
1775850772.388,-32891.60,-32957.90,-31985.65
1775850772.402,-32891.60,-32957.90,-31985.65
1775850772.432,-32891.60,-32957.90,-31985.65
1775850772.447,-32891.60,-32957.90,-31985.65
1775850772.454,-32891.60,-32957.90,-31985.65
1775850772.479,-32891.60,-32957.90,-31985.65
1775850772.495,-32891.60,-32957.90,-31985.65
1775850772.496,-32891.60,-32957.90,-31985.65
1775850772.527,-32891.60,-32957.90,-31985.65
1775850772.543,-32891.60,-32957.90,-31985.65
1775850772.564,-32891.60,-32957.90,-31985.65
1775850772.587,-32891.60,-32957.90,-31985.65
1775850772.591,-32891.60,-32957.90,-31985.65
1775850772.623,-32891.60,-32957.90,-31985.65
1775850772.625,-32891.60,-32957.90,-31985.65
1775850772.655,-32891.60,-32957.90,-31985.65
1775850772.671,-32891.60,-32957.90,-31985.65
1775850772.690,-32891.60,-32957.90,-31985.65
1775850772.713,-32891.60,-32957.90,-31985.65
1775850772.718,-32891.60,-32957.90,-31985.65
1775850772.735,-32891.60,-32957.90,-31985.65
1775850772.770,-32891.60,-32957.90,-31985.65
1775850772.782,-32891.60,-32957.90,-31985.65
1775850772.798,-32891.60,-32957.90,-31985.65
1775850772.813,-32891.60,-32957.90,-31985.65
1775850772.827,-32891.60,-32957.90,-31985.65
1775850772.841,-32891.60,-32957.90,-31985.65
1775850772.847,-32891.60,-32957.90,-31985.65
1775850772.871,-32891.60,-32957.90,-31985.65
1775850772.879,-32891.60,-32957.90,-31985.65
1775850772.906,-32891.60,-32957.90,-31985.65
1775850772.908,-32891.60,-32957.90,-31985.65
1775850772.942,-32891.60,-32957.90,-31985.65
1775850772.956,-32891.60,-32957.90,-31985.65
1775850772.971,-32891.60,-32957.90,-31985.65
1775850772.977,-32891.60,-32957.90,-31985.65
1775850773.003,-32891.60,-32957.90,-31985.65
1775850773.017,-32891.60,-32957.90,-31985.65
1775850773.024,-32891.60,-32957.90,-31985.65
1775850773.051,-32891.60,-32957.90,-31985.65
1775850773.051,-32891.60,-32957.90,-31985.65
1775850773.090,-32891.60,-32957.90,-31985.65
1775850773.099,-32891.60,-32957.90,-31985.65
1775850773.115,-32891.60,-32957.90,-31985.65
1775850773.133,-32891.60,-32957.90,-31985.65
1775850773.147,-32891.60,-32957.90,-31985.65
1775850773.161,-32891.60,-32957.90,-31985.65
1775850773.172,-32891.60,-32957.90,-31985.65
1775850773.179,-32891.60,-32957.90,-31985.65
1775850773.197,-32891.60,-32957.90,-31985.65
1775850773.227,-32891.60,-32957.90,-31985.65
1775850773.240,-32891.60,-32957.90,-31985.65
1775850773.258,-32891.60,-32957.90,-31985.65
1775850773.272,-32891.60,-32957.90,-31985.65
1775850773.286,-32891.60,-32957.90,-31985.65
1775850773.288,-32891.60,-32957.90,-31985.65
1775850773.323,-32891.60,-32957.90,-31985.65
1775850773.336,-32891.60,-32957.90,-31985.65
1775850773.351,-32891.60,-32957.90,-31985.65
1775850773.352,-32891.60,-32957.90,-31985.65
1775850773.387,-32891.60,-32957.90,-31985.65
1775850773.403,-32891.60,-32957.90,-31985.65
1775850773.417,-32891.60,-32957.90,-31985.65
1775850773.425,-32891.60,-32957.90,-31985.65
1775850773.448,-32891.60,-32957.90,-31985.65
1775850773.451,-32891.60,-32957.90,-31985.65
1775850773.480,-32891.60,-32957.90,-31985.65
1775850773.495,-32891.60,-32957.90,-31985.65
1775850773.513,-32891.60,-32957.90,-31985.65
1775850773.527,-32891.60,-32957.90,-31985.65
1775850773.542,-32891.60,-32957.90,-31985.65
1775850773.556,-32891.60,-32957.90,-31985.65
1775850773.558,-32891.60,-32957.90,-31985.65
1775850773.592,-32891.60,-32957.90,-31985.65
1775850773.606,-32891.60,-32957.90,-31985.65
1775850773.606,-32891.60,-32957.90,-31985.65
1775850773.642,-32891.60,-32957.90,-31985.65
1775850773.661,-32891.60,-32957.90,-31985.65
1775850773.673,-32891.60,-32957.90,-31985.65
1775850773.689,-32891.60,-32957.90,-31985.65
1775850773.702,-32891.60,-32957.90,-31985.65
1775850773.717,-32891.60,-32957.90,-31985.65
1775850773.732,-32891.60,-32957.90,-31985.65
1775850773.740,-32891.60,-32957.90,-31985.65
1775850773.748,-32891.60,-32957.90,-31985.65
1775850773.787,-32891.60,-32957.90,-31985.65
1775850773.796,-32891.60,-32957.90,-31985.65
1775850773.812,-32891.60,-32957.90,-31985.65
1775850773.830,-32891.60,-32957.90,-31985.65
1775850773.845,-32891.60,-32957.90,-31985.65
1775850773.859,-32891.60,-32957.90,-31985.65
1775850773.873,-32891.60,-32957.90,-31985.65
1775850773.875,-32891.60,-32957.90,-31985.65
1775850773.911,-32891.60,-32957.90,-31985.65
1775850773.922,-32891.60,-32957.90,-31985.65
1775850773.938,-32891.60,-32957.90,-31985.65
1775850773.954,-32891.60,-32957.90,-31985.65
1775850773.954,-32891.60,-32957.90,-31985.65
1775850773.987,-32891.60,-32957.90,-31985.65
1775850774.002,-32891.60,-32957.90,-31985.65
1775850774.019,-32891.60,-32957.90,-31985.65
1775850774.056,-32891.60,-32957.90,-31985.65
1775850774.073,-32891.60,-32957.90,-31985.65
1775850774.085,-32891.60,-32957.90,-31985.65
1775850774.101,-32891.60,-32957.90,-31985.65
1775850774.114,-32891.60,-32957.90,-31985.65
1775850774.130,-32891.60,-32957.90,-31985.65
1775850774.130,-32891.60,-32957.90,-31985.65
1775850774.169,-32891.60,-32957.90,-31985.65
1775850774.178,-32891.60,-32957.90,-31985.65
1775850774.196,-32891.60,-32957.90,-31985.65
1775850774.212,-32891.60,-32957.90,-31985.65
1775850774.226,-32891.60,-32957.90,-31985.65
1775850774.241,-32891.60,-32957.90,-31985.65
1775850774.244,-32891.60,-32957.90,-31985.65
1775850774.277,-32891.60,-32957.90,-31985.65
1775850774.291,-32891.60,-32957.90,-31985.65
1775850774.305,-32891.60,-32957.90,-31985.65
1775850774.306,-32891.60,-32957.90,-31985.65
1775850774.340,-32891.60,-32957.90,-31985.65
1775850774.357,-32891.60,-32957.90,-31985.65
1775850774.369,-32891.60,-32957.90,-31985.65
1775850774.384,-32891.60,-32957.90,-31985.65
1775850774.384,-32891.60,-32957.90,-31985.65
1775850774.424,-32891.60,-32957.90,-31985.65
1775850774.432,-32891.60,-32957.90,-31985.65
1775850774.448,-32891.60,-32957.90,-31985.65
1775850774.464,-32891.60,-32957.90,-31985.65
1775850774.487,-32891.60,-32957.90,-31985.65
1775850774.503,-32891.60,-32957.90,-31985.65
1775850774.513,-32891.60,-32957.90,-31985.65
1775850774.529,-32891.60,-32957.90,-31985.65
1775850774.545,-32891.60,-32957.90,-31985.65
1775850774.559,-32891.60,-32957.90,-31985.65
1775850774.572,-32891.60,-32957.90,-31985.65
1775850774.587,-32891.60,-32957.90,-31985.65
1775850774.592,-32891.60,-32957.90,-31985.65
1775850774.607,-32891.60,-32957.90,-31985.65
1775850774.637,-32891.60,-32957.90,-31985.65
1775850774.654,-32891.60,-32957.90,-31985.65
1775850774.674,-32891.60,-32957.90,-31985.65
1775850774.705,-32891.60,-32957.90,-31985.65
1775850774.716,-32891.60,-32957.90,-31985.65
1775850774.732,-32891.60,-32957.90,-31985.65
1775850774.735,-32891.60,-32957.90,-31985.65
1775850774.765,-32891.60,-32957.90,-31985.65
1775850774.781,-32891.60,-32957.90,-31985.65
1775850774.798,-32891.60,-32957.90,-31985.65
1775850774.812,-32891.60,-32957.90,-31985.65
1775850774.826,-32891.60,-32957.90,-31985.65
1775850774.828,-32891.60,-32957.90,-31985.65
1775850774.863,-32891.60,-32957.90,-31985.65
1775850774.877,-32891.60,-32957.90,-31985.65
1775850774.891,-32891.60,-32957.90,-31985.65
1775850774.891,-32891.60,-32957.90,-31985.65
1775850774.927,-32891.60,-32957.90,-31985.65
1775850774.944,-32891.60,-32957.90,-31985.65
1775850774.955,-32891.60,-32957.90,-31985.65
1775850774.972,-32891.60,-32957.90,-31985.65
1775850774.974,-32891.60,-32957.90,-31985.65
1775850775.008,-32891.60,-32957.90,-31985.65
1775850775.021,-32891.60,-32957.90,-31985.65
1775850775.035,-32891.60,-32957.90,-31985.65
1775850775.035,-32891.60,-32957.90,-31985.65
1775850775.075,-32891.60,-32957.90,-31985.65
1775850775.084,-32891.60,-32957.90,-31985.65
1775850775.105,-32891.60,-32957.90,-31985.65
1775850775.118,-32891.60,-32957.90,-31985.65
1775850775.134,-32891.60,-32957.90,-31985.65
1775850775.148,-32891.60,-32957.90,-31985.65
1775850775.153,-32891.60,-32957.90,-31985.65
1775850775.179,-32891.60,-32957.90,-31985.65
1775850775.196,-32891.60,-32957.90,-31985.65
1775850775.210,-32891.60,-32957.90,-31985.65
1775850775.210,-32891.60,-32957.90,-31985.65
1775850775.245,-32891.60,-32957.90,-31985.65
1775850775.266,-32891.60,-32957.90,-31985.65
1775850775.275,-32891.60,-32957.90,-31985.65
1775850775.289,-32891.60,-32957.90,-31985.65
1775850775.310,-32891.60,-32957.90,-31985.65
1775850775.326,-32891.60,-32957.90,-31985.65
1775850775.338,-32891.60,-32957.90,-31985.65
1775850775.353,-32891.60,-32957.90,-31985.65
1775850775.353,-32891.60,-32957.90,-31985.65
1775850775.393,-32891.60,-32957.90,-31985.65
1775850775.401,-32891.60,-32957.90,-31985.65
1775850775.420,-32891.60,-32957.90,-31985.65
1775850775.437,-32891.60,-32957.90,-31985.65
1775850775.451,-32891.60,-32957.90,-31985.65
1775850775.465,-32891.60,-32957.90,-31985.65
1775850775.475,-32891.60,-32957.90,-31985.65
1775850775.480,-32891.60,-32957.90,-31985.65
1775850775.512,-32891.60,-32957.90,-31985.65
1775850775.527,-32891.60,-32957.90,-31985.65
1775850775.530,-32891.60,-32957.90,-31985.65
1775850775.563,-32891.60,-32957.90,-31985.65
1775850775.576,-32891.60,-32957.90,-31985.65
1775850775.591,-32891.60,-32957.90,-31985.65
1775850775.591,-32891.60,-32957.90,-31985.65
1775850775.626,-32891.60,-32957.90,-31985.65
1775850775.645,-32891.60,-32957.90,-31985.65
1775850775.656,-32891.60,-32957.90,-31985.65
1775850775.672,-32891.60,-32957.90,-31985.65
1775850775.688,-32891.60,-32957.90,-31985.65
1775850775.702,-32891.60,-32957.90,-31985.65
1775850775.713,-32891.60,-32957.90,-31985.65
1775850775.718,-32891.60,-32957.90,-31985.65
1775850775.735,-32891.60,-32957.90,-31985.65
1775850775.773,-32891.60,-32957.90,-31985.65
1775850775.782,-32891.60,-32957.90,-31985.65
1775850775.797,-32891.60,-32957.90,-31985.65
1775850775.817,-32891.60,-32957.90,-31985.65
1775850775.834,-32891.60,-32957.90,-31985.65
1775850775.845,-32891.60,-32957.90,-31985.65
1775850775.862,-32891.60,-32957.90,-31985.65
1775850775.875,-32891.60,-32957.90,-31985.65
1775850775.882,-32891.60,-32957.90,-31985.65
1775850775.909,-32891.60,-32957.90,-31985.65
1775850775.909,-32891.60,-32957.90,-31985.65
1775850775.945,-32891.60,-32957.90,-31985.65
1775850775.962,-32891.60,-32957.90,-31985.65
1775850775.976,-32891.60,-32957.90,-31985.65
1775850775.990,-32891.60,-32957.90,-31985.65
1775850775.990,-32891.60,-32957.90,-31985.65
1775850776.029,-32891.60,-32957.90,-31985.65
1775850776.037,-32891.60,-32957.90,-31985.65
1775850776.052,-32891.60,-32957.90,-31985.65
1775850776.076,-32891.60,-32957.90,-31985.65
1775850776.091,-32891.60,-32957.90,-31985.65
1775850776.101,-32891.60,-32957.90,-31985.65
1775850776.116,-32891.60,-32957.90,-31985.65
1775850776.134,-32891.60,-32957.90,-31985.65
1775850776.148,-32891.60,-32957.90,-31985.65
1775850776.162,-32891.60,-32957.90,-31985.65
1775850776.176,-32891.60,-32957.90,-31985.65
1775850776.191,-32891.60,-32957.90,-31985.65
1775850776.199,-32891.60,-32957.90,-31985.65
1775850776.222,-32891.60,-32957.90,-31985.65
1775850776.236,-32891.60,-32957.90,-31985.65
1775850776.250,-32891.60,-32957.90,-31985.65
1775850776.263,-32891.60,-32957.90,-31985.65
1775850776.276,-32891.60,-32957.90,-31985.65
1775850776.292,-32891.60,-32957.90,-31985.65
1775850776.304,-32891.60,-32957.90,-31985.65
1775850776.319,-32891.60,-32957.90,-31985.65
1775850776.329,-32891.60,-32957.90,-31985.65
1775850776.341,-32891.60,-32957.90,-31985.65
1775850776.368,-32891.60,-32957.90,-31985.65
1775850776.376,-32891.60,-32957.90,-31985.65
1775850776.389,-32891.60,-32957.90,-31985.65
1775850776.422,-32891.60,-32957.90,-31985.65
1775850776.436,-32891.60,-32957.90,-31985.65
1775850776.450,-32891.60,-32957.90,-31985.65
1775850776.453,-32891.60,-32957.90,-31985.65
1775850776.486,-32891.60,-32957.90,-31985.65
1775850776.498,-32891.60,-32957.90,-31985.65
1775850776.514,-32891.60,-32957.90,-31985.65
1775850776.529,-32891.60,-32957.90,-31985.65
1775850776.532,-32891.60,-32957.90,-31985.65
1775850776.563,-32891.60,-32957.90,-31985.65
1775850776.579,-32891.60,-32957.90,-31985.65
1775850776.593,-32891.60,-32957.90,-31985.65
1775850776.607,-32891.60,-32957.90,-31985.65
1775850776.621,-32891.60,-32957.90,-31985.65
1775850776.635,-32891.60,-32957.90,-31985.65
1775850776.648,-32891.60,-32957.90,-31985.65
1775850776.662,-32891.60,-32957.90,-31985.65
1775850776.676,-32891.60,-32957.90,-31985.65
1775850776.687,-32891.60,-32957.90,-31985.65
1775850776.704,-32891.60,-32957.90,-31985.65
1775850776.719,-32891.60,-32957.90,-31985.65
1775850776.719,-32891.60,-32957.90,-31985.65
1775850776.753,-32891.60,-32957.90,-31985.65
1775850776.775,-32891.60,-32957.90,-31985.65
1775850776.784,-32891.60,-32957.90,-31985.65
1775850776.801,-32891.60,-32957.90,-31985.65
1775850776.816,-32891.60,-32957.90,-31985.65
1775850776.832,-32891.60,-32957.90,-31985.65
1775850776.846,-32891.60,-32957.90,-31985.65
1775850776.846,-32891.60,-32957.90,-31985.65
1775850776.878,-32891.60,-32957.90,-31985.65
1775850776.901,-32891.60,-32957.90,-31985.65
1775850776.910,-32891.60,-32957.90,-31985.65
1775850776.942,-32891.60,-32957.90,-31985.65
1775850776.943,-32891.60,-32957.90,-31985.65
1775850776.977,-32891.60,-32957.90,-31985.65
1775850776.989,-32891.60,-32957.90,-31985.65
1775850777.006,-32891.60,-32957.90,-31985.65
1775850777.023,-32891.60,-32957.90,-31985.65
1775850777.037,-32891.60,-32957.90,-31985.65
1775850777.044,-32891.60,-32957.90,-31985.65
1775850777.068,-32891.60,-32957.90,-31985.65
1775850777.077,-32891.60,-32957.90,-31985.65
1775850777.100,-32891.60,-32957.90,-31985.65
1775850777.100,-32891.60,-32957.90,-31985.65
1775850777.131,-32891.60,-32957.90,-31985.65
1775850777.158,-32891.60,-32957.90,-31985.65
1775850777.166,-32891.60,-32957.90,-31985.65
1775850777.188,-32891.60,-32957.90,-31985.65
1775850777.197,-32891.60,-32957.90,-31985.65
1775850777.218,-32891.60,-32957.90,-31985.65
1775850777.233,-32891.60,-32957.90,-31985.65
1775850777.247,-32891.60,-32957.90,-31985.65
1775850777.260,-32891.60,-32957.90,-31985.65
1775850777.275,-32891.60,-32957.90,-31985.65
1775850777.289,-32891.60,-32957.90,-31985.65
1775850777.293,-32891.60,-32957.90,-31985.65
1775850777.324,-32891.60,-32957.90,-31985.65
1775850777.338,-32891.60,-32957.90,-31985.65
1775850777.345,-32891.60,-32957.90,-31985.65
1775850777.369,-32891.60,-32957.90,-31985.65
1775850777.377,-32891.60,-32957.90,-31985.65
1775850777.400,-32891.60,-32957.90,-31985.65
1775850777.417,-32891.60,-32957.90,-31985.65
1775850777.424,-32891.60,-32957.90,-31985.65
1775850777.447,-32891.60,-32957.90,-31985.65
1775850777.463,-32891.60,-32957.90,-31985.65
1775850777.477,-32891.60,-32957.90,-31985.65
1775850777.493,-32891.60,-32957.90,-31985.65
1775850777.501,-32891.60,-32957.90,-31985.65
1775850777.518,-32891.60,-32957.90,-31985.65
1775850777.527,-32891.60,-32957.90,-31985.65
1775850777.562,-32891.60,-32957.90,-31985.65
1775850777.577,-32891.60,-32957.90,-31985.65
1775850777.589,-32891.60,-32957.90,-31985.65
1775850777.609,-32891.60,-32957.90,-31985.65
1775850777.623,-32891.60,-32957.90,-31985.65
1775850777.637,-32891.60,-32957.90,-31985.65
1775850777.637,-32891.60,-32957.90,-31985.65
1775850777.676,-32891.60,-32957.90,-31985.65
1775850777.689,-32891.60,-32957.90,-31985.65
1775850777.700,-32891.60,-32957.90,-31985.65
1775850777.716,-32891.60,-32957.90,-31985.65
1775850777.731,-32891.60,-32957.90,-31985.65
1775850777.746,-32891.60,-32957.90,-31985.65
1775850777.750,-32891.60,-32957.90,-31985.65
1775850777.779,-32891.60,-32957.90,-31985.65
1775850777.795,-32891.60,-32957.90,-31985.65
1775850777.810,-32891.60,-32957.90,-31985.65
1775850777.819,-32891.60,-32957.90,-31985.65
1775850777.827,-32891.60,-32957.90,-31985.65
1775850777.863,-32891.60,-32957.90,-31985.65
1775850777.877,-32891.60,-32957.90,-31985.65
1775850777.890,-32891.60,-32957.90,-31985.65
1775850777.892,-32891.60,-32957.90,-31985.65
1775850777.929,-32891.60,-32957.90,-31985.65
1775850777.943,-32891.60,-32957.90,-31985.65
1775850777.953,-32891.60,-32957.90,-31985.65
1775850777.972,-32891.60,-32957.90,-31985.65
1775850777.985,-32891.60,-32957.90,-31985.65
1775850778.000,-32891.60,-32957.90,-31985.65
1775850778.005,-32891.60,-32957.90,-31985.65
1775850778.034,-32891.60,-32957.90,-31985.65
1775850778.036,-32891.60,-32957.90,-31985.65
1775850778.070,-32891.60,-32957.90,-31985.65
1775850778.081,-32891.60,-32957.90,-31985.65
1775850778.098,-32891.60,-32957.90,-31985.65
1775850778.113,-32891.60,-32957.90,-31985.65
1775850778.128,-32891.60,-32957.90,-31985.65
1775850778.143,-32891.60,-32957.90,-31985.65
1775850778.146,-32891.60,-32957.90,-31985.65
1775850778.179,-32891.60,-32957.90,-31985.65
1775850778.193,-32891.60,-32957.90,-31985.65
1775850778.206,-32891.60,-32957.90,-31985.65
1775850778.206,-32891.60,-32957.90,-31985.65
1775850778.247,-32891.60,-32957.90,-31985.65
1775850778.258,-32891.60,-32957.90,-31985.65
1775850778.269,-32891.60,-32957.90,-31985.65
1775850778.287,-32891.60,-32957.90,-31985.65
1775850778.303,-32891.60,-32957.90,-31985.65
1775850778.317,-32891.60,-32957.90,-31985.65
1775850778.323,-32891.60,-32957.90,-31985.65
1775850778.348,-32891.60,-32957.90,-31985.65
1775850778.364,-32891.60,-32957.90,-31985.65
1775850778.379,-32891.60,-32957.90,-31985.65
1775850778.390,-32891.60,-32957.90,-31985.65
1775850778.407,-32891.60,-32957.90,-31985.65
1775850778.411,-32891.60,-32957.90,-31985.65
1775850778.441,-32891.60,-32957.90,-31985.65
1775850778.448,-32891.60,-32957.90,-31985.65
1775850778.474,-32891.60,-32957.90,-31985.65
1775850778.478,-32891.60,-32957.90,-31985.65
1775850778.510,-32891.60,-32957.90,-31985.65
1775850778.524,-32891.60,-32957.90,-31985.65
1775850778.537,-32891.60,-32957.90,-31985.65
1775850778.537,-32891.60,-32957.90,-31985.65
1775850778.576,-32891.60,-32957.90,-31985.65
1775850778.589,-32891.60,-32957.90,-31985.65
1775850778.601,-32891.60,-32957.90,-31985.65
1775850778.619,-32891.60,-32957.90,-31985.65
1775850778.633,-32891.60,-32957.90,-31985.65
1775850778.635,-32891.60,-32957.90,-31985.65
1775850778.664,-32891.60,-32957.90,-31985.65
1775850778.686,-32891.60,-32957.90,-31985.65
1775850778.696,-32891.60,-32957.90,-31985.65
1775850778.712,-32891.60,-32957.90,-31985.65
1775850778.728,-32891.60,-32957.90,-31985.65
1775850778.728,-32891.60,-32957.90,-31985.65
1775850778.759,-32891.60,-32957.90,-31985.65
1775850778.779,-32891.60,-32957.90,-31985.65
1775850778.793,-32891.60,-32957.90,-31985.65
1775850778.825,-32891.60,-32957.90,-31985.65
1775850778.837,-32891.60,-32957.90,-31985.65
1775850778.854,-32891.60,-32957.90,-31985.65
1775850778.869,-32891.60,-32957.90,-31985.65
1775850778.879,-32891.60,-32957.90,-31985.65
1775850778.899,-32891.60,-32957.90,-31985.65
1775850778.908,-32891.60,-32957.90,-31985.65
1775850778.928,-32891.60,-32957.90,-31985.65
1775850778.941,-32891.60,-32957.90,-31985.65
1775850778.956,-32891.60,-32957.90,-31985.65
1775850778.970,-32891.60,-32957.90,-31985.65
1775850778.980,-32891.60,-32957.90,-31985.65
1775850778.995,-32891.60,-32957.90,-31985.65
1775850779.011,-32891.60,-32957.90,-31985.65
1775850779.026,-32891.60,-32957.90,-31985.65
1775850779.030,-32891.60,-32957.90,-31985.65
1775850779.058,-32891.60,-32957.90,-31985.65
1775850779.074,-32891.60,-32957.90,-31985.65
1775850779.089,-32891.60,-32957.90,-31985.65
1775850779.096,-32891.60,-32957.90,-31985.65
1775850779.106,-32891.60,-32957.90,-31985.65
1775850779.145,-32891.60,-32957.90,-31985.65
1775850779.159,-32891.60,-32957.90,-31985.65
1775850779.169,-32891.60,-32957.90,-31985.65
1775850779.185,-32891.60,-32957.90,-31985.65
1775850779.201,-32891.60,-32957.90,-31985.65
1775850779.215,-32891.60,-32957.90,-31985.65
1775850779.220,-32891.60,-32957.90,-31985.65
1775850779.248,-32891.60,-32957.90,-31985.65
1775850779.249,-32891.60,-32957.90,-31985.65
1775850779.286,-32891.60,-32957.90,-31985.65
1775850779.298,-32891.60,-32957.90,-31985.65
1775850779.312,-32891.60,-32957.90,-31985.65
1775850779.328,-32891.60,-32957.90,-31985.65
1775850779.343,-32891.60,-32957.90,-31985.65
1775850779.347,-32891.60,-32957.90,-31985.65
1775850779.376,-32891.60,-32957.90,-31985.65
1775850779.379,-32891.60,-32957.90,-31985.65
1775850779.413,-32891.60,-32957.90,-31985.65
1775850779.424,-32891.60,-32957.90,-31985.65
1775850779.440,-32891.60,-32957.90,-31985.65
1775850779.456,-32891.60,-32957.90,-31985.65
1775850779.470,-32891.60,-32957.90,-31985.65
1775850779.484,-32891.60,-32957.90,-31985.65
1775850779.492,-32891.60,-32957.90,-31985.65
1775850779.504,-32891.60,-32957.90,-31985.65
1775850779.535,-32891.60,-32957.90,-31985.65
1775850779.540,-32891.60,-32957.90,-31985.65
1775850779.567,-32891.60,-32957.90,-31985.65
1775850779.583,-32891.60,-32957.90,-31985.65
1775850779.597,-32891.60,-32957.90,-31985.65
1775850779.605,-32891.60,-32957.90,-31985.65
1775850779.613,-32891.60,-32957.90,-31985.65
1775850779.652,-32891.60,-32957.90,-31985.65
1775850779.665,-32891.60,-32957.90,-31985.65
1775850779.679,-32891.60,-32957.90,-31985.65
1775850779.695,-32891.60,-32957.90,-31985.65
1775850779.709,-32891.60,-32957.90,-31985.65
1775850779.723,-32891.60,-32957.90,-31985.65
1775850779.727,-32891.60,-32957.90,-31985.65
1775850779.756,-32891.60,-32957.90,-31985.65
1775850779.772,-32891.60,-32957.90,-31985.65
1775850779.786,-32891.60,-32957.90,-31985.65
1775850779.792,-32891.60,-32957.90,-31985.65
1775850779.805,-32891.60,-32957.90,-31985.65
1775850779.843,-32891.60,-32957.90,-31985.65
1775850779.857,-32891.60,-32957.90,-31985.65
1775850779.867,-32891.60,-32957.90,-31985.65
1775850779.883,-32891.60,-32957.90,-31985.65
1775850779.899,-32891.60,-32957.90,-31985.65
1775850779.913,-32891.60,-32957.90,-31985.65
1775850779.920,-32891.60,-32957.90,-31985.65
1775850779.940,-32891.60,-32957.90,-31985.65
1775850779.953,-32891.60,-32957.90,-31985.65
1775850779.976,-32891.60,-32957.90,-31985.65
1775850779.985,-32891.60,-32957.90,-31985.65
1775850779.993,-32891.60,-32957.90,-31985.65
1775850780.028,-32891.60,-32957.90,-31985.65
1775850780.042,-32891.60,-32957.90,-31985.65
1775850780.056,-32891.60,-32957.90,-31985.65
1775850780.057,-32891.60,-32957.90,-31985.65
1775850780.088,-32891.60,-32957.90,-31985.65
1775850780.111,-32891.60,-32957.90,-31985.65
1775850780.119,-32891.60,-32957.90,-31985.65
1775850780.135,-32891.60,-32957.90,-31985.65
1775850780.151,-32891.60,-32957.90,-31985.65
1775850780.173,-32891.60,-32957.90,-31985.65
1775850780.183,-32891.60,-32957.90,-31985.65
1775850780.200,-32891.60,-32957.90,-31985.65
1775850780.240,-32891.60,-32957.90,-31985.65
1775850780.254,-32891.60,-32957.90,-31985.65
1775850780.263,-32891.60,-32957.90,-31985.65
1775850780.280,-32891.60,-32957.90,-31985.65
1775850780.297,-32891.60,-32957.90,-31985.65
1775850780.311,-32891.60,-32957.90,-31985.65
1775850780.313,-32891.60,-32957.90,-31985.65
1775850780.342,-32891.60,-32957.90,-31985.65
1775850780.363,-32891.60,-32957.90,-31985.65
1775850780.374,-32891.60,-32957.90,-31985.65
1775850780.391,-32891.60,-32957.90,-31985.65
1775850780.406,-32891.60,-32957.90,-31985.65
1775850780.422,-32891.60,-32957.90,-31985.65
1775850780.429,-32891.60,-32957.90,-31985.65
1775850780.453,-32891.60,-32957.90,-31985.65
1775850780.469,-32891.60,-32957.90,-31985.65
1775850780.480,-32891.60,-32957.90,-31985.65
1775850780.490,-32891.60,-32957.90,-31985.65
1775850780.517,-32891.60,-32957.90,-31985.65
1775850780.517,-32891.60,-32957.90,-31985.65
1775850780.554,-32891.60,-32957.90,-31985.65
1775850780.564,-32891.60,-32957.90,-31985.65
1775850780.581,-32891.60,-32957.90,-31985.65
1775850780.596,-32891.60,-32957.90,-31985.65
1775850780.612,-32891.60,-32957.90,-31985.65
1775850780.620,-32891.60,-32957.90,-31985.65
1775850780.644,-32891.60,-32957.90,-31985.65
1775850780.659,-32891.60,-32957.90,-31985.65
1775850780.659,-32891.60,-32957.90,-31985.65
1775850780.691,-32891.60,-32957.90,-31985.65
1775850780.708,-32891.60,-32957.90,-31985.65
1775850780.739,-32891.60,-32957.90,-31985.65
1775850780.747,-32891.60,-32957.90,-31985.65
1775850780.771,-32891.60,-32957.90,-31985.65
1775850780.781,-32891.60,-32957.90,-31985.65
1775850780.797,-32891.60,-32957.90,-31985.65
1775850780.811,-32891.60,-32957.90,-31985.65
1775850780.819,-32891.60,-32957.90,-31985.65
1775850780.836,-32891.60,-32957.90,-31985.65
1775850780.851,-32891.60,-32957.90,-31985.65
1775850780.883,-32891.60,-32957.90,-31985.65
1775850780.899,-32891.60,-32957.90,-31985.65
1775850780.914,-32891.60,-32957.90,-31985.65
1775850780.946,-32891.60,-32957.90,-31985.65
1775850780.964,-32891.60,-32957.90,-31985.65
1775850780.982,-32891.60,-32957.90,-31985.65
1775850781.010,-32891.60,-32957.90,-31985.65
1775850781.025,-32891.60,-32957.90,-31985.65
1775850781.042,-32891.60,-32957.90,-31985.65
1775850781.075,-32891.60,-32957.90,-31985.65
1775850781.089,-32891.60,-32957.90,-31985.65
1775850781.093,-32891.60,-32957.90,-31985.65
1775850781.125,-32891.60,-32957.90,-31985.65
1775850781.136,-32891.60,-32957.90,-31985.65
1775850781.152,-32891.60,-32957.90,-31985.65
1775850781.168,-32891.60,-32957.90,-31985.65
1775850781.182,-32891.60,-32957.90,-31985.65
1775850781.191,-32891.60,-32957.90,-31985.65
1775850781.200,-32891.60,-32957.90,-31985.65
1775850781.238,-32891.60,-32957.90,-31985.65
1775850781.256,-32891.60,-32957.90,-31985.65
1775850781.264,-32891.60,-32957.90,-31985.65
1775850781.282,-32891.60,-32957.90,-31985.65
1775850781.297,-32891.60,-32957.90,-31985.65
1775850781.317,-32891.60,-32957.90,-31985.65
1775850781.328,-32891.60,-32957.90,-31985.65
1775850781.345,-32891.60,-32957.90,-31985.65
1775850781.345,-32891.60,-32957.90,-31985.65
1775850781.382,-32891.60,-32957.90,-31985.65
1775850781.391,-32891.60,-32957.90,-31985.65
1775850781.407,-32891.60,-32957.90,-31985.65
1775850781.423,-32891.60,-32957.90,-31985.65
1775850781.447,-32891.60,-32957.90,-31985.65
1775850781.456,-32891.60,-32957.90,-31985.65
1775850781.488,-32891.60,-32957.90,-31985.65
1775850781.506,-32891.60,-32957.90,-31985.65
1775850781.520,-32891.60,-32957.90,-31985.65
1775850781.520,-32891.60,-32957.90,-31985.65
1775850781.551,-32891.60,-32957.90,-31985.65
1775850781.578,-32891.60,-32957.90,-31985.65
1775850781.587,-32891.60,-32957.90,-31985.65
1775850781.607,-32891.60,-32957.90,-31985.65
1775850781.620,-32891.60,-32957.90,-31985.65
1775850781.635,-32891.60,-32957.90,-31985.65
1775850781.645,-32891.60,-32957.90,-31985.65
1775850781.661,-32891.60,-32957.90,-31985.65
1775850781.677,-32891.60,-32957.90,-31985.65
1775850781.682,-32891.60,-32957.90,-31985.65
1775850781.710,-32891.60,-32957.90,-31985.65
1775850781.724,-32891.60,-32957.90,-31985.65
1775850781.740,-32891.60,-32957.90,-31985.65
1775850781.740,-32891.60,-32957.90,-31985.65
1775850781.776,-32891.60,-32957.90,-31985.65
1775850781.788,-32891.60,-32957.90,-31985.65
1775850781.804,-32891.60,-32957.90,-31985.65
1775850781.834,-32891.60,-32957.90,-31985.65
1775850781.842,-32891.60,-32957.90,-31985.65
1775850781.851,-32891.60,-32957.90,-31985.65
1775850781.890,-32891.60,-32957.90,-31985.65
1775850781.902,-32891.60,-32957.90,-31985.65
1775850781.914,-32891.60,-32957.90,-31985.65
1775850781.929,-32891.60,-32957.90,-31985.65
1775850781.947,-32891.60,-32957.90,-31985.65
1775850781.961,-32891.60,-32957.90,-31985.65
1775850781.963,-32891.60,-32957.90,-31985.65
1775850781.993,-32891.60,-32957.90,-31985.65
1775850782.012,-32891.60,-32957.90,-31985.65
1775850782.024,-32891.60,-32957.90,-31985.65
1775850782.039,-32891.60,-32957.90,-31985.65
1775850782.055,-32891.60,-32957.90,-31985.65
1775850782.072,-32891.60,-32957.90,-31985.65
1775850782.087,-32891.60,-32957.90,-31985.65
1775850782.087,-32891.60,-32957.90,-31985.65
1775850782.119,-32891.60,-32957.90,-31985.65
1775850782.142,-32891.60,-32957.90,-31985.65
1775850782.155,-32891.60,-32957.90,-31985.65
1775850782.166,-32891.60,-32957.90,-31985.65
1775850782.205,-32891.60,-32957.90,-31985.65
1775850782.213,-32891.60,-32957.90,-31985.65
1775850782.230,-32891.60,-32957.90,-31985.65
1775850782.245,-32891.60,-32957.90,-31985.65
1775850782.268,-32891.60,-32957.90,-31985.65
1775850782.277,-32891.60,-32957.90,-31985.65
1775850782.293,-32891.60,-32957.90,-31985.65
1775850782.309,-32891.60,-32957.90,-31985.65
1775850782.328,-32891.60,-32957.90,-31985.65
1775850782.341,-32891.60,-32957.90,-31985.65
1775850782.356,-32891.60,-32957.90,-31985.65
1775850782.356,-32891.60,-32957.90,-31985.65
1775850782.393,-32891.60,-32957.90,-31985.65
1775850782.404,-32891.60,-32957.90,-31985.65
1775850782.420,-32891.60,-32957.90,-31985.65
1775850782.436,-32891.60,-32957.90,-31985.65
1775850782.452,-32891.60,-32957.90,-31985.65
1775850782.458,-32891.60,-32957.90,-31985.65
1775850782.485,-32891.60,-32957.90,-31985.65
1775850782.499,-32891.60,-32957.90,-31985.65
1775850782.503,-32891.60,-32957.90,-31985.65
1775850782.531,-32891.60,-32957.90,-31985.65
1775850782.548,-32891.60,-32957.90,-31985.65
1775850782.563,-32891.60,-32957.90,-31985.65
1775850782.579,-32891.60,-32957.90,-31985.65
1775850782.593,-32891.60,-32957.90,-31985.65
1775850782.597,-32891.60,-32957.90,-31985.65
1775850782.626,-32891.60,-32957.90,-31985.65
1775850782.641,-32891.60,-32957.90,-31985.65
1775850782.656,-32891.60,-32957.90,-31985.65
1775850782.670,-32891.60,-32957.90,-31985.65
1775850782.679,-32891.60,-32957.90,-31985.65
1775850782.688,-32891.60,-32957.90,-31985.65
1775850782.720,-32891.60,-32957.90,-31985.65
1775850782.724,-32891.60,-32957.90,-31985.65
1775850782.752,-32891.60,-32957.90,-31985.65
1775850782.769,-32891.60,-32957.90,-31985.65
1775850782.783,-32891.60,-32957.90,-31985.65
1775850782.787,-32891.60,-32957.90,-31985.65
1775850782.815,-32891.60,-32957.90,-31985.65
1775850782.832,-32891.60,-32957.90,-31985.65
1775850782.846,-32891.60,-32957.90,-31985.65
1775850782.854,-32891.60,-32957.90,-31985.65
1775850782.862,-32891.60,-32957.90,-31985.65
1775850782.900,-32891.60,-32957.90,-31985.65
1775850782.913,-32891.60,-32957.90,-31985.65
1775850782.926,-32891.60,-32957.90,-31985.65
1775850782.941,-32891.60,-32957.90,-31985.65
1775850782.950,-32891.60,-32957.90,-31985.65
1775850782.972,-32891.60,-32957.90,-31985.65
1775850782.985,-32891.60,-32957.90,-31985.65
1775850782.988,-32891.60,-32957.90,-31985.65
1775850783.021,-32891.60,-32957.90,-31985.65
1775850783.035,-32891.60,-32957.90,-31985.65
1775850783.040,-32891.60,-32957.90,-31985.65
1775850783.068,-32891.60,-32957.90,-31985.65
1775850783.068,-32891.60,-32957.90,-31985.65
1775850783.104,-32891.60,-32957.90,-31985.65
1775850783.115,-32891.60,-32957.90,-31985.65
1775850783.133,-32891.60,-32957.90,-31985.65
1775850783.160,-32891.60,-32957.90,-31985.65
1775850783.174,-32891.60,-32957.90,-31985.65
1775850783.185,-32891.60,-32957.90,-31985.65
1775850783.202,-32891.60,-32957.90,-31985.65
1775850783.217,-32891.60,-32957.90,-31985.65
1775850783.231,-32891.60,-32957.90,-31985.65
1775850783.243,-32891.60,-32957.90,-31985.65
1775850783.259,-32891.60,-32957.90,-31985.65
1775850783.259,-32891.60,-32957.90,-31985.65
1775850783.291,-32891.60,-32957.90,-31985.65
1775850783.307,-32891.60,-32957.90,-31985.65
1775850783.323,-32891.60,-32957.90,-31985.65
1775850783.359,-32891.60,-32957.90,-31985.65
1775850783.370,-32891.60,-32957.90,-31985.65
1775850783.386,-32891.60,-32957.90,-31985.65
1775850783.401,-32891.60,-32957.90,-31985.65
1775850783.409,-32891.60,-32957.90,-31985.65
1775850783.434,-32891.60,-32957.90,-31985.65
1775850783.434,-32891.60,-32957.90,-31985.65
1775850783.473,-32891.60,-32957.90,-31985.65
1775850783.486,-32891.60,-32957.90,-31985.65
1775850783.496,-32891.60,-32957.90,-31985.65
1775850783.514,-32891.60,-32957.90,-31985.65
1775850783.529,-32891.60,-32957.90,-31985.65
1775850783.543,-32891.60,-32957.90,-31985.65
1775850783.548,-32891.60,-32957.90,-31985.65
1775850783.575,-32891.60,-32957.90,-31985.65
1775850783.591,-32891.60,-32957.90,-31985.65
1775850783.606,-32891.60,-32957.90,-31985.65
1775850783.611,-32891.60,-32957.90,-31985.65
1775850783.638,-32891.60,-32957.90,-31985.65
1775850783.654,-32891.60,-32957.90,-31985.65
1775850783.669,-32891.60,-32957.90,-31985.65
1775850783.674,-32891.60,-32957.90,-31985.65
1775850783.703,-32891.60,-32957.90,-31985.65
1775850783.717,-32891.60,-32957.90,-31985.65
1775850783.733,-32891.60,-32957.90,-31985.65
1775850783.746,-32891.60,-32957.90,-31985.65
1775850783.757,-32891.60,-32957.90,-31985.65
1775850783.769,-32891.60,-32957.90,-31985.65
1775850783.789,-32891.60,-32957.90,-31985.65
1775850783.797,-32891.60,-32957.90,-31985.65
1775850783.812,-32891.60,-32957.90,-31985.65
1775850783.829,-32891.60,-32957.90,-31985.65
1775850783.856,-32891.60,-32957.90,-31985.65
1775850783.864,-32891.60,-32957.90,-31985.65
1775850783.887,-32891.60,-32957.90,-31985.65
1775850783.892,-32891.60,-32957.90,-31985.65
1775850783.921,-32891.60,-32957.90,-31985.65
1775850783.926,-32891.60,-32957.90,-31985.65
1775850783.954,-32891.60,-32957.90,-31985.65
1775850783.954,-32891.60,-32957.90,-31985.65
1775850783.989,-32891.60,-32957.90,-31985.65
1775850784.002,-32891.60,-32957.90,-31985.65
1775850784.018,-32891.60,-32957.90,-31985.65
1775850784.049,-32891.60,-32957.90,-31985.65
1775850784.066,-32891.60,-32957.90,-31985.65
1775850784.081,-32891.60,-32957.90,-31985.65
1775850784.098,-32891.60,-32957.90,-31985.65
1775850784.103,-32891.60,-32957.90,-31985.65
1775850784.129,-32891.60,-32957.90,-31985.65
1775850784.144,-32891.60,-32957.90,-31985.65
1775850784.160,-32891.60,-32957.90,-31985.65
1775850784.165,-32891.60,-32957.90,-31985.65
1775850784.195,-32891.60,-32957.90,-31985.65
1775850784.208,-32891.60,-32957.90,-31985.65
1775850784.225,-32891.60,-32957.90,-31985.65
1775850784.240,-32891.60,-32957.90,-31985.65
1775850784.240,-32891.60,-32957.90,-31985.65
1775850784.272,-32891.60,-32957.90,-31985.65
1775850784.294,-32891.60,-32957.90,-31985.65
1775850784.303,-32891.60,-32957.90,-31985.65
1775850784.320,-32891.60,-32957.90,-31985.65
1775850784.335,-32891.60,-32957.90,-31985.65
1775850784.355,-32891.60,-32957.90,-31985.65
1775850784.367,-32891.60,-32957.90,-31985.65
1775850784.386,-32891.60,-32957.90,-31985.65
1775850784.399,-32891.60,-32957.90,-31985.65
1775850784.399,-32891.60,-32957.90,-31985.65
1775850784.433,-32891.60,-32957.90,-31985.65
1775850784.448,-32891.60,-32957.90,-31985.65
1775850784.462,-32891.60,-32957.90,-31985.65
1775850784.499,-32891.60,-32957.90,-31985.65
1775850784.509,-32891.60,-32957.90,-31985.65
1775850784.525,-32891.60,-32957.90,-31985.65
1775850784.541,-32891.60,-32957.90,-31985.65
1775850784.558,-32891.60,-32957.90,-31985.65
1775850784.562,-32891.60,-32957.90,-31985.65
1775850784.589,-32891.60,-32957.90,-31985.65
1775850784.604,-32891.60,-32957.90,-31985.65
1775850784.627,-32891.60,-32957.90,-31985.65
1775850784.639,-32891.60,-32957.90,-31985.65
1775850784.651,-32891.60,-32957.90,-31985.65
1775850784.667,-32891.60,-32957.90,-31985.65
1775850784.683,-32891.60,-32957.90,-31985.65
1775850784.699,-32891.60,-32957.90,-31985.65
1775850784.708,-32891.60,-32957.90,-31985.65
1775850784.720,-32891.60,-32957.90,-31985.65
1775850784.748,-32891.60,-32957.90,-31985.65
1775850784.762,-32891.60,-32957.90,-31985.65
1775850784.766,-32891.60,-32957.90,-31985.65
1775850784.794,-32891.60,-32957.90,-31985.65
1775850784.811,-32891.60,-32957.90,-31985.65
1775850784.825,-32891.60,-32957.90,-31985.65
1775850784.833,-32891.60,-32957.90,-31985.65
1775850784.843,-32891.60,-32957.90,-31985.65
1775850784.879,-32891.60,-32957.90,-31985.65
1775850784.893,-32891.60,-32957.90,-31985.65
1775850784.906,-32891.60,-32957.90,-31985.65
1775850784.906,-32891.60,-32957.90,-31985.65
1775850784.946,-32891.60,-32957.90,-31985.65
1775850784.958,-32891.60,-32957.90,-31985.65
1775850784.970,-32891.60,-32957.90,-31985.65
1775850784.988,-32891.60,-32957.90,-31985.65
1775850785.001,-32891.60,-32957.90,-31985.65
1775850785.016,-32891.60,-32957.90,-31985.65
1775850785.021,-32891.60,-32957.90,-31985.65
1775850785.049,-32891.60,-32957.90,-31985.65
1775850785.049,-32891.60,-32957.90,-31985.65
1775850785.088,-32891.60,-32957.90,-31985.65
1775850785.098,-32891.60,-32957.90,-31985.65
1775850785.112,-32891.60,-32957.90,-31985.65
1775850785.133,-32891.60,-32957.90,-31985.65
1775850785.146,-32891.60,-32957.90,-31985.65
1775850785.158,-32891.60,-32957.90,-31985.65
1775850785.175,-32891.60,-32957.90,-31985.65
1775850785.188,-32891.60,-32957.90,-31985.65
1775850785.203,-32891.60,-32957.90,-31985.65
1775850785.212,-32891.60,-32957.90,-31985.65
1775850785.224,-32891.60,-32957.90,-31985.65
1775850785.238,-32891.60,-32957.90,-31985.65
1775850785.275,-32891.60,-32957.90,-31985.65
1775850785.288,-32891.60,-32957.90,-31985.65
1775850785.302,-32891.60,-32957.90,-31985.65
1775850785.317,-32891.60,-32957.90,-31985.65
1775850785.332,-32891.60,-32957.90,-31985.65
1775850785.339,-32891.60,-32957.90,-31985.65
1775850785.349,-32891.60,-32957.90,-31985.65
1775850785.388,-32891.60,-32957.90,-31985.65
1775850785.397,-32891.60,-32957.90,-31985.65
1775850785.417,-32891.60,-32957.90,-31985.65
1775850785.427,-32891.60,-32957.90,-31985.65
1775850785.447,-32891.60,-32957.90,-31985.65
1775850785.459,-32891.60,-32957.90,-31985.65
1775850785.475,-32891.60,-32957.90,-31985.65
1775850785.491,-32891.60,-32957.90,-31985.65
1775850785.491,-32891.60,-32957.90,-31985.65
1775850785.523,-32891.60,-32957.90,-31985.65
1775850785.539,-32891.60,-32957.90,-31985.65
1775850785.571,-32891.60,-32957.90,-31985.65
1775850785.586,-32891.60,-32957.90,-31985.65
1775850785.591,-32891.60,-32957.90,-31985.65
1775850785.619,-32891.60,-32957.90,-31985.65
1775850785.623,-32891.60,-32957.90,-31985.65
1775850785.653,-32891.60,-32957.90,-31985.65
1775850785.667,-32891.60,-32957.90,-31985.65
1775850785.684,-32891.60,-32957.90,-31985.65
1775850785.688,-32891.60,-32957.90,-31985.65
1775850785.719,-32891.60,-32957.90,-31985.65
1775850785.734,-32891.60,-32957.90,-31985.65
1775850785.747,-32891.60,-32957.90,-31985.65
1775850785.747,-32891.60,-32957.90,-31985.65
1775850785.784,-32891.60,-32957.90,-31985.65
1775850785.794,-32891.60,-32957.90,-31985.65
1775850785.810,-32891.60,-32957.90,-31985.65
1775850785.830,-32891.60,-32957.90,-31985.65
1775850785.844,-32891.60,-32957.90,-31985.65
1775850785.858,-32891.60,-32957.90,-31985.65
1775850785.870,-32891.60,-32957.90,-31985.65
1775850785.873,-32891.60,-32957.90,-31985.65
1775850785.906,-32891.60,-32957.90,-31985.65
1775850785.921,-32891.60,-32957.90,-31985.65
1775850785.921,-32891.60,-32957.90,-31985.65
1775850785.959,-32891.60,-32957.90,-31985.65
1775850785.969,-32891.60,-32957.90,-31985.65
1775850785.984,-32891.60,-32957.90,-31985.65
1775850786.000,-32891.60,-32957.90,-31985.65
1775850786.017,-32891.60,-32957.90,-31985.65
1775850786.031,-32891.60,-32957.90,-31985.65
1775850786.031,-32891.60,-32957.90,-31985.65
1775850786.063,-32891.60,-32957.90,-31985.65
1775850786.089,-32891.60,-32957.90,-31985.65
1775850786.094,-32891.60,-32957.90,-31985.65
1775850786.111,-32891.60,-32957.90,-31985.65
1775850786.148,-32891.60,-32957.90,-31985.65
1775850786.159,-32891.60,-32957.90,-31985.65
1775850786.175,-32891.60,-32957.90,-31985.65
1775850786.190,-32891.60,-32957.90,-31985.65
1775850786.207,-32891.60,-32957.90,-31985.65
1775850786.221,-32891.60,-32957.90,-31985.65
1775850786.225,-32891.60,-32957.90,-31985.65
1775850786.253,-32891.60,-32957.90,-31985.65
1775850786.271,-32891.60,-32957.90,-31985.65
1775850786.285,-32891.60,-32957.90,-31985.65
1775850786.290,-32891.60,-32957.90,-31985.65
1775850786.317,-32891.60,-32957.90,-31985.65
1775850786.334,-32891.60,-32957.90,-31985.65
1775850786.348,-32891.60,-32957.90,-31985.65
1775850786.350,-32891.60,-32957.90,-31985.65
1775850786.381,-32891.60,-32957.90,-31985.65
1775850786.400,-32891.60,-32957.90,-31985.65
1775850786.414,-32891.60,-32957.90,-31985.65
1775850786.427,-32891.60,-32957.90,-31985.65
1775850786.442,-32891.60,-32957.90,-31985.65
1775850786.442,-32891.60,-32957.90,-31985.65
1775850786.479,-32891.60,-32957.90,-31985.65
1775850786.491,-32891.60,-32957.90,-31985.65
1775850786.506,-32891.60,-32957.90,-31985.65
1775850786.522,-32891.60,-32957.90,-31985.65
1775850786.532,-32891.60,-32957.90,-31985.65
1775850786.538,-32891.60,-32957.90,-31985.65
1775850786.570,-32891.60,-32957.90,-31985.65
1775850786.570,-32891.60,-32957.90,-31985.65
1775850786.605,-32891.60,-32957.90,-31985.65
1775850786.623,-32891.60,-32957.90,-31985.65
1775850786.634,-32891.60,-32957.90,-31985.65
1775850786.653,-32891.60,-32957.90,-31985.65
1775850786.668,-32891.60,-32957.90,-31985.65
1775850786.681,-32891.60,-32957.90,-31985.65
1775850786.691,-32891.60,-32957.90,-31985.65
1775850786.697,-32891.60,-32957.90,-31985.65
1775850786.736,-32891.60,-32957.90,-31985.65
1775850786.750,-32891.60,-32957.90,-31985.65
1775850786.759,-32891.60,-32957.90,-31985.65
1775850786.775,-32891.60,-32957.90,-31985.65
1775850786.796,-32891.60,-32957.90,-31985.65
1775850786.810,-32891.60,-32957.90,-31985.65
1775850786.823,-32891.60,-32957.90,-31985.65
1775850786.825,-32891.60,-32957.90,-31985.65
1775850786.862,-32891.60,-32957.90,-31985.65
1775850786.876,-32891.60,-32957.90,-31985.65
1775850786.886,-32891.60,-32957.90,-31985.65
1775850786.902,-32891.60,-32957.90,-31985.65
1775850786.918,-32891.60,-32957.90,-31985.65
1775850786.932,-32891.60,-32957.90,-31985.65
1775850786.945,-32891.60,-32957.90,-31985.65
1775850786.950,-32891.60,-32957.90,-31985.65
1775850786.965,-32891.60,-32957.90,-31985.65
1775850787.001,-32891.60,-32957.90,-31985.65
1775850787.012,-32891.60,-32957.90,-31985.65
1775850787.028,-32891.60,-32957.90,-31985.65
1775850787.044,-32891.60,-32957.90,-31985.65
1775850787.059,-32891.60,-32957.90,-31985.65
1775850787.067,-32891.60,-32957.90,-31985.65
1775850787.077,-32891.60,-32957.90,-31985.65
1775850787.112,-32891.60,-32957.90,-31985.65
1775850787.126,-32891.60,-32957.90,-31985.65
1775850787.139,-32891.60,-32957.90,-31985.65
1775850787.148,-32891.60,-32957.90,-31985.65
1775850787.170,-32891.60,-32957.90,-31985.65
1775850787.185,-32891.60,-32957.90,-31985.65
1775850787.193,-32891.60,-32957.90,-31985.65
1775850787.201,-32891.60,-32957.90,-31985.65
1775850787.240,-32891.60,-32957.90,-31985.65
1775850787.254,-32891.60,-32957.90,-31985.65
1775850787.265,-32891.60,-32957.90,-31985.65
1775850787.282,-32891.60,-32957.90,-31985.65
1775850787.297,-32891.60,-32957.90,-31985.65
1775850787.302,-32891.60,-32957.90,-31985.65
1775850787.328,-32891.60,-32957.90,-31985.65
1775850787.344,-32891.60,-32957.90,-31985.65
1775850787.360,-32891.60,-32957.90,-31985.65
1775850787.374,-32891.60,-32957.90,-31985.65
1775850787.378,-32891.60,-32957.90,-31985.65
1775850787.406,-32891.60,-32957.90,-31985.65
1775850787.423,-32891.60,-32957.90,-31985.65
1775850787.437,-32891.60,-32957.90,-31985.65
1775850787.442,-32891.60,-32957.90,-31985.65
1775850787.470,-32891.60,-32957.90,-31985.65
1775850787.470,-32891.60,-32957.90,-31985.65
1775850787.502,-32891.60,-32957.90,-31985.65
1775850787.518,-32891.60,-32957.90,-31985.65
1775850787.551,-32891.60,-32957.90,-31985.65
1775850787.565,-32891.60,-32957.90,-31985.65
1775850787.570,-32891.60,-32957.90,-31985.65
1775850787.599,-32891.60,-32957.90,-31985.65
1775850787.599,-32891.60,-32957.90,-31985.65
1775850787.634,-32891.60,-32957.90,-31985.65
1775850787.645,-32891.60,-32957.90,-31985.65
1775850787.661,-32891.60,-32957.90,-31985.65
1775850787.693,-32891.60,-32957.90,-31985.65
1775850787.695,-32891.60,-32957.90,-31985.65
1775850787.727,-32891.60,-32957.90,-31985.65
1775850787.744,-32891.60,-32957.90,-31985.65
1775850787.758,-32891.60,-32957.90,-31985.65
1775850787.773,-32891.60,-32957.90,-31985.65
1775850787.775,-32891.60,-32957.90,-31985.65
1775850787.810,-32891.60,-32957.90,-31985.65
1775850787.824,-32891.60,-32957.90,-31985.65
1775850787.838,-32891.60,-32957.90,-31985.65
1775850787.839,-32891.60,-32957.90,-31985.65
1775850787.877,-32891.60,-32957.90,-31985.65
1775850787.891,-32891.60,-32957.90,-31985.65
1775850787.902,-32891.60,-32957.90,-31985.65
1775850787.917,-32891.60,-32957.90,-31985.65
1775850787.934,-32891.60,-32957.90,-31985.65
1775850787.949,-32891.60,-32957.90,-31985.65
1775850787.964,-32891.60,-32957.90,-31985.65
1775850787.977,-32891.60,-32957.90,-31985.65
1775850787.982,-32891.60,-32957.90,-31985.65
1775850788.002,-32891.60,-32957.90,-31985.65
1775850788.027,-32891.60,-32957.90,-31985.65
1775850788.043,-32891.60,-32957.90,-31985.65
1775850788.060,-32891.60,-32957.90,-31985.65
1775850788.070,-32891.60,-32957.90,-31985.65
1775850788.084,-32891.60,-32957.90,-31985.65
1775850788.094,-32891.60,-32957.90,-31985.65
1775850788.127,-32891.60,-32957.90,-31985.65
1775850788.141,-32891.60,-32957.90,-31985.65
1775850788.155,-32891.60,-32957.90,-31985.65
1775850788.155,-32891.60,-32957.90,-31985.65
1775850788.194,-32891.60,-32957.90,-31985.65
1775850788.209,-32891.60,-32957.90,-31985.65
1775850788.219,-32891.60,-32957.90,-31985.65
1775850788.235,-32891.60,-32957.90,-31985.65
1775850788.251,-32891.60,-32957.90,-31985.65
1775850788.258,-32891.60,-32957.90,-31985.65
1775850788.283,-32891.60,-32957.90,-31985.65
1775850788.294,-32891.60,-32957.90,-31985.65
1775850788.300,-32891.60,-32957.90,-31985.65
1775850788.332,-32891.60,-32957.90,-31985.65
1775850788.339,-32891.60,-32957.90,-31985.65
1775850788.362,-32891.60,-32957.90,-31985.65
1775850788.378,-32891.60,-32957.90,-31985.65
1775850788.388,-32891.60,-32957.90,-31985.65
1775850788.402,-32891.60,-32957.90,-31985.65
1775850788.426,-32891.60,-32957.90,-31985.65
1775850788.441,-32891.60,-32957.90,-31985.65
1775850788.450,-32891.60,-32957.90,-31985.65
1775850788.472,-32891.60,-32957.90,-31985.65
1775850788.485,-32891.60,-32957.90,-31985.65
1775850788.494,-32891.60,-32957.90,-31985.65
1775850788.517,-32891.60,-32957.90,-31985.65
1775850788.531,-32891.60,-32957.90,-31985.65
1775850788.539,-32891.60,-32957.90,-31985.65
1775850788.552,-32891.60,-32957.90,-31985.65
1775850788.575,-32891.60,-32957.90,-31985.65
1775850788.600,-32891.60,-32957.90,-31985.65
1775850788.608,-32891.60,-32957.90,-31985.65
1775850788.631,-32891.60,-32957.90,-31985.65
1775850788.639,-32891.60,-32957.90,-31985.65
1775850788.662,-32891.60,-32957.90,-31985.65
1775850788.662,-32891.60,-32957.90,-31985.65
1775850788.702,-32891.60,-32957.90,-31985.65
1775850788.716,-32891.60,-32957.90,-31985.65
1775850788.726,-32891.60,-32957.90,-31985.65
1775850788.742,-32891.60,-32957.90,-31985.65
1775850788.758,-32891.60,-32957.90,-31985.65
1775850788.766,-32891.60,-32957.90,-31985.65
1775850788.789,-32891.60,-32957.90,-31985.65
1775850788.795,-32891.60,-32957.90,-31985.65
1775850788.824,-32891.60,-32957.90,-31985.65
1775850788.838,-32891.60,-32957.90,-31985.65
1775850788.852,-32891.60,-32957.90,-31985.65
1775850788.853,-32891.60,-32957.90,-31985.65
1775850788.891,-32891.60,-32957.90,-31985.65
1775850788.905,-32891.60,-32957.90,-31985.65
1775850788.916,-32891.60,-32957.90,-31985.65
1775850788.932,-32891.60,-32957.90,-31985.65
1775850788.947,-32891.60,-32957.90,-31985.65
1775850788.957,-32891.60,-32957.90,-31985.65
1775850788.978,-32891.60,-32957.90,-31985.65
1775850788.989,-32891.60,-32957.90,-31985.65
1775850788.995,-32891.60,-32957.90,-31985.65
1775850789.017,-32891.60,-32957.90,-31985.65
1775850789.045,-32891.60,-32957.90,-31985.65
1775850789.059,-32891.60,-32957.90,-31985.65
1775850789.073,-32891.60,-32957.90,-31985.65
1775850789.079,-32891.60,-32957.90,-31985.65
1775850789.105,-32891.60,-32957.90,-31985.65
1775850789.114,-32891.60,-32957.90,-31985.65
1775850789.121,-32891.60,-32957.90,-31985.65
1775850789.156,-32891.60,-32957.90,-31985.65
1775850789.173,-32891.60,-32957.90,-31985.65
1775850789.186,-32891.60,-32957.90,-31985.65
1775850789.201,-32891.60,-32957.90,-31985.65
1775850789.208,-32891.60,-32957.90,-31985.65
1775850789.232,-32891.60,-32957.90,-31985.65
1775850789.245,-32891.60,-32957.90,-31985.65
1775850789.249,-32891.60,-32957.90,-31985.65
1775850789.280,-32891.60,-32957.90,-31985.65
1775850789.293,-32891.60,-32957.90,-31985.65
1775850789.307,-32891.60,-32957.90,-31985.65
1775850789.312,-32891.60,-32957.90,-31985.65
1775850789.337,-32891.60,-32957.90,-31985.65
1775850789.359,-32891.60,-32957.90,-31985.65
1775850789.368,-32891.60,-32957.90,-31985.65
1775850789.391,-32891.60,-32957.90,-31985.65
1775850789.407,-32891.60,-32957.90,-31985.65
1775850789.407,-32891.60,-32957.90,-31985.65
1775850789.438,-32891.60,-32957.90,-31985.65
1775850789.465,-32891.60,-32957.90,-31985.65
1775850789.472,-32891.60,-32957.90,-31985.65
1775850789.496,-32891.60,-32957.90,-31985.65
1775850789.504,-32891.60,-32957.90,-31985.65
1775850789.525,-32891.60,-32957.90,-31985.65
1775850789.534,-32891.60,-32957.90,-31985.65
1775850789.557,-32891.60,-32957.90,-31985.65
1775850789.568,-32891.60,-32957.90,-31985.65
1775850789.586,-32891.60,-32957.90,-31985.65
1775850789.599,-32891.60,-32957.90,-31985.65
1775850789.614,-32891.60,-32957.90,-31985.65
1775850789.617,-32891.60,-32957.90,-31985.65
1775850789.647,-32891.60,-32957.90,-31985.65
1775850789.661,-32891.60,-32957.90,-31985.65
1775850789.678,-32891.60,-32957.90,-31985.65
1775850789.692,-32891.60,-32957.90,-31985.65
1775850789.696,-32891.60,-32957.90,-31985.65
1775850789.724,-32891.60,-32957.90,-31985.65
1775850789.743,-32891.60,-32957.90,-31985.65
1775850789.759,-32891.60,-32957.90,-31985.65
1775850789.773,-32891.60,-32957.90,-31985.65
1775850789.788,-32891.60,-32957.90,-31985.65
1775850789.797,-32891.60,-32957.90,-31985.65
1775850789.809,-32891.60,-32957.90,-31985.65
1775850789.839,-32891.60,-32957.90,-31985.65
1775850789.852,-32891.60,-32957.90,-31985.65
1775850789.869,-32891.60,-32957.90,-31985.65
1775850789.883,-32891.60,-32957.90,-31985.65
1775850789.897,-32891.60,-32957.90,-31985.65
1775850789.903,-32891.60,-32957.90,-31985.65
1775850789.931,-32891.60,-32957.90,-31985.65
1775850789.935,-32891.60,-32957.90,-31985.65
1775850789.966,-32891.60,-32957.90,-31985.65
1775850789.978,-32891.60,-32957.90,-31985.65
1775850789.997,-32891.60,-32957.90,-31985.65
1775850790.010,-32891.60,-32957.90,-31985.65
1775850790.016,-32891.60,-32957.90,-31985.65
1775850790.042,-32891.60,-32957.90,-31985.65
1775850790.059,-32891.60,-32957.90,-31985.65
1775850790.073,-32891.60,-32957.90,-31985.65
1775850790.073,-32891.60,-32957.90,-31985.65
1775850790.105,-32891.60,-32957.90,-31985.65
1775850790.132,-32891.60,-32957.90,-31985.65
1775850790.136,-32891.60,-32957.90,-31985.65
1775850790.168,-32891.60,-32957.90,-31985.65
1775850790.168,-32891.60,-32957.90,-31985.65
1775850790.200,-32891.60,-32957.90,-31985.65
1775850790.222,-32891.60,-32957.90,-31985.65
1775850790.247,-32891.60,-32957.90,-31985.65
1775850790.251,-32891.60,-32957.90,-31985.65
1775850790.281,-32891.60,-32957.90,-31985.65
1775850790.297,-32891.60,-32957.90,-31985.65
1775850790.312,-32891.60,-32957.90,-31985.65
1775850790.326,-32891.60,-32957.90,-31985.65
1775850790.338,-32891.60,-32957.90,-31985.65
1775850790.346,-32891.60,-32957.90,-31985.65
1775850790.358,-32891.60,-32957.90,-31985.65
1775850790.398,-32891.60,-32957.90,-31985.65
1775850790.408,-32891.60,-32957.90,-31985.65
1775850790.422,-32891.60,-32957.90,-31985.65
1775850790.440,-32891.60,-32957.90,-31985.65
1775850790.454,-32891.60,-32957.90,-31985.65
1775850790.472,-32891.60,-32957.90,-31985.65
1775850790.486,-32891.60,-32957.90,-31985.65
1775850790.501,-32891.60,-32957.90,-31985.65
1775850790.505,-32891.60,-32957.90,-31985.65
1775850790.536,-32891.60,-32957.90,-31985.65
1775850790.549,-32891.60,-32957.90,-31985.65
1775850790.567,-32891.60,-32957.90,-31985.65
1775850790.581,-32891.60,-32957.90,-31985.65
1775850790.581,-32891.60,-32957.90,-31985.65
1775850790.613,-32891.60,-32957.90,-31985.65
1775850790.633,-32891.60,-32957.90,-31985.65
1775850790.660,-32891.60,-32957.90,-31985.65
1775850790.664,-32891.60,-32957.90,-31985.65
1775850790.694,-32891.60,-32957.90,-31985.65
1775850790.708,-32891.60,-32957.90,-31985.65
1775850790.724,-32891.60,-32957.90,-31985.65
1775850790.728,-32891.60,-32957.90,-31985.65
1775850790.760,-32891.60,-32957.90,-31985.65
1775850790.773,-32891.60,-32957.90,-31985.65
1775850790.788,-32891.60,-32957.90,-31985.65
1775850790.798,-32891.60,-32957.90,-31985.65
1775850790.805,-32891.60,-32957.90,-31985.65
1775850790.826,-32891.60,-32957.90,-31985.65
1775850790.854,-32891.60,-32957.90,-31985.65
1775850790.867,-32891.60,-32957.90,-31985.65
1775850790.883,-32891.60,-32957.90,-31985.65
1775850790.898,-32891.60,-32957.90,-31985.65
1775850790.898,-32891.60,-32957.90,-31985.65
1775850790.931,-32891.60,-32957.90,-31985.65
1775850790.952,-32891.60,-32957.90,-31985.65
1775850790.962,-32891.60,-32957.90,-31985.65
1775850790.980,-32891.60,-32957.90,-31985.65
1775850791.014,-32891.60,-32957.90,-31985.65
1775850791.026,-32891.60,-32957.90,-31985.65
1775850791.043,-32891.60,-32957.90,-31985.65
1775850791.044,-32891.60,-32957.90,-31985.65
1775850791.077,-32891.60,-32957.90,-31985.65
1775850791.090,-32891.60,-32957.90,-31985.65
1775850791.108,-32891.60,-32957.90,-31985.65
1775850791.121,-32891.60,-32957.90,-31985.65
1775850791.142,-32891.60,-32957.90,-31985.65
1775850791.153,-32891.60,-32957.90,-31985.65
1775850791.185,-32891.60,-32957.90,-31985.65
1775850791.212,-32891.60,-32957.90,-31985.65
1775850791.222,-32891.60,-32957.90,-31985.65
1775850791.239,-32891.60,-32957.90,-31985.65
1775850791.249,-32891.60,-32957.90,-31985.65
1775850791.267,-32891.60,-32957.90,-31985.65
1775850791.281,-32891.60,-32957.90,-31985.65
1775850791.298,-32891.60,-32957.90,-31985.65
1775850791.312,-32891.60,-32957.90,-31985.65
1775850791.312,-32891.60,-32957.90,-31985.65
1775850791.346,-32891.60,-32957.90,-31985.65
1775850791.363,-32891.60,-32957.90,-31985.65
1775850791.376,-32891.60,-32957.90,-31985.65
1775850791.399,-32891.60,-32957.90,-31985.65
1775850791.425,-32891.60,-32957.90,-31985.65
1775850791.428,-32891.60,-32957.90,-31985.65
1775850791.459,-32891.60,-32957.90,-31985.65
1775850791.472,-32891.60,-32957.90,-31985.65
1775850791.489,-32891.60,-32957.90,-31985.65
1775850791.499,-32891.60,-32957.90,-31985.65
1775850791.506,-32891.60,-32957.90,-31985.65
1775850791.536,-32891.60,-32957.90,-31985.65
1775850791.550,-32891.60,-32957.90,-31985.65
1775850791.561,-32891.60,-32957.90,-31985.65
1775850791.568,-32891.60,-32957.90,-31985.65
1775850791.595,-32891.60,-32957.90,-31985.65
1775850791.599,-32891.60,-32957.90,-31985.65
1775850791.624,-32891.60,-32957.90,-31985.65
1775850791.648,-32891.60,-32957.90,-31985.65
1775850791.662,-32891.60,-32957.90,-31985.65
1775850791.662,-32891.60,-32957.90,-31985.65
1775850791.699,-32891.60,-32957.90,-31985.65
1775850791.716,-32891.60,-32957.90,-31985.65
1775850791.729,-32891.60,-32957.90,-31985.65
1775850791.744,-32891.60,-32957.90,-31985.65
1775850791.758,-32891.60,-32957.90,-31985.65
1775850791.771,-32891.60,-32957.90,-31985.65
1775850791.786,-32891.60,-32957.90,-31985.65
1775850791.800,-32891.60,-32957.90,-31985.65
1775850791.814,-32891.60,-32957.90,-31985.65
1775850791.821,-32891.60,-32957.90,-31985.65
1775850791.845,-32891.60,-32957.90,-31985.65
1775850791.853,-32891.60,-32957.90,-31985.65
1775850791.875,-32891.60,-32957.90,-31985.65
1775850791.884,-32891.60,-32957.90,-31985.65
1775850791.904,-32891.60,-32957.90,-31985.65
1775850791.916,-32891.60,-32957.90,-31985.65
1775850791.932,-32891.60,-32957.90,-31985.65
1775850791.940,-32891.60,-32957.90,-31985.65
1775850791.965,-32891.60,-32957.90,-31985.65
1775850791.979,-32891.60,-32957.90,-31985.65
1775850791.979,-32891.60,-32957.90,-31985.65
1775850792.011,-32891.60,-32957.90,-31985.65
1775850792.036,-32891.60,-32957.90,-31985.65
1775850792.043,-32891.60,-32957.90,-31985.65
1775850792.068,-32891.60,-32957.90,-31985.65
1775850792.076,-32891.60,-32957.90,-31985.65
1775850792.098,-32891.60,-32957.90,-31985.65
1775850792.106,-32891.60,-32957.90,-31985.65
1775850792.128,-32891.60,-32957.90,-31985.65
1775850792.139,-32891.60,-32957.90,-31985.65
1775850792.157,-32891.60,-32957.90,-31985.65
1775850792.171,-32891.60,-32957.90,-31985.65
1775850792.171,-32891.60,-32957.90,-31985.65
1775850792.202,-32891.60,-32957.90,-31985.65
1775850792.228,-32891.60,-32957.90,-31985.65
1775850792.234,-32891.60,-32957.90,-31985.65
1775850792.261,-32891.60,-32957.90,-31985.65
1775850792.274,-32891.60,-32957.90,-31985.65
1775850792.289,-32891.60,-32957.90,-31985.65
1775850792.300,-32891.60,-32957.90,-31985.65
1775850792.317,-32891.60,-32957.90,-31985.65
1775850792.329,-32891.60,-32957.90,-31985.65
1775850792.345,-32891.60,-32957.90,-31985.65
1775850792.356,-32891.60,-32957.90,-31985.65
1775850792.369,-32891.60,-32957.90,-31985.65
1775850792.385,-32891.60,-32957.90,-31985.65
1775850792.400,-32891.60,-32957.90,-31985.65
1775850792.417,-32891.60,-32957.90,-31985.65
1775850792.425,-32891.60,-32957.90,-31985.65
1775850792.448,-32891.60,-32957.90,-31985.65
1775850792.456,-32891.60,-32957.90,-31985.65
1775850792.479,-32891.60,-32957.90,-31985.65
1775850792.488,-32891.60,-32957.90,-31985.65
1775850792.509,-32891.60,-32957.90,-31985.65
1775850792.519,-32891.60,-32957.90,-31985.65
1775850792.537,-32891.60,-32957.90,-31985.65
1775850792.551,-32891.60,-32957.90,-31985.65
1775850792.551,-32891.60,-32957.90,-31985.65
1775850792.583,-32891.60,-32957.90,-31985.65
1775850792.608,-32891.60,-32957.90,-31985.65
1775850792.615,-32891.60,-32957.90,-31985.65
1775850792.637,-32891.60,-32957.90,-31985.65
1775850792.646,-32891.60,-32957.90,-31985.65
1775850792.669,-32891.60,-32957.90,-31985.65
1775850792.678,-32891.60,-32957.90,-31985.65
1775850792.699,-32891.60,-32957.90,-31985.65
1775850792.710,-32891.60,-32957.90,-31985.65
1775850792.727,-32891.60,-32957.90,-31985.65
1775850792.736,-32891.60,-32957.90,-31985.65
1775850792.757,-32891.60,-32957.90,-31985.65
1775850792.772,-32891.60,-32957.90,-31985.65
1775850792.782,-32891.60,-32957.90,-31985.65
1775850792.794,-32891.60,-32957.90,-31985.65
1775850792.805,-32891.60,-32957.90,-31985.65
1775850792.827,-32891.60,-32957.90,-31985.65
1775850792.837,-32891.60,-32957.90,-31985.65
1775850792.856,-32891.60,-32957.90,-31985.65
1775850792.870,-32891.60,-32957.90,-31985.65
1775850792.884,-32891.60,-32957.90,-31985.65
1775850792.885,-32891.60,-32957.90,-31985.65
1775850792.922,-32891.60,-32957.90,-31985.65
1775850792.933,-32891.60,-32957.90,-31985.65
1775850792.951,-32891.60,-32957.90,-31985.65
1775850792.965,-32891.60,-32957.90,-31985.65
1775850792.965,-32891.60,-32957.90,-31985.65
1775850793.002,-32891.60,-32957.90,-31985.65
1775850793.015,-32891.60,-32957.90,-31985.65
1775850793.028,-32891.60,-32957.90,-31985.65
1775850793.047,-32891.60,-32957.90,-31985.65
1775850793.061,-32891.60,-32957.90,-31985.65
1775850793.061,-32891.60,-32957.90,-31985.65
1775850793.091,-32891.60,-32957.90,-31985.65
1775850793.112,-32891.60,-32957.90,-31985.65
1775850793.139,-32891.60,-32957.90,-31985.65
1775850793.142,-32891.60,-32957.90,-31985.65
1775850793.175,-32891.60,-32957.90,-31985.65
1775850793.187,-32891.60,-32957.90,-31985.65
1775850793.206,-32891.60,-32957.90,-31985.65
1775850793.219,-32891.60,-32957.90,-31985.65
1775850793.235,-32891.60,-32957.90,-31985.65
1775850793.236,-32891.60,-32957.90,-31985.65
1775850793.271,-32891.60,-32957.90,-31985.65
1775850793.282,-32891.60,-32957.90,-31985.65
1775850793.302,-32891.60,-32957.90,-31985.65
1775850793.314,-32891.60,-32957.90,-31985.65
1775850793.330,-32891.60,-32957.90,-31985.65
1775850793.333,-32891.60,-32957.90,-31985.65
1775850793.366,-32891.60,-32957.90,-31985.65
1775850793.379,-32891.60,-32957.90,-31985.65
1775850793.394,-32891.60,-32957.90,-31985.65
1775850793.402,-32891.60,-32957.90,-31985.65
1775850793.425,-32891.60,-32957.90,-31985.65
1775850793.428,-32891.60,-32957.90,-31985.65
1775850793.458,-32891.60,-32957.90,-31985.65
1775850793.472,-32891.60,-32957.90,-31985.65
1775850793.490,-32891.60,-32957.90,-31985.65
1775850793.504,-32891.60,-32957.90,-31985.65
1775850793.504,-32891.60,-32957.90,-31985.65
1775850793.536,-32891.60,-32957.90,-31985.65
1775850793.555,-32891.60,-32957.90,-31985.65
1775850793.568,-32891.60,-32957.90,-31985.65
1775850793.599,-32891.60,-32957.90,-31985.65
1775850793.615,-32891.60,-32957.90,-31985.65
1775850793.619,-32891.60,-32957.90,-31985.65
1775850793.651,-32891.60,-32957.90,-31985.65
1775850793.663,-32891.60,-32957.90,-31985.65
1775850793.680,-32891.60,-32957.90,-31985.65
1775850793.684,-32891.60,-32957.90,-31985.65
1775850793.713,-32891.60,-32957.90,-31985.65
1775850793.727,-32891.60,-32957.90,-31985.65
1775850793.743,-32891.60,-32957.90,-31985.65
1775850793.744,-32891.60,-32957.90,-31985.65
1775850793.776,-32891.60,-32957.90,-31985.65
1775850793.791,-32891.60,-32957.90,-31985.65
1775850793.808,-32891.60,-32957.90,-31985.65
1775850793.822,-32891.60,-32957.90,-31985.65
1775850793.846,-32891.60,-32957.90,-31985.65
1775850793.870,-32891.60,-32957.90,-31985.65
1775850793.874,-32891.60,-32957.90,-31985.65
1775850793.908,-32891.60,-32957.90,-31985.65
1775850793.918,-32891.60,-32957.90,-31985.65
1775850793.936,-32891.60,-32957.90,-31985.65
1775850793.949,-32891.60,-32957.90,-31985.65
1775850793.949,-32891.60,-32957.90,-31985.65
1775850793.981,-32891.60,-32957.90,-31985.65
1775850794.005,-32891.60,-32957.90,-31985.65
1775850794.013,-32891.60,-32957.90,-31985.65
1775850794.029,-32891.60,-32957.90,-31985.65
1775850794.045,-32891.60,-32957.90,-31985.65
1775850794.077,-32891.60,-32957.90,-31985.65
1775850794.094,-32891.60,-32957.90,-31985.65
1775850794.110,-32891.60,-32957.90,-31985.65
1775850794.140,-32891.60,-32957.90,-31985.65
1775850794.158,-32891.60,-32957.90,-31985.65
1775850794.172,-32891.60,-32957.90,-31985.65
1775850794.188,-32891.60,-32957.90,-31985.65
1775850794.203,-32891.60,-32957.90,-31985.65
1775850794.205,-32891.60,-32957.90,-31985.65
1775850794.236,-32891.60,-32957.90,-31985.65
1775850794.256,-32891.60,-32957.90,-31985.65
1775850794.269,-32891.60,-32957.90,-31985.65
1775850794.286,-32891.60,-32957.90,-31985.65
1775850794.300,-32891.60,-32957.90,-31985.65
1775850794.316,-32891.60,-32957.90,-31985.65
1775850794.320,-32891.60,-32957.90,-31985.65
1775850794.351,-32891.60,-32957.90,-31985.65
1775850794.363,-32891.60,-32957.90,-31985.65
1775850794.379,-32891.60,-32957.90,-31985.65
1775850794.385,-32891.60,-32957.90,-31985.65
1775850794.413,-32891.60,-32957.90,-31985.65
1775850794.426,-32891.60,-32957.90,-31985.65
1775850794.443,-32891.60,-32957.90,-31985.65
1775850794.457,-32891.60,-32957.90,-31985.65
1775850794.459,-32891.60,-32957.90,-31985.65
1775850794.491,-32891.60,-32957.90,-31985.65
1775850794.507,-32891.60,-32957.90,-31985.65
1775850794.521,-32891.60,-32957.90,-31985.65
1775850794.523,-32891.60,-32957.90,-31985.65
1775850794.554,-32891.60,-32957.90,-31985.65
1775850794.575,-32891.60,-32957.90,-31985.65
1775850794.588,-32891.60,-32957.90,-31985.65
1775850794.603,-32891.60,-32957.90,-31985.65
1775850794.605,-32891.60,-32957.90,-31985.65
1775850794.639,-32891.60,-32957.90,-31985.65
1775850794.650,-32891.60,-32957.90,-31985.65
1775850794.666,-32891.60,-32957.90,-31985.65
1775850794.682,-32891.60,-32957.90,-31985.65
1775850794.684,-32891.60,-32957.90,-31985.65
1775850794.714,-32891.60,-32957.90,-31985.65
1775850794.733,-32891.60,-32957.90,-31985.65
1775850794.747,-32891.60,-32957.90,-31985.65
1775850794.763,-32891.60,-32957.90,-31985.65
1775850794.778,-32891.60,-32957.90,-31985.65
1775850794.799,-32891.60,-32957.90,-31985.65
1775850794.810,-32891.60,-32957.90,-31985.65
1775850794.829,-32891.60,-32957.90,-31985.65
1775850794.840,-32891.60,-32957.90,-31985.65
1775850794.856,-32891.60,-32957.90,-31985.65
1775850794.857,-32891.60,-32957.90,-31985.65
1775850794.892,-32891.60,-32957.90,-31985.65
1775850794.906,-32891.60,-32957.90,-31985.65
1775850794.921,-32891.60,-32957.90,-31985.65
1775850794.936,-32891.60,-32957.90,-31985.65
1775850794.936,-32891.60,-32957.90,-31985.65
1775850794.967,-32891.60,-32957.90,-31985.65
1775850794.983,-32891.60,-32957.90,-31985.65
1775850795.017,-32891.60,-32957.90,-31985.65
1775850795.030,-32891.60,-32957.90,-31985.65
1775850795.044,-32891.60,-32957.90,-31985.65
1775850795.046,-32891.60,-32957.90,-31985.65
1775850795.082,-32891.60,-32957.90,-31985.65
1775850795.096,-32891.60,-32957.90,-31985.65
1775850795.110,-32891.60,-32957.90,-31985.65
1775850795.118,-32891.60,-32957.90,-31985.65
1775850795.144,-32891.60,-32957.90,-31985.65
1775850795.174,-32891.60,-32957.90,-31985.65
1775850795.188,-32891.60,-32957.90,-31985.65
1775850795.205,-32891.60,-32957.90,-31985.65
1775850795.210,-32891.60,-32957.90,-31985.65
1775850795.238,-32891.60,-32957.90,-31985.65
1775850795.250,-32891.60,-32957.90,-31985.65
1775850795.258,-32891.60,-32957.90,-31985.65
1775850795.285,-32891.60,-32957.90,-31985.65
1775850795.285,-32891.60,-32957.90,-31985.65
1775850795.318,-32891.60,-32957.90,-31985.65
1775850795.334,-32891.60,-32957.90,-31985.65
1775850795.348,-32891.60,-32957.90,-31985.65
1775850795.365,-32891.60,-32957.90,-31985.65
1775850795.398,-32891.60,-32957.90,-31985.65
1775850795.412,-32891.60,-32957.90,-31985.65
1775850795.428,-32891.60,-32957.90,-31985.65
1775850795.463,-32891.60,-32957.90,-31985.65
1775850795.475,-32891.60,-32957.90,-31985.65
1775850795.491,-32891.60,-32957.90,-31985.65
1775850795.507,-32891.60,-32957.90,-31985.65
1775850795.508,-32891.60,-32957.90,-31985.65
1775850795.545,-32891.60,-32957.90,-31985.65
1775850795.555,-32891.60,-32957.90,-31985.65
1775850795.572,-32891.60,-32957.90,-31985.65
1775850795.589,-32891.60,-32957.90,-31985.65
1775850795.604,-32891.60,-32957.90,-31985.65
1775850795.619,-32891.60,-32957.90,-31985.65
1775850795.620,-32891.60,-32957.90,-31985.65
1775850795.657,-32891.60,-32957.90,-31985.65
1775850795.671,-32891.60,-32957.90,-31985.65
1775850795.682,-32891.60,-32957.90,-31985.65
1775850795.699,-32891.60,-32957.90,-31985.65
1775850795.714,-32891.60,-32957.90,-31985.65
1775850795.714,-32891.60,-32957.90,-31985.65
1775850795.747,-32891.60,-32957.90,-31985.65
1775850795.763,-32891.60,-32957.90,-31985.65
1775850795.795,-32891.60,-32957.90,-31985.65
1775850795.809,-32891.60,-32957.90,-31985.65
1775850795.809,-32891.60,-32957.90,-31985.65
1775850795.844,-32891.60,-32957.90,-31985.65
1775850795.861,-32891.60,-32957.90,-31985.65
1775850795.873,-32891.60,-32957.90,-31985.65
1775850795.891,-32891.60,-32957.90,-31985.65
1775850795.908,-32891.60,-32957.90,-31985.65
1775850795.922,-32891.60,-32957.90,-31985.65
1775850795.956,-32891.60,-32957.90,-31985.65
1775850795.972,-32891.60,-32957.90,-31985.65
1775850795.985,-32891.60,-32957.90,-31985.65
1775850796.007,-32891.60,-32957.90,-31985.65
1775850796.020,-32891.60,-32957.90,-31985.65
1775850796.039,-32891.60,-32957.90,-31985.65
1775850796.063,-32891.60,-32957.90,-31985.65
1775850796.082,-32891.60,-32957.90,-31985.65
1775850796.097,-32891.60,-32957.90,-31985.65
1775850796.111,-32891.60,-32957.90,-31985.65
1775850796.125,-32891.60,-32957.90,-31985.65
1775850796.137,-32891.60,-32957.90,-31985.65
1775850796.154,-32891.60,-32957.90,-31985.65
1775850796.169,-32891.60,-32957.90,-31985.65
1775850796.169,-32891.60,-32957.90,-31985.65
1775850796.207,-32891.60,-32957.90,-31985.65
1775850796.224,-32891.60,-32957.90,-31985.65
1775850796.233,-32891.60,-32957.90,-31985.65
1775850796.251,-32891.60,-32957.90,-31985.65
1775850796.264,-32891.60,-32957.90,-31985.65
1775850796.283,-32891.60,-32957.90,-31985.65
1775850796.297,-32891.60,-32957.90,-31985.65
1775850796.307,-32891.60,-32957.90,-31985.65
1775850796.312,-32891.60,-32957.90,-31985.65
1775850796.344,-32891.60,-32957.90,-31985.65
1775850796.359,-32891.60,-32957.90,-31985.65
1775850796.373,-32891.60,-32957.90,-31985.65
1775850796.387,-32891.60,-32957.90,-31985.65
1775850796.391,-32891.60,-32957.90,-31985.65
1775850796.422,-32891.60,-32957.90,-31985.65
1775850796.427,-32891.60,-32957.90,-31985.65
1775850796.454,-32891.60,-32957.90,-31985.65
1775850796.471,-32891.60,-32957.90,-31985.65
1775850796.475,-32891.60,-32957.90,-31985.65
1775850796.502,-32891.60,-32957.90,-31985.65
1775850796.520,-32891.60,-32957.90,-31985.65
1775850796.534,-32891.60,-32957.90,-31985.65
1775850796.548,-32891.60,-32957.90,-31985.65
1775850796.555,-32891.60,-32957.90,-31985.65
1775850796.581,-32891.60,-32957.90,-31985.65
1775850796.597,-32891.60,-32957.90,-31985.65
1775850796.608,-32891.60,-32957.90,-31985.65
1775850796.616,-32891.60,-32957.90,-31985.65
1775850796.630,-32891.60,-32957.90,-31985.65
1775850796.669,-32891.60,-32957.90,-31985.65
1775850796.678,-32891.60,-32957.90,-31985.65
1775850796.693,-32891.60,-32957.90,-31985.65
1775850796.708,-32891.60,-32957.90,-31985.65
1775850796.732,-32891.60,-32957.90,-31985.65
1775850796.756,-32891.60,-32957.90,-31985.65
1775850796.771,-32891.60,-32957.90,-31985.65
1775850796.771,-32891.60,-32957.90,-31985.65
1775850796.809,-32891.60,-32957.90,-31985.65
1775850796.819,-32891.60,-32957.90,-31985.65
1775850796.835,-32891.60,-32957.90,-31985.65
1775850796.853,-32891.60,-32957.90,-31985.65
1775850796.868,-32891.60,-32957.90,-31985.65
1775850796.883,-32891.60,-32957.90,-31985.65
1775850796.884,-32891.60,-32957.90,-31985.65
1775850796.919,-32891.60,-32957.90,-31985.65
1775850796.930,-32891.60,-32957.90,-31985.65
1775850796.946,-32891.60,-32957.90,-31985.65
1775850796.962,-32891.60,-32957.90,-31985.65
1775850796.979,-32891.60,-32957.90,-31985.65
1775850796.983,-32891.60,-32957.90,-31985.65
1775850797.010,-32891.60,-32957.90,-31985.65
1775850797.026,-32891.60,-32957.90,-31985.65
1775850797.043,-32891.60,-32957.90,-31985.65
1775850797.055,-32891.60,-32957.90,-31985.65
1775850797.066,-32891.60,-32957.90,-31985.65
1775850797.082,-32891.60,-32957.90,-31985.65
1775850797.099,-32891.60,-32957.90,-31985.65
1775850797.112,-32891.60,-32957.90,-31985.65
1775850797.127,-32891.60,-32957.90,-31985.65
1775850797.136,-32891.60,-32957.90,-31985.65
1775850797.156,-32891.60,-32957.90,-31985.65
1775850797.172,-32891.60,-32957.90,-31985.65
1775850797.184,-32891.60,-32957.90,-31985.65
1775850797.198,-32891.60,-32957.90,-31985.65
1775850797.215,-32891.60,-32957.90,-31985.65
1775850797.228,-32891.60,-32957.90,-31985.65
1775850797.244,-32891.60,-32957.90,-31985.65
1775850797.258,-32891.60,-32957.90,-31985.65
1775850797.272,-32891.60,-32957.90,-31985.65
1775850797.287,-32891.60,-32957.90,-31985.65
1775850797.301,-32891.60,-32957.90,-31985.65
1775850797.313,-32891.60,-32957.90,-31985.65
1775850797.329,-32891.60,-32957.90,-31985.65
1775850797.342,-32891.60,-32957.90,-31985.65
1775850797.353,-32891.60,-32957.90,-31985.65
1775850797.363,-32891.60,-32957.90,-31985.65
1775850797.379,-32891.60,-32957.90,-31985.65
1775850797.398,-32891.60,-32957.90,-31985.65
1775850797.414,-32891.60,-32957.90,-31985.65
1775850797.426,-32891.60,-32957.90,-31985.65
1775850797.434,-32891.60,-32957.90,-31985.65
1775850797.455,-32891.60,-32957.90,-31985.65
1775850797.474,-32891.60,-32957.90,-31985.65
1775850797.488,-32891.60,-32957.90,-31985.65
1775850797.498,-32891.60,-32957.90,-31985.65
1775850797.530,-32891.60,-32957.90,-31985.65
1775850797.534,-32891.60,-32957.90,-31985.65
1775850797.562,-32891.60,-32957.90,-31985.65
1775850797.579,-32891.60,-32957.90,-31985.65
1775850797.594,-32891.60,-32957.90,-31985.65
1775850797.608,-32891.60,-32957.90,-31985.65
1775850797.619,-32891.60,-32957.90,-31985.65
1775850797.635,-32891.60,-32957.90,-31985.65
1775850797.650,-32891.60,-32957.90,-31985.65
1775850797.666,-32891.60,-32957.90,-31985.65
1775850797.666,-32891.60,-32957.90,-31985.65
1775850797.706,-32891.60,-32957.90,-31985.65
1775850797.719,-32891.60,-32957.90,-31985.65
1775850797.735,-32891.60,-32957.90,-31985.65
1775850797.749,-32891.60,-32957.90,-31985.65
1775850797.766,-32891.60,-32957.90,-31985.65
1775850797.780,-32891.60,-32957.90,-31985.65
1775850797.798,-32891.60,-32957.90,-31985.65
1775850797.811,-32891.60,-32957.90,-31985.65
1775850797.826,-32891.60,-32957.90,-31985.65
1775850797.843,-32891.60,-32957.90,-31985.65
1775850797.857,-32891.60,-32957.90,-31985.65
1775850797.871,-32891.60,-32957.90,-31985.65
1775850797.881,-32891.60,-32957.90,-31985.65
1775850797.899,-32891.60,-32957.90,-31985.65
1775850797.917,-32891.60,-32957.90,-31985.65
1775850797.931,-32891.60,-32957.90,-31985.65
1775850797.941,-32891.60,-32957.90,-31985.65
1775850797.957,-32891.60,-32957.90,-31985.65
1775850797.971,-32891.60,-32957.90,-31985.65
1775850797.989,-32891.60,-32957.90,-31985.65
1775850798.002,-32891.60,-32957.90,-31985.65
1775850798.018,-32891.60,-32957.90,-31985.65
1775850798.026,-32891.60,-32957.90,-31985.65
1775850798.047,-32891.60,-32957.90,-31985.65
1775850798.064,-32891.60,-32957.90,-31985.65
1775850798.078,-32891.60,-32957.90,-31985.65
1775850798.092,-32891.60,-32957.90,-31985.65
1775850798.106,-32891.60,-32957.90,-31985.65
1775850798.120,-32891.60,-32957.90,-31985.65
1775850798.135,-32891.60,-32957.90,-31985.65
1775850798.149,-32891.60,-32957.90,-31985.65
1775850798.161,-32891.60,-32957.90,-31985.65
1775850798.177,-32891.60,-32957.90,-31985.65
1775850798.189,-32891.60,-32957.90,-31985.65
1775850798.206,-32891.60,-32957.90,-31985.65
1775850798.220,-32891.60,-32957.90,-31985.65
1775850798.234,-32891.60,-32957.90,-31985.65
1775850798.248,-32891.60,-32957.90,-31985.65
1775850798.256,-32891.60,-32957.90,-31985.65
1775850798.271,-32891.60,-32957.90,-31985.65
1775850798.286,-32891.60,-32957.90,-31985.65
1775850798.318,-32891.60,-32957.90,-31985.65
1775850798.334,-32891.60,-32957.90,-31985.65
1775850798.347,-32891.60,-32957.90,-31985.65
1775850798.363,-32891.60,-32957.90,-31985.65
1775850798.377,-32891.60,-32957.90,-31985.65
1775850798.391,-32891.60,-32957.90,-31985.65
1775850798.405,-32891.60,-32957.90,-31985.65
1775850798.420,-32891.60,-32957.90,-31985.65
1775850798.432,-32891.60,-32957.90,-31985.65
1775850798.446,-32891.60,-32957.90,-31985.65
1775850798.456,-32891.60,-32957.90,-31985.65
1775850798.471,-32891.60,-32957.90,-31985.65
1775850798.491,-32891.60,-32957.90,-31985.65
1775850798.502,-32891.60,-32957.90,-31985.65
1775850798.518,-32891.60,-32957.90,-31985.65
1775850798.534,-32891.60,-32957.90,-31985.65
1775850798.551,-32891.60,-32957.90,-31985.65
1775850798.552,-32891.60,-32957.90,-31985.65
1775850798.583,-32891.60,-32957.90,-31985.65
1775850798.598,-32891.60,-32957.90,-31985.65
1775850798.629,-32891.60,-32957.90,-31985.65
1775850798.630,-32891.60,-32957.90,-31985.65
1775850798.668,-32891.60,-32957.90,-31985.65
1775850798.688,-32891.60,-32957.90,-31985.65
1775850798.702,-32891.60,-32957.90,-31985.65
1775850798.716,-32891.60,-32957.90,-31985.65
1775850798.728,-32891.60,-32957.90,-31985.65
1775850798.744,-32891.60,-32957.90,-31985.65
1775850798.744,-32891.60,-32957.90,-31985.65
1775850798.783,-32891.60,-32957.90,-31985.65
1775850798.790,-32891.60,-32957.90,-31985.65
1775850798.811,-32891.60,-32957.90,-31985.65
1775850798.817,-32891.60,-32957.90,-31985.65
1775850798.848,-32891.60,-32957.90,-31985.65
1775850798.848,-32891.60,-32957.90,-31985.65
1775850798.881,-32891.60,-32957.90,-31985.65
1775850798.903,-32891.60,-32957.90,-31985.65
1775850798.912,-32891.60,-32957.90,-31985.65
1775850798.927,-32891.60,-32957.90,-31985.65
1775850798.943,-32891.60,-32957.90,-31985.65
1775850798.975,-32891.60,-32957.90,-31985.65
1775850798.991,-32891.60,-32957.90,-31985.65
1775850799.008,-32891.60,-32957.90,-31985.65
1775850799.012,-32891.60,-32957.90,-31985.65
1775850799.039,-32891.60,-32957.90,-31985.65
1775850799.054,-32891.60,-32957.90,-31985.65
1775850799.070,-32891.60,-32957.90,-31985.65
1775850799.086,-32891.60,-32957.90,-31985.65
1775850799.086,-32891.60,-32957.90,-31985.65
1775850799.118,-32891.60,-32957.90,-31985.65
1775850799.134,-32891.60,-32957.90,-31985.65
1775850799.166,-32891.60,-32957.90,-31985.65
1775850799.182,-32891.60,-32957.90,-31985.65
1775850799.200,-32891.60,-32957.90,-31985.65
1775850799.215,-32891.60,-32957.90,-31985.65
1775850799.226,-32891.60,-32957.90,-31985.65
1775850799.231,-32891.60,-32957.90,-31985.65
1775850799.263,-32891.60,-32957.90,-31985.65
1775850799.263,-32891.60,-32957.90,-31985.65
1775850799.295,-32891.60,-32957.90,-31985.65
1775850799.317,-32891.60,-32957.90,-31985.65
1775850799.327,-32891.60,-32957.90,-31985.65
1775850799.350,-32891.60,-32957.90,-31985.65
1775850799.359,-32891.60,-32957.90,-31985.65
1775850799.375,-32891.60,-32957.90,-31985.65
1775850799.395,-32891.60,-32957.90,-31985.65
1775850799.401,-32891.60,-32957.90,-31985.65
1775850799.422,-32891.60,-32957.90,-31985.65
1775850799.431,-32891.60,-32957.90,-31985.65
1775850799.462,-32891.60,-32957.90,-31985.65
1775850799.489,-32891.60,-32957.90,-31985.65
1775850799.500,-32891.60,-32957.90,-31985.65
1775850799.514,-32891.60,-32957.90,-31985.65
1775850799.525,-32891.60,-32957.90,-31985.65
1775850799.541,-32891.60,-32957.90,-31985.65
1775850799.561,-32891.60,-32957.90,-31985.65
1775850799.575,-32891.60,-32957.90,-31985.65
1775850799.589,-32891.60,-32957.90,-31985.65
1775850799.589,-32891.60,-32957.90,-31985.65
1775850799.628,-32891.60,-32957.90,-31985.65
1775850799.642,-32891.60,-32957.90,-31985.65
1775850799.692,-32891.60,-32957.90,-31985.65
1775850799.704,-32891.60,-32957.90,-31985.65
1775850799.717,-32891.60,-32957.90,-31985.65
1775850799.724,-32891.60,-32957.90,-31985.65
1775850799.742,-32891.60,-32957.90,-31985.65
1775850799.772,-32891.60,-32957.90,-31985.65
1775850799.785,-32891.60,-32957.90,-31985.65
1775850799.789,-32891.60,-32957.90,-31985.65
1775850799.819,-32891.60,-32957.90,-31985.65
1775850799.819,-32891.60,-32957.90,-31985.65
1775850799.860,-32891.60,-32957.90,-31985.65
1775850799.873,-32891.60,-32957.90,-31985.65
1775850799.887,-32891.60,-32957.90,-31985.65
1775850799.899,-32891.60,-32957.90,-31985.65
1775850799.915,-32891.60,-32957.90,-31985.65
1775850799.930,-32891.60,-32957.90,-31985.65
1775850799.942,-32891.60,-32957.90,-31985.65
1775850799.954,-32891.60,-32957.90,-31985.65
1775850799.962,-32891.60,-32957.90,-31985.65
1775850799.985,-32891.60,-32957.90,-31985.65
1775850799.997,-32891.60,-32957.90,-31985.65
1775850800.014,-32891.60,-32957.90,-31985.65
1775850800.028,-32891.60,-32957.90,-31985.65
1775850800.044,-32891.60,-32957.90,-31985.65
1775850800.057,-32891.60,-32957.90,-31985.65
1775850800.073,-32891.60,-32957.90,-31985.65
1775850800.087,-32891.60,-32957.90,-31985.65
1775850800.100,-32891.60,-32957.90,-31985.65
1775850800.114,-32891.60,-32957.90,-31985.65
1775850800.130,-32891.60,-32957.90,-31985.65
1775850800.144,-32891.60,-32957.90,-31985.65
1775850800.158,-32891.60,-32957.90,-31985.65
1775850800.172,-32891.60,-32957.90,-31985.65
1775850800.184,-32891.60,-32957.90,-31985.65
1775850800.200,-32891.60,-32957.90,-31985.65
1775850800.214,-32891.60,-32957.90,-31985.65
1775850800.225,-32891.60,-32957.90,-31985.65
1775850800.242,-32891.60,-32957.90,-31985.65
1775850800.257,-32891.60,-32957.90,-31985.65
1775850800.270,-32891.60,-32957.90,-31985.65
1775850800.285,-32891.60,-32957.90,-31985.65
1775850800.299,-32891.60,-32957.90,-31985.65
1775850800.311,-32891.60,-32957.90,-31985.65
1775850800.325,-32891.60,-32957.90,-31985.65
1775850800.335,-32891.60,-32957.90,-31985.65
1775850800.353,-32891.60,-32957.90,-31985.65
1775850800.371,-32891.60,-32957.90,-31985.65
1775850800.383,-32891.60,-32957.90,-31985.65
1775850800.398,-32891.60,-32957.90,-31985.65
1775850800.398,-32891.60,-32957.90,-31985.65
1775850800.437,-32891.60,-32957.90,-31985.65
1775850800.446,-32891.60,-32957.90,-31985.65
1775850800.464,-32891.60,-32957.90,-31985.65
1775850800.479,-32891.60,-32957.90,-31985.65
1775850800.496,-32891.60,-32957.90,-31985.65
1775850800.509,-32891.60,-32957.90,-31985.65
1775850800.515,-32891.60,-32957.90,-31985.65
1775850800.541,-32891.60,-32957.90,-31985.65
1775850800.558,-32891.60,-32957.90,-31985.65
1775850800.572,-32891.60,-32957.90,-31985.65
1775850800.572,-32891.60,-32957.90,-31985.65
1775850800.604,-32891.60,-32957.90,-31985.65
1775850800.624,-32891.60,-32957.90,-31985.65
1775850800.636,-32891.60,-32957.90,-31985.65
1775850800.668,-32891.60,-32957.90,-31985.65
1775850800.684,-32891.60,-32957.90,-31985.65
1775850800.699,-32891.60,-32957.90,-31985.65
1775850800.714,-32891.60,-32957.90,-31985.65
1775850800.715,-32891.60,-32957.90,-31985.65
1775850800.753,-32891.60,-32957.90,-31985.65
1775850800.762,-32891.60,-32957.90,-31985.65
1775850800.778,-32891.60,-32957.90,-31985.65
1775850800.796,-32891.60,-32957.90,-31985.65
1775850800.810,-32891.60,-32957.90,-31985.65
1775850800.826,-32891.60,-32957.90,-31985.65
1775850800.826,-32891.60,-32957.90,-31985.65
1775850800.858,-32891.60,-32957.90,-31985.65
1775850800.882,-32891.60,-32957.90,-31985.65
1775850800.889,-32891.60,-32957.90,-31985.65
1775850800.916,-32891.60,-32957.90,-31985.65
1775850800.922,-32891.60,-32957.90,-31985.65
1775850800.944,-32891.60,-32957.90,-31985.65
1775850800.969,-32891.60,-32957.90,-31985.65
1775850800.969,-32891.60,-32957.90,-31985.65
1775850801.008,-32891.60,-32957.90,-31985.65
1775850801.017,-32891.60,-32957.90,-31985.65
1775850801.038,-32891.60,-32957.90,-31985.65
1775850801.047,-32891.60,-32957.90,-31985.65
1775850801.067,-32891.60,-32957.90,-31985.65
1775850801.080,-32891.60,-32957.90,-31985.65
1775850801.095,-32891.60,-32957.90,-31985.65
1775850801.096,-32891.60,-32957.90,-31985.65
1775850801.134,-32891.60,-32957.90,-31985.65
1775850801.143,-32891.60,-32957.90,-31985.65
1775850801.159,-32891.60,-32957.90,-31985.65
1775850801.176,-32891.60,-32957.90,-31985.65
1775850801.195,-32891.60,-32957.90,-31985.65
1775850801.207,-32891.60,-32957.90,-31985.65
1775850801.223,-32891.60,-32957.90,-31985.65
1775850801.223,-32891.60,-32957.90,-31985.65
1775850801.261,-32891.60,-32957.90,-31985.65
1775850801.271,-32891.60,-32957.90,-31985.65
1775850801.287,-32891.60,-32957.90,-31985.65
1775850801.304,-32891.60,-32957.90,-31985.65
1775850801.320,-32891.60,-32957.90,-31985.65
1775850801.326,-32891.60,-32957.90,-31985.65
1775850801.351,-32891.60,-32957.90,-31985.65
1775850801.366,-32891.60,-32957.90,-31985.65
1775850801.382,-32891.60,-32957.90,-31985.65
1775850801.390,-32891.60,-32957.90,-31985.65
1775850801.399,-32891.60,-32957.90,-31985.65
1775850801.430,-32891.60,-32957.90,-31985.65
1775850801.450,-32891.60,-32957.90,-31985.65
1775850801.464,-32891.60,-32957.90,-31985.65
1775850801.495,-32891.60,-32957.90,-31985.65
1775850801.510,-32891.60,-32957.90,-31985.65
1775850801.517,-32891.60,-32957.90,-31985.65
1775850801.542,-32891.60,-32957.90,-31985.65
1775850801.557,-32891.60,-32957.90,-31985.65
1775850801.557,-32891.60,-32957.90,-31985.65
1775850801.589,-32891.60,-32957.90,-31985.65
1775850801.605,-32891.60,-32957.90,-31985.65
1775850801.622,-32891.60,-32957.90,-31985.65
1775850801.653,-32891.60,-32957.90,-31985.65
1775850801.669,-32891.60,-32957.90,-31985.65
1775850801.700,-32891.60,-32957.90,-31985.65
1775850801.716,-32891.60,-32957.90,-31985.65
1775850801.717,-32891.60,-32957.90,-31985.65
1775850801.748,-32891.60,-32957.90,-31985.65
1775850801.764,-32891.60,-32957.90,-31985.65
1775850801.780,-32891.60,-32957.90,-31985.65
1775850801.796,-32891.60,-32957.90,-31985.65
1775850801.828,-32891.60,-32957.90,-31985.65
1775850801.828,-32891.60,-32957.90,-31985.65
1775850801.860,-32891.60,-32957.90,-31985.65
1775850801.876,-32891.60,-32957.90,-31985.65
1775850801.908,-32891.60,-32957.90,-31985.65
1775850801.917,-32891.60,-32957.90,-31985.65
1775850801.924,-32891.60,-32957.90,-31985.65
1775850801.955,-32891.60,-32957.90,-31985.65
1775850801.971,-32891.60,-32957.90,-31985.65
1775850801.987,-32891.60,-32957.90,-31985.65
1775850802.019,-32891.60,-32957.90,-31985.65
1775850802.036,-32891.60,-32957.90,-31985.65
1775850802.051,-32891.60,-32957.90,-31985.65
1775850802.083,-32891.60,-32957.90,-31985.65
1775850802.099,-32891.60,-32957.90,-31985.65
1775850802.118,-32891.60,-32957.90,-31985.65
1775850802.131,-32891.60,-32957.90,-31985.65
1775850802.164,-32891.60,-32957.90,-31985.65
1775850802.179,-32891.60,-32957.90,-31985.65
1775850802.196,-32891.60,-32957.90,-31985.65
1775850802.227,-32891.60,-32957.90,-31985.65
1775850802.244,-32891.60,-32957.90,-31985.65
1775850802.260,-32891.60,-32957.90,-31985.65
1775850802.295,-32891.60,-32957.90,-31985.65
1775850802.307,-32891.60,-32957.90,-31985.65
1775850802.324,-32891.60,-32957.90,-31985.65
1775850802.352,-32891.60,-32957.90,-31985.65
1775850802.360,-32891.60,-32957.90,-31985.65
1775850802.371,-32891.60,-32957.90,-31985.65
1775850802.404,-32891.60,-32957.90,-31985.65
1775850802.418,-32891.60,-32957.90,-31985.65
1775850802.427,-32891.60,-32957.90,-31985.65
1775850802.446,-32891.60,-32957.90,-31985.65
1775850802.450,-32891.60,-32957.90,-31985.65
1775850802.482,-32891.60,-32957.90,-31985.65
1775850802.496,-32891.60,-32957.90,-31985.65
1775850802.496,-32891.60,-32957.90,-31985.65
1775850802.535,-32891.60,-32957.90,-31985.65
1775850802.549,-32891.60,-32957.90,-31985.65
1775850802.559,-32891.60,-32957.90,-31985.65
1775850802.577,-32891.60,-32957.90,-31985.65
1775850802.591,-32891.60,-32957.90,-31985.65
1775850802.605,-32891.60,-32957.90,-31985.65
1775850802.619,-32891.60,-32957.90,-31985.65
1775850802.624,-32891.60,-32957.90,-31985.65
1775850802.638,-32891.60,-32957.90,-31985.65
1775850802.673,-32891.60,-32957.90,-31985.65
1775850802.687,-32891.60,-32957.90,-31985.65
1775850802.701,-32891.60,-32957.90,-31985.65
1775850802.727,-32891.60,-32957.90,-31985.65
1775850802.735,-32891.60,-32957.90,-31985.65
1775850802.748,-32891.60,-32957.90,-31985.65
1775850802.765,-32891.60,-32957.90,-31985.65
1775850802.799,-32891.60,-32957.90,-31985.65
1775850802.811,-32891.60,-32957.90,-31985.65
1775850802.827,-32891.60,-32957.90,-31985.65
1775850802.846,-32891.60,-32957.90,-31985.65
1775850802.859,-32891.60,-32957.90,-31985.65
1775850802.875,-32891.60,-32957.90,-31985.65
1775850802.875,-32891.60,-32957.90,-31985.65
1775850802.912,-32891.60,-32957.90,-31985.65
1775850802.923,-32891.60,-32957.90,-31985.65
1775850802.942,-32891.60,-32957.90,-31985.65
1775850802.956,-32891.60,-32957.90,-31985.65
1775850802.970,-32891.60,-32957.90,-31985.65
1775850802.975,-32891.60,-32957.90,-31985.65
1775850803.002,-32891.60,-32957.90,-31985.65
1775850803.019,-32891.60,-32957.90,-31985.65
1775850803.020,-32891.60,-32957.90,-31985.65
1775850803.052,-32891.60,-32957.90,-31985.65
1775850803.068,-32891.60,-32957.90,-31985.65
1775850803.082,-32891.60,-32957.90,-31985.65
1775850803.109,-32891.60,-32957.90,-31985.65
1775850803.123,-32891.60,-32957.90,-31985.65
1775850803.129,-32891.60,-32957.90,-31985.65
1775850803.145,-32891.60,-32957.90,-31985.65
1775850803.176,-32891.60,-32957.90,-31985.65
1775850803.180,-32891.60,-32957.90,-31985.65
1775850803.209,-32891.60,-32957.90,-31985.65
1775850803.226,-32891.60,-32957.90,-31985.65
1775850803.240,-32891.60,-32957.90,-31985.65
1775850803.246,-32891.60,-32957.90,-31985.65
1775850803.255,-32891.60,-32957.90,-31985.65
1775850803.294,-32891.60,-32957.90,-31985.65
1775850803.308,-32891.60,-32957.90,-31985.65
1775850803.320,-32891.60,-32957.90,-31985.65
1775850803.336,-32891.60,-32957.90,-31985.65
1775850803.336,-32891.60,-32957.90,-31985.65
1775850803.369,-32891.60,-32957.90,-31985.65
1775850803.382,-32891.60,-32957.90,-31985.65
1775850803.399,-32891.60,-32957.90,-31985.65
1775850803.430,-32891.60,-32957.90,-31985.65
1775850803.446,-32891.60,-32957.90,-31985.65
1775850803.478,-32891.60,-32957.90,-31985.65
1775850803.492,-32891.60,-32957.90,-31985.65
1775850803.503,-32891.60,-32957.90,-31985.65
1775850803.520,-32891.60,-32957.90,-31985.65
1775850803.526,-32891.60,-32957.90,-31985.65
1775850803.553,-32891.60,-32957.90,-31985.65
1775850803.561,-32891.60,-32957.90,-31985.65
1775850803.577,-32891.60,-32957.90,-31985.65
1775850803.590,-32891.60,-32957.90,-31985.65
1775850803.624,-32891.60,-32957.90,-31985.65
1775850803.637,-32891.60,-32957.90,-31985.65
1775850803.652,-32891.60,-32957.90,-31985.65
1775850803.652,-32891.60,-32957.90,-31985.65
1775850803.687,-32891.60,-32957.90,-31985.65
1775850803.700,-32891.60,-32957.90,-31985.65
1775850803.721,-32891.60,-32957.90,-31985.65
1775850803.743,-32891.60,-32957.90,-31985.65
1775850803.752,-32891.60,-32957.90,-31985.65
1775850803.762,-32891.60,-32957.90,-31985.65
1775850803.794,-32891.60,-32957.90,-31985.65
1775850803.808,-32891.60,-32957.90,-31985.65
1775850803.822,-32891.60,-32957.90,-31985.65
1775850803.828,-32891.60,-32957.90,-31985.65
1775850803.850,-32891.60,-32957.90,-31985.65
1775850803.873,-32891.60,-32957.90,-31985.65
1775850803.876,-32891.60,-32957.90,-31985.65
1775850803.906,-32891.60,-32957.90,-31985.65
1775850803.923,-32891.60,-32957.90,-31985.65
1775850803.937,-32891.60,-32957.90,-31985.65
1775850803.941,-32891.60,-32957.90,-31985.65
1775850803.968,-32891.60,-32957.90,-31985.65
1775850803.987,-32891.60,-32957.90,-31985.65
1775850804.001,-32891.60,-32957.90,-31985.65
1775850804.015,-32891.60,-32957.90,-31985.65
1775850804.029,-32891.60,-32957.90,-31985.65
1775850804.042,-32891.60,-32957.90,-31985.65
1775850804.055,-32891.60,-32957.90,-31985.65
1775850804.069,-32891.60,-32957.90,-31985.65
1775850804.084,-32891.60,-32957.90,-31985.65
1775850804.097,-32891.60,-32957.90,-31985.65
1775850804.112,-32891.60,-32957.90,-31985.65
1775850804.126,-32891.60,-32957.90,-31985.65
1775850804.140,-32891.60,-32957.90,-31985.65
1775850804.152,-32891.60,-32957.90,-31985.65
1775850804.163,-32891.60,-32957.90,-31985.65
1775850804.183,-32891.60,-32957.90,-31985.65
1775850804.194,-32891.60,-32957.90,-31985.65
1775850804.211,-32891.60,-32957.90,-31985.65
1775850804.225,-32891.60,-32957.90,-31985.65
1775850804.239,-32891.60,-32957.90,-31985.65
1775850804.252,-32891.60,-32957.90,-31985.65
1775850804.267,-32891.60,-32957.90,-31985.65
1775850804.280,-32891.60,-32957.90,-31985.65
1775850804.294,-32891.60,-32957.90,-31985.65
1775850804.303,-32891.60,-32957.90,-31985.65
1775850804.323,-32891.60,-32957.90,-31985.65
1775850804.338,-32891.60,-32957.90,-31985.65
1775850804.351,-32891.60,-32957.90,-31985.65
1775850804.364,-32891.60,-32957.90,-31985.65
1775850804.379,-32891.60,-32957.90,-31985.65
1775850804.394,-32891.60,-32957.90,-31985.65
1775850804.406,-32891.60,-32957.90,-31985.65
1775850804.421,-32891.60,-32957.90,-31985.65
1775850804.435,-32891.60,-32957.90,-31985.65
1775850804.450,-32891.60,-32957.90,-31985.65
1775850804.462,-32891.60,-32957.90,-31985.65
1775850804.472,-32891.60,-32957.90,-31985.65
1775850804.492,-32891.60,-32957.90,-31985.65
1775850804.506,-32891.60,-32957.90,-31985.65
1775850804.520,-32891.60,-32957.90,-31985.65
1775850804.535,-32891.60,-32957.90,-31985.65
1775850804.548,-32891.60,-32957.90,-31985.65
1775850804.562,-32891.60,-32957.90,-31985.65
1775850804.576,-32891.60,-32957.90,-31985.65
1775850804.590,-32891.60,-32957.90,-31985.65
1775850804.604,-32891.60,-32957.90,-31985.65
1775850804.619,-32891.60,-32957.90,-31985.65
1775850804.633,-32891.60,-32957.90,-31985.65
1775850804.646,-32891.60,-32957.90,-31985.65
1775850804.659,-32891.60,-32957.90,-31985.65
1775850804.675,-32891.60,-32957.90,-31985.65
1775850804.688,-32891.60,-32957.90,-31985.65
1775850804.697,-32891.60,-32957.90,-31985.65
1775850804.716,-32891.60,-32957.90,-31985.65
1775850804.732,-32891.60,-32957.90,-31985.65
1775850804.744,-32891.60,-32957.90,-31985.65
1775850804.760,-32891.60,-32957.90,-31985.65
1775850804.773,-32891.60,-32957.90,-31985.65
1775850804.788,-32891.60,-32957.90,-31985.65
1775850804.800,-32891.60,-32957.90,-31985.65
1775850804.816,-32891.60,-32957.90,-31985.65
1775850804.823,-32891.60,-32957.90,-31985.65
1775850804.846,-32891.60,-32957.90,-31985.65
1775850804.856,-32891.60,-32957.90,-31985.65
1775850804.870,-32891.60,-32957.90,-31985.65
1775850804.890,-32891.60,-32957.90,-31985.65
1775850804.906,-32891.60,-32957.90,-31985.65
1775850804.914,-32891.60,-32957.90,-31985.65
1775850804.934,-32891.60,-32957.90,-31985.65
1775850804.949,-32891.60,-32957.90,-31985.65
1775850804.961,-32891.60,-32957.90,-31985.65
1775850804.977,-32891.60,-32957.90,-31985.65
1775850804.988,-32891.60,-32957.90,-31985.65
1775850804.997,-32891.60,-32957.90,-31985.65
1775850805.021,-32891.60,-32957.90,-31985.65
1775850805.035,-32891.60,-32957.90,-31985.65
1775850805.048,-32891.60,-32957.90,-31985.65
1775850805.063,-32891.60,-32957.90,-31985.65
1775850805.072,-32891.60,-32957.90,-31985.65
1775850805.092,-32891.60,-32957.90,-31985.65
1775850805.105,-32891.60,-32957.90,-31985.65
1775850805.119,-32891.60,-32957.90,-31985.65
1775850805.134,-32891.60,-32957.90,-31985.65
1775850805.138,-32891.60,-32957.90,-31985.65
1775850805.168,-32891.60,-32957.90,-31985.65
1775850805.182,-32891.60,-32957.90,-31985.65
1775850805.197,-32891.60,-32957.90,-31985.65
1775850805.209,-32891.60,-32957.90,-31985.65
1775850805.224,-32891.60,-32957.90,-31985.65
1775850805.231,-32891.60,-32957.90,-31985.65
1775850805.245,-32891.60,-32957.90,-31985.65
1775850805.277,-32891.60,-32957.90,-31985.65
1775850805.277,-32891.60,-32957.90,-31985.65
1775850805.314,-32891.60,-32957.90,-31985.65
1775850805.330,-32891.60,-32957.90,-31985.65
1775850805.341,-32891.60,-32957.90,-31985.65
1775850805.358,-32891.60,-32957.90,-31985.65
1775850805.372,-32891.60,-32957.90,-31985.65
1775850805.372,-32891.60,-32957.90,-31985.65
1775850805.404,-32891.60,-32957.90,-31985.65
1775850805.424,-32891.60,-32957.90,-31985.65
1775850805.437,-32891.60,-32957.90,-31985.65
1775850805.468,-32891.60,-32957.90,-31985.65
1775850805.484,-32891.60,-32957.90,-31985.65
1775850805.501,-32891.60,-32957.90,-31985.65
1775850805.501,-32891.60,-32957.90,-31985.65
1775850805.533,-32891.60,-32957.90,-31985.65
1775850805.548,-32891.60,-32957.90,-31985.65
1775850805.580,-32891.60,-32957.90,-31985.65
1775850805.584,-32891.60,-32957.90,-31985.65
1775850805.613,-32891.60,-32957.90,-31985.65
1775850805.628,-32891.60,-32957.90,-31985.65
1775850805.642,-32891.60,-32957.90,-31985.65
1775850805.656,-32891.60,-32957.90,-31985.65
1775850805.660,-32891.60,-32957.90,-31985.65
1775850805.691,-32891.60,-32957.90,-31985.65
1775850805.707,-32891.60,-32957.90,-31985.65
1775850805.713,-32891.60,-32957.90,-31985.65
1775850805.740,-32891.60,-32957.90,-31985.65
1775850805.756,-32891.60,-32957.90,-31985.65
1775850805.756,-32891.60,-32957.90,-31985.65
1775850805.789,-32891.60,-32957.90,-31985.65
1775850805.803,-32891.60,-32957.90,-31985.65
1775850805.825,-32891.60,-32957.90,-31985.65
1775850805.851,-32891.60,-32957.90,-31985.65
1775850805.851,-32891.60,-32957.90,-31985.65
1775850805.882,-32891.60,-32957.90,-31985.65
1775850805.901,-32891.60,-32957.90,-31985.65
1775850805.925,-32891.60,-32957.90,-31985.65
1775850805.932,-32891.60,-32957.90,-31985.65
1775850805.947,-32891.60,-32957.90,-31985.65
1775850805.977,-32891.60,-32957.90,-31985.65
1775850805.993,-32891.60,-32957.90,-31985.65
1775850806.013,-32891.60,-32957.90,-31985.65
1775850806.031,-32891.60,-32957.90,-31985.65
1775850806.054,-32891.60,-32957.90,-31985.65
1775850806.069,-32891.60,-32957.90,-31985.65
1775850806.083,-32891.60,-32957.90,-31985.65
1775850806.097,-32891.60,-32957.90,-31985.65
1775850806.110,-32891.60,-32957.90,-31985.65
1775850806.125,-32891.60,-32957.90,-31985.65
1775850806.137,-32891.60,-32957.90,-31985.65
1775850806.151,-32891.60,-32957.90,-31985.65
1775850806.165,-32891.60,-32957.90,-31985.65
1775850806.181,-32891.60,-32957.90,-31985.65
1775850806.194,-32891.60,-32957.90,-31985.65
1775850806.204,-32891.60,-32957.90,-31985.65
1775850806.223,-32891.60,-32957.90,-31985.65
1775850806.237,-32891.60,-32957.90,-31985.65
1775850806.252,-32891.60,-32957.90,-31985.65
1775850806.265,-32891.60,-32957.90,-31985.65
1775850806.280,-32891.60,-32957.90,-31985.65
1775850806.294,-32891.60,-32957.90,-31985.65
1775850806.307,-32891.60,-32957.90,-31985.65
1775850806.313,-32891.60,-32957.90,-31985.65
1775850806.330,-32891.60,-32957.90,-31985.65
1775850806.360,-32891.60,-32957.90,-31985.65
1775850806.372,-32891.60,-32957.90,-31985.65
1775850806.388,-32891.60,-32957.90,-31985.65
1775850806.401,-32891.60,-32957.90,-31985.65
1775850806.411,-32891.60,-32957.90,-31985.65
1775850806.426,-32891.60,-32957.90,-31985.65
1775850806.436,-32891.60,-32957.90,-31985.65
1775850806.454,-32891.60,-32957.90,-31985.65
1775850806.468,-32891.60,-32957.90,-31985.65
1775850806.486,-32891.60,-32957.90,-31985.65
1775850806.500,-32891.60,-32957.90,-31985.65
1775850806.500,-32891.60,-32957.90,-31985.65
1775850806.534,-32891.60,-32957.90,-31985.65
1775850806.557,-32891.60,-32957.90,-31985.65
1775850806.565,-32891.60,-32957.90,-31985.65
1775850806.583,-32891.60,-32957.90,-31985.65
1775850806.596,-32891.60,-32957.90,-31985.65
1775850806.623,-32891.60,-32957.90,-31985.65
1775850806.628,-32891.60,-32957.90,-31985.65
1775850806.648,-32891.60,-32957.90,-31985.65
1775850806.677,-32891.60,-32957.90,-31985.65
1775850806.691,-32891.60,-32957.90,-31985.65
1775850806.705,-32891.60,-32957.90,-31985.65
1775850806.714,-32891.60,-32957.90,-31985.65
1775850806.727,-32891.60,-32957.90,-31985.65
1775850806.753,-32891.60,-32957.90,-31985.65
1775850806.755,-32891.60,-32957.90,-31985.65
1775850806.790,-32891.60,-32957.90,-31985.65
1775850806.804,-32891.60,-32957.90,-31985.65
1775850806.820,-32891.60,-32957.90,-31985.65
1775850806.827,-32891.60,-32957.90,-31985.65
1775850806.850,-32891.60,-32957.90,-31985.65
1775850806.850,-32891.60,-32957.90,-31985.65
1775850806.885,-32891.60,-32957.90,-31985.65
1775850806.902,-32891.60,-32957.90,-31985.65
1775850806.914,-32891.60,-32957.90,-31985.65
1775850806.932,-32891.60,-32957.90,-31985.65
1775850806.946,-32891.60,-32957.90,-31985.65
1775850806.946,-32891.60,-32957.90,-31985.65
1775850806.980,-32891.60,-32957.90,-31985.65
1775850807.001,-32891.60,-32957.90,-31985.65
1775850807.010,-32891.60,-32957.90,-31985.65
1775850807.029,-32891.60,-32957.90,-31985.65
1775850807.042,-32891.60,-32957.90,-31985.65
1775850807.058,-32891.60,-32957.90,-31985.65
1775850807.072,-32891.60,-32957.90,-31985.65
1775850807.073,-32891.60,-32957.90,-31985.65
1775850807.104,-32891.60,-32957.90,-31985.65
1775850807.125,-32891.60,-32957.90,-31985.65
1775850807.136,-32891.60,-32957.90,-31985.65
1775850807.153,-32891.60,-32957.90,-31985.65
1775850807.155,-32891.60,-32957.90,-31985.65
1775850807.190,-32891.60,-32957.90,-31985.65
1775850807.200,-32891.60,-32957.90,-31985.65
1775850807.218,-32891.60,-32957.90,-31985.65
1775850807.231,-32891.60,-32957.90,-31985.65
1775850807.243,-32891.60,-32957.90,-31985.65
1775850807.260,-32891.60,-32957.90,-31985.65
1775850807.267,-32891.60,-32957.90,-31985.65
1775850807.281,-32891.60,-32957.90,-31985.65
1775850807.313,-32891.60,-32957.90,-31985.65
1775850807.328,-32891.60,-32957.90,-31985.65
1775850807.329,-32891.60,-32957.90,-31985.65
1775850807.365,-32891.60,-32957.90,-31985.65
1775850807.379,-32891.60,-32957.90,-31985.65
1775850807.391,-32891.60,-32957.90,-31985.65
1775850807.407,-32891.60,-32957.90,-31985.65
1775850807.410,-32891.60,-32957.90,-31985.65
1775850807.444,-32891.60,-32957.90,-31985.65
1775850807.455,-32891.60,-32957.90,-31985.65
1775850807.472,-32891.60,-32957.90,-31985.65
1775850807.486,-32891.60,-32957.90,-31985.65
1775850807.486,-32891.60,-32957.90,-31985.65
1775850807.522,-32891.60,-32957.90,-31985.65
1775850807.538,-32891.60,-32957.90,-31985.65
1775850807.551,-32891.60,-32957.90,-31985.65
1775850807.568,-32891.60,-32957.90,-31985.65
1775850807.582,-32891.60,-32957.90,-31985.65
1775850807.582,-32891.60,-32957.90,-31985.65
1775850807.613,-32891.60,-32957.90,-31985.65
1775850807.639,-32891.60,-32957.90,-31985.65
1775850807.646,-32891.60,-32957.90,-31985.65
1775850807.670,-32891.60,-32957.90,-31985.65
1775850807.684,-32891.60,-32957.90,-31985.65
1775850807.696,-32891.60,-32957.90,-31985.65
1775850807.708,-32891.60,-32957.90,-31985.65
1775850807.724,-32891.60,-32957.90,-31985.65
1775850807.739,-32891.60,-32957.90,-31985.65
1775850807.739,-32891.60,-32957.90,-31985.65
1775850807.773,-32891.60,-32957.90,-31985.65
1775850807.794,-32891.60,-32957.90,-31985.65
1775850807.803,-32891.60,-32957.90,-31985.65
1775850807.823,-32891.60,-32957.90,-31985.65
1775850807.835,-32891.60,-32957.90,-31985.65
1775850807.853,-32891.60,-32957.90,-31985.65
1775850807.866,-32891.60,-32957.90,-31985.65
1775850807.882,-32891.60,-32957.90,-31985.65
1775850807.885,-32891.60,-32957.90,-31985.65
1775850807.916,-32891.60,-32957.90,-31985.65
1775850807.930,-32891.60,-32957.90,-31985.65
1775850807.946,-32891.60,-32957.90,-31985.65
1775850807.953,-32891.60,-32957.90,-31985.65
1775850807.978,-32891.60,-32957.90,-31985.65
1775850807.981,-32891.60,-32957.90,-31985.65
1775850808.012,-32891.60,-32957.90,-31985.65
1775850808.026,-32891.60,-32957.90,-31985.65
1775850808.041,-32891.60,-32957.90,-31985.65
1775850808.041,-32891.60,-32957.90,-31985.65
1775850808.077,-32891.60,-32957.90,-31985.65
1775850808.090,-32891.60,-32957.90,-31985.65
1775850808.106,-32891.60,-32957.90,-31985.65
1775850808.122,-32891.60,-32957.90,-31985.65
1775850808.137,-32891.60,-32957.90,-31985.65
1775850808.143,-32891.60,-32957.90,-31985.65
1775850808.169,-32891.60,-32957.90,-31985.65
1775850808.185,-32891.60,-32957.90,-31985.65
1775850808.188,-32891.60,-32957.90,-31985.65
1775850808.217,-32891.60,-32957.90,-31985.65
1775850808.233,-32891.60,-32957.90,-31985.65
1775850808.249,-32891.60,-32957.90,-31985.65
1775850808.264,-32891.60,-32957.90,-31985.65
1775850808.280,-32891.60,-32957.90,-31985.65
1775850808.280,-32891.60,-32957.90,-31985.65
1775850808.319,-32891.60,-32957.90,-31985.65
1775850808.331,-32891.60,-32957.90,-31985.65
1775850808.344,-32891.60,-32957.90,-31985.65
1775850808.363,-32891.60,-32957.90,-31985.65
1775850808.376,-32891.60,-32957.90,-31985.65
1775850808.376,-32891.60,-32957.90,-31985.65
1775850808.408,-32891.60,-32957.90,-31985.65
1775850808.428,-32891.60,-32957.90,-31985.65
1775850808.439,-32891.60,-32957.90,-31985.65
1775850808.471,-32891.60,-32957.90,-31985.65
1775850808.488,-32891.60,-32957.90,-31985.65
1775850808.503,-32891.60,-32957.90,-31985.65
1775850808.538,-32891.60,-32957.90,-31985.65
1775850808.552,-32891.60,-32957.90,-31985.65
1775850808.566,-32891.60,-32957.90,-31985.65
1775850808.568,-32891.60,-32957.90,-31985.65
1775850808.599,-32891.60,-32957.90,-31985.65
1775850808.614,-32891.60,-32957.90,-31985.65
1775850808.630,-32891.60,-32957.90,-31985.65
1775850808.648,-32891.60,-32957.90,-31985.65
1775850808.679,-32891.60,-32957.90,-31985.65
1775850808.694,-32891.60,-32957.90,-31985.65
1775850808.694,-32891.60,-32957.90,-31985.65
1775850808.729,-32891.60,-32957.90,-31985.65
1775850808.742,-32891.60,-32957.90,-31985.65
1775850808.757,-32891.60,-32957.90,-31985.65
1775850808.778,-32891.60,-32957.90,-31985.65
1775850808.791,-32891.60,-32957.90,-31985.65
1775850808.806,-32891.60,-32957.90,-31985.65
1775850808.842,-32891.60,-32957.90,-31985.65
1775850808.853,-32891.60,-32957.90,-31985.65
1775850808.870,-32891.60,-32957.90,-31985.65
1775850808.885,-32891.60,-32957.90,-31985.65
1775850808.902,-32891.60,-32957.90,-31985.65
1775850808.908,-32891.60,-32957.90,-31985.65
1775850808.933,-32891.60,-32957.90,-31985.65
1775850808.948,-32891.60,-32957.90,-31985.65
1775850808.948,-32891.60,-32957.90,-31985.65
1775850808.980,-32891.60,-32957.90,-31985.65
1775850808.996,-32891.60,-32957.90,-31985.65
1775850809.030,-32891.60,-32957.90,-31985.65
1775850809.043,-32891.60,-32957.90,-31985.65
1775850809.059,-32891.60,-32957.90,-31985.65
1775850809.076,-32891.60,-32957.90,-31985.65
1775850809.076,-32891.60,-32957.90,-31985.65
1775850809.107,-32891.60,-32957.90,-31985.65
1775850809.129,-32891.60,-32957.90,-31985.65
1775850809.139,-32891.60,-32957.90,-31985.65
1775850809.169,-32891.60,-32957.90,-31985.65
1775850809.172,-32891.60,-32957.90,-31985.65
1775850809.203,-32891.60,-32957.90,-31985.65
1775850809.221,-32891.60,-32957.90,-31985.65
1775850809.235,-32891.60,-32957.90,-31985.65
1775850809.235,-32891.60,-32957.90,-31985.65
1775850809.268,-32891.60,-32957.90,-31985.65
1775850809.288,-32891.60,-32957.90,-31985.65
1775850809.299,-32891.60,-32957.90,-31985.65
1775850809.315,-32891.60,-32957.90,-31985.65
1775850809.332,-32891.60,-32957.90,-31985.65
1775850809.349,-32891.60,-32957.90,-31985.65
1775850809.363,-32891.60,-32957.90,-31985.65
1775850809.365,-32891.60,-32957.90,-31985.65
1775850809.395,-32891.60,-32957.90,-31985.65
1775850809.415,-32891.60,-32957.90,-31985.65
1775850809.427,-32891.60,-32957.90,-31985.65
1775850809.443,-32891.60,-32957.90,-31985.65
1775850809.443,-32891.60,-32957.90,-31985.65
1775850809.481,-32891.60,-32957.90,-31985.65
1775850809.493,-32891.60,-32957.90,-31985.65
1775850809.507,-32891.60,-32957.90,-31985.65
1775850809.522,-32891.60,-32957.90,-31985.65
1775850809.538,-32891.60,-32957.90,-31985.65
1775850809.544,-32891.60,-32957.90,-31985.65
1775850809.572,-32891.60,-32957.90,-31985.65
1775850809.587,-32891.60,-32957.90,-31985.65
1775850809.602,-32891.60,-32957.90,-31985.65
1775850809.607,-32891.60,-32957.90,-31985.65
1775850809.636,-32891.60,-32957.90,-31985.65
1775850809.649,-32891.60,-32957.90,-31985.65
1775850809.667,-32891.60,-32957.90,-31985.65
1775850809.682,-32891.60,-32957.90,-31985.65
1775850809.682,-32891.60,-32957.90,-31985.65
1775850809.716,-32891.60,-32957.90,-31985.65
1775850809.734,-32891.60,-32957.90,-31985.65
1775850809.745,-32891.60,-32957.90,-31985.65
1775850809.761,-32891.60,-32957.90,-31985.65
1775850809.781,-32891.60,-32957.90,-31985.65
1775850809.796,-32891.60,-32957.90,-31985.65
1775850809.809,-32891.60,-32957.90,-31985.65
1775850809.824,-32891.60,-32957.90,-31985.65
1775850809.830,-32891.60,-32957.90,-31985.65
1775850809.859,-32891.60,-32957.90,-31985.65
1775850809.871,-32891.60,-32957.90,-31985.65
1775850809.887,-32891.60,-32957.90,-31985.65
1775850809.903,-32891.60,-32957.90,-31985.65
1775850809.919,-32891.60,-32957.90,-31985.65
1775850809.931,-32891.60,-32957.90,-31985.65
1775850809.934,-32891.60,-32957.90,-31985.65
1775850809.966,-32891.60,-32957.90,-31985.65
1775850809.982,-32891.60,-32957.90,-31985.65
1775850809.988,-32891.60,-32957.90,-31985.65
1775850810.014,-32891.60,-32957.90,-31985.65
1775850810.030,-32891.60,-32957.90,-31985.65
1775850810.045,-32891.60,-32957.90,-31985.65
1775850810.052,-32891.60,-32957.90,-31985.65
1775850810.077,-32891.60,-32957.90,-31985.65
1775850810.093,-32891.60,-32957.90,-31985.65
1775850810.093,-32891.60,-32957.90,-31985.65
1775850810.131,-32891.60,-32957.90,-31985.65
1775850810.140,-32891.60,-32957.90,-31985.65
1775850810.156,-32891.60,-32957.90,-31985.65
1775850810.171,-32891.60,-32957.90,-31985.65
1775850810.187,-32891.60,-32957.90,-31985.65
1775850810.225,-32891.60,-32957.90,-31985.65
1775850810.240,-32891.60,-32957.90,-31985.65
1775850810.251,-32891.60,-32957.90,-31985.65
1775850810.267,-32891.60,-32957.90,-31985.65
1775850810.267,-32891.60,-32957.90,-31985.65
1775850810.307,-32891.60,-32957.90,-31985.65
1775850810.315,-32891.60,-32957.90,-31985.65
1775850810.331,-32891.60,-32957.90,-31985.65
1775850810.350,-32891.60,-32957.90,-31985.65
1775850810.369,-32891.60,-32957.90,-31985.65
1775850810.378,-32891.60,-32957.90,-31985.65
1775850810.394,-32891.60,-32957.90,-31985.65
1775850810.413,-32891.60,-32957.90,-31985.65
1775850810.427,-32891.60,-32957.90,-31985.65
1775850810.441,-32891.60,-32957.90,-31985.65
1775850810.442,-32891.60,-32957.90,-31985.65
1775850810.479,-32891.60,-32957.90,-31985.65
1775850810.493,-32891.60,-32957.90,-31985.65
1775850810.505,-32891.60,-32957.90,-31985.65
1775850810.521,-32891.60,-32957.90,-31985.65
1775850810.531,-32891.60,-32957.90,-31985.65
1775850810.543,-32891.60,-32957.90,-31985.65
1775850810.569,-32891.60,-32957.90,-31985.65
1775850810.584,-32891.60,-32957.90,-31985.65
1775850810.593,-32891.60,-32957.90,-31985.65
1775850810.615,-32891.60,-32957.90,-31985.65
1775850810.630,-32891.60,-32957.90,-31985.65
1775850810.642,-32891.60,-32957.90,-31985.65
1775850810.647,-32891.60,-32957.90,-31985.65
1775850810.666,-32891.60,-32957.90,-31985.65
1775850810.696,-32891.60,-32957.90,-31985.65
1775850810.714,-32891.60,-32957.90,-31985.65
1775850810.731,-32891.60,-32957.90,-31985.65
1775850810.745,-32891.60,-32957.90,-31985.65
1775850810.758,-32891.60,-32957.90,-31985.65
1775850810.759,-32891.60,-32957.90,-31985.65
1775850810.796,-32891.60,-32957.90,-31985.65
1775850810.810,-32891.60,-32957.90,-31985.65
1775850810.824,-32891.60,-32957.90,-31985.65
1775850810.831,-32891.60,-32957.90,-31985.65
1775850810.856,-32891.60,-32957.90,-31985.65
1775850810.863,-32891.60,-32957.90,-31985.65
1775850810.886,-32891.60,-32957.90,-31985.65
1775850810.902,-32891.60,-32957.90,-31985.65
1775850810.908,-32891.60,-32957.90,-31985.65
1775850810.936,-32891.60,-32957.90,-31985.65
1775850810.950,-32891.60,-32957.90,-31985.65
1775850810.950,-32891.60,-32957.90,-31985.65
1775850810.989,-32891.60,-32957.90,-31985.65
1775850811.003,-32891.60,-32957.90,-31985.65
1775850811.018,-32891.60,-32957.90,-31985.65
1775850811.032,-32891.60,-32957.90,-31985.65
1775850811.046,-32891.60,-32957.90,-31985.65
1775850811.060,-32891.60,-32957.90,-31985.65
1775850811.062,-32891.60,-32957.90,-31985.65
1775850811.091,-32891.60,-32957.90,-31985.65
1775850811.111,-32891.60,-32957.90,-31985.65
1775850811.124,-32891.60,-32957.90,-31985.65
1775850811.139,-32891.60,-32957.90,-31985.65
1775850811.155,-32891.60,-32957.90,-31985.65
1775850811.168,-32891.60,-32957.90,-31985.65
1775850811.176,-32891.60,-32957.90,-31985.65
1775850811.199,-32891.60,-32957.90,-31985.65
1775850811.214,-32891.60,-32957.90,-31985.65
1775850811.222,-32891.60,-32957.90,-31985.65
1775850811.245,-32891.60,-32957.90,-31985.65
1775850811.259,-32891.60,-32957.90,-31985.65
1775850811.265,-32891.60,-32957.90,-31985.65
1775850811.281,-32891.60,-32957.90,-31985.65
1775850811.312,-32891.60,-32957.90,-31985.65
1775850811.326,-32891.60,-32957.90,-31985.65
1775850811.338,-32891.60,-32957.90,-31985.65
1775850811.353,-32891.60,-32957.90,-31985.65
1775850811.364,-32891.60,-32957.90,-31985.65
1775850811.379,-32891.60,-32957.90,-31985.65
1775850811.396,-32891.60,-32957.90,-31985.65
1775850811.407,-32891.60,-32957.90,-31985.65
1775850811.426,-32891.60,-32957.90,-31985.65
1775850811.440,-32891.60,-32957.90,-31985.65
1775850811.454,-32891.60,-32957.90,-31985.65
1775850811.454,-32891.60,-32957.90,-31985.65
1775850811.488,-32891.60,-32957.90,-31985.65
1775850811.506,-32891.60,-32957.90,-31985.65
1775850811.520,-32891.60,-32957.90,-31985.65
1775850811.534,-32891.60,-32957.90,-31985.65
1775850811.534,-32891.60,-32957.90,-31985.65
1775850811.572,-32891.60,-32957.90,-31985.65
1775850811.582,-32891.60,-32957.90,-31985.65
1775850811.598,-32891.60,-32957.90,-31985.65
1775850811.616,-32891.60,-32957.90,-31985.65
1775850811.630,-32891.60,-32957.90,-31985.65
1775850811.632,-32891.60,-32957.90,-31985.65
1775850811.662,-32891.60,-32957.90,-31985.65
1775850811.683,-32891.60,-32957.90,-31985.65
1775850811.697,-32891.60,-32957.90,-31985.65
1775850811.709,-32891.60,-32957.90,-31985.65
1775850811.725,-32891.60,-32957.90,-31985.65
1775850811.733,-32891.60,-32957.90,-31985.65
1775850811.757,-32891.60,-32957.90,-31985.65
1775850811.761,-32891.60,-32957.90,-31985.65
1775850811.788,-32891.60,-32957.90,-31985.65
1775850811.806,-32891.60,-32957.90,-31985.65
1775850811.820,-32891.60,-32957.90,-31985.65
1775850811.833,-32891.60,-32957.90,-31985.65
1775850811.836,-32891.60,-32957.90,-31985.65
1775850811.868,-32891.60,-32957.90,-31985.65
1775850811.887,-32891.60,-32957.90,-31985.65
1775850811.900,-32891.60,-32957.90,-31985.65
1775850811.909,-32891.60,-32957.90,-31985.65
1775850811.917,-32891.60,-32957.90,-31985.65
1775850811.956,-32891.60,-32957.90,-31985.65
1775850811.963,-32891.60,-32957.90,-31985.65
1775850811.980,-32891.60,-32957.90,-31985.65
1775850811.996,-32891.60,-32957.90,-31985.65
1775850812.027,-32891.60,-32957.90,-31985.65
1775850812.036,-32891.60,-32957.90,-31985.65
1775850812.058,-32891.60,-32957.90,-31985.65
1775850812.061,-32891.60,-32957.90,-31985.65
1775850812.090,-32891.60,-32957.90,-31985.65
1775850812.106,-32891.60,-32957.90,-31985.65
1775850812.122,-32891.60,-32957.90,-31985.65
1775850812.140,-32891.60,-32957.90,-31985.65
1775850812.169,-32891.60,-32957.90,-31985.65
1775850812.185,-32891.60,-32957.90,-31985.65
1775850812.202,-32891.60,-32957.90,-31985.65
1775850812.205,-32891.60,-32957.90,-31985.65
1775850812.235,-32891.60,-32957.90,-31985.65
1775850812.250,-32891.60,-32957.90,-31985.65
1775850812.266,-32891.60,-32957.90,-31985.65
1775850812.272,-32891.60,-32957.90,-31985.65
1775850812.297,-32891.60,-32957.90,-31985.65
1775850812.313,-32891.60,-32957.90,-31985.65
1775850812.329,-32891.60,-32957.90,-31985.65
1775850812.334,-32891.60,-32957.90,-31985.65
1775850812.361,-32891.60,-32957.90,-31985.65
1775850812.377,-32891.60,-32957.90,-31985.65
1775850812.377,-32891.60,-32957.90,-31985.65
1775850812.409,-32891.60,-32957.90,-31985.65
1775850812.435,-32891.60,-32957.90,-31985.65
1775850812.441,-32891.60,-32957.90,-31985.65
1775850812.457,-32891.60,-32957.90,-31985.65
1775850812.489,-32891.60,-32957.90,-31985.65
1775850812.489,-32891.60,-32957.90,-31985.65
1775850812.529,-32891.60,-32957.90,-31985.65
1775850812.537,-32891.60,-32957.90,-31985.65
1775850812.558,-32891.60,-32957.90,-31985.65
1775850812.572,-32891.60,-32957.90,-31985.65
1775850812.587,-32891.60,-32957.90,-31985.65
1775850812.602,-32891.60,-32957.90,-31985.65
1775850812.605,-32891.60,-32957.90,-31985.65
1775850812.638,-32891.60,-32957.90,-31985.65
1775850812.650,-32891.60,-32957.90,-31985.65
1775850812.664,-32891.60,-32957.90,-31985.65
1775850812.680,-32891.60,-32957.90,-31985.65
1775850812.692,-32891.60,-32957.90,-31985.65
1775850812.696,-32891.60,-32957.90,-31985.65
1775850812.727,-32891.60,-32957.90,-31985.65
1775850812.742,-32891.60,-32957.90,-31985.65
1775850812.753,-32891.60,-32957.90,-31985.65
1775850812.758,-32891.60,-32957.90,-31985.65
1775850812.781,-32891.60,-32957.90,-31985.65
1775850812.805,-32891.60,-32957.90,-31985.65
1775850812.822,-32891.60,-32957.90,-31985.65
1775850812.835,-32891.60,-32957.90,-31985.65
1775850812.851,-32891.60,-32957.90,-31985.65
1775850812.862,-32891.60,-32957.90,-31985.65
1775850812.868,-32891.60,-32957.90,-31985.65
1775850812.886,-32891.60,-32957.90,-31985.65
1775850812.920,-32891.60,-32957.90,-31985.65
1775850812.935,-32891.60,-32957.90,-31985.65
1775850812.949,-32891.60,-32957.90,-31985.65
1775850812.965,-32891.60,-32957.90,-31985.65
1775850812.980,-32891.60,-32957.90,-31985.65
1775850812.980,-32891.60,-32957.90,-31985.65
1775850813.012,-32891.60,-32957.90,-31985.65
1775850813.036,-32891.60,-32957.90,-31985.65
1775850813.043,-32891.60,-32957.90,-31985.65
1775850813.059,-32891.60,-32957.90,-31985.65
1775850813.091,-32891.60,-32957.90,-31985.65
1775850813.095,-32891.60,-32957.90,-31985.65
1775850813.123,-32891.60,-32957.90,-31985.65
1775850813.140,-32891.60,-32957.90,-31985.65
1775850813.140,-32891.60,-32957.90,-31985.65
1775850813.179,-32891.60,-32957.90,-31985.65
1775850813.187,-32891.60,-32957.90,-31985.65
1775850813.204,-32891.60,-32957.90,-31985.65
1775850813.224,-32891.60,-32957.90,-31985.65
1775850813.236,-32891.60,-32957.90,-31985.65
1775850813.251,-32891.60,-32957.90,-31985.65
1775850813.267,-32891.60,-32957.90,-31985.65
1775850813.286,-32891.60,-32957.90,-31985.65
1775850813.300,-32891.60,-32957.90,-31985.65
1775850813.315,-32891.60,-32957.90,-31985.65
1775850813.331,-32891.60,-32957.90,-31985.65
1775850813.336,-32891.60,-32957.90,-31985.65
1775850813.363,-32891.60,-32957.90,-31985.65
1775850813.378,-32891.60,-32957.90,-31985.65
1775850813.378,-32891.60,-32957.90,-31985.65
1775850813.417,-32891.60,-32957.90,-31985.65
1775850813.431,-32891.60,-32957.90,-31985.65
1775850813.443,-32891.60,-32957.90,-31985.65
1775850813.459,-32891.60,-32957.90,-31985.65
1775850813.474,-32891.60,-32957.90,-31985.65
1775850813.488,-32891.60,-32957.90,-31985.65
1775850813.499,-32891.60,-32957.90,-31985.65
1775850813.514,-32891.60,-32957.90,-31985.65
1775850813.529,-32891.60,-32957.90,-31985.65
1775850813.540,-32891.60,-32957.90,-31985.65
1775850813.553,-32891.60,-32957.90,-31985.65
1775850813.572,-32891.60,-32957.90,-31985.65
1775850813.585,-32891.60,-32957.90,-31985.65
1775850813.600,-32891.60,-32957.90,-31985.65
1775850813.605,-32891.60,-32957.90,-31985.65
1775850813.632,-32891.60,-32957.90,-31985.65
1775850813.648,-32891.60,-32957.90,-31985.65
1775850813.652,-32891.60,-32957.90,-31985.65
1775850813.681,-32891.60,-32957.90,-31985.65
1775850813.695,-32891.60,-32957.90,-31985.65
1775850813.710,-32891.60,-32957.90,-31985.65
1775850813.721,-32891.60,-32957.90,-31985.65
1775850813.737,-32891.60,-32957.90,-31985.65
1775850813.742,-32891.60,-32957.90,-31985.65
1775850813.758,-32891.60,-32957.90,-31985.65
1775850813.793,-32891.60,-32957.90,-31985.65
1775850813.806,-32891.60,-32957.90,-31985.65
1775850813.822,-32891.60,-32957.90,-31985.65
1775850813.837,-32891.60,-32957.90,-31985.65
1775850813.837,-32891.60,-32957.90,-31985.65
1775850813.872,-32891.60,-32957.90,-31985.65
1775850813.885,-32891.60,-32957.90,-31985.65
1775850813.903,-32891.60,-32957.90,-31985.65
1775850813.935,-32891.60,-32957.90,-31985.65
1775850813.949,-32891.60,-32957.90,-31985.65
1775850813.954,-32891.60,-32957.90,-31985.65
1775850813.984,-32891.60,-32957.90,-31985.65
1775850813.997,-32891.60,-32957.90,-31985.65
1775850814.013,-32891.60,-32957.90,-31985.65
1775850814.023,-32891.60,-32957.90,-31985.65
1775850814.042,-32891.60,-32957.90,-31985.65
1775850814.053,-32891.60,-32957.90,-31985.65
1775850814.062,-32891.60,-32957.90,-31985.65
1775850814.076,-32891.60,-32957.90,-31985.65
1775850814.092,-32891.60,-32957.90,-31985.65
1775850814.127,-32891.60,-32957.90,-31985.65
1775850814.139,-32891.60,-32957.90,-31985.65
1775850814.155,-32891.60,-32957.90,-31985.65
1775850814.171,-32891.60,-32957.90,-31985.65
1775850814.173,-32891.60,-32957.90,-31985.65
1775850814.203,-32891.60,-32957.90,-31985.65
1775850814.226,-32891.60,-32957.90,-31985.65
1775850814.237,-32891.60,-32957.90,-31985.65
1775850814.254,-32891.60,-32957.90,-31985.65
1775850814.267,-32891.60,-32957.90,-31985.65
1775850814.267,-32891.60,-32957.90,-31985.65
1775850814.302,-32891.60,-32957.90,-31985.65
1775850814.317,-32891.60,-32957.90,-31985.65
1775850814.337,-32891.60,-32957.90,-31985.65
1775850814.349,-32891.60,-32957.90,-31985.65
1775850814.365,-32891.60,-32957.90,-31985.65
1775850814.380,-32891.60,-32957.90,-31985.65
1775850814.395,-32891.60,-32957.90,-31985.65
1775850814.411,-32891.60,-32957.90,-31985.65
1775850814.422,-32891.60,-32957.90,-31985.65
1775850814.437,-32891.60,-32957.90,-31985.65
1775850814.452,-32891.60,-32957.90,-31985.65
1775850814.460,-32891.60,-32957.90,-31985.65
1775850814.482,-32891.60,-32957.90,-31985.65
1775850814.490,-32891.60,-32957.90,-31985.65
1775850814.507,-32891.60,-32957.90,-31985.65
1775850814.522,-32891.60,-32957.90,-31985.65
1775850814.554,-32891.60,-32957.90,-31985.65
1775850814.572,-32891.60,-32957.90,-31985.65
1775850814.585,-32891.60,-32957.90,-31985.65
1775850814.585,-32891.60,-32957.90,-31985.65
1775850814.624,-32891.60,-32957.90,-31985.65
1775850814.638,-32891.60,-32957.90,-31985.65
1775850814.653,-32891.60,-32957.90,-31985.65
1775850814.667,-32891.60,-32957.90,-31985.65
1775850814.680,-32891.60,-32957.90,-31985.65
1775850814.694,-32891.60,-32957.90,-31985.65
1775850814.708,-32891.60,-32957.90,-31985.65
1775850814.713,-32891.60,-32957.90,-31985.65
1775850814.738,-32891.60,-32957.90,-31985.65
1775850814.754,-32891.60,-32957.90,-31985.65
1775850814.772,-32891.60,-32957.90,-31985.65
1775850814.784,-32891.60,-32957.90,-31985.65
1775850814.800,-32891.60,-32957.90,-31985.65
1775850814.812,-32891.60,-32957.90,-31985.65
1775850814.827,-32891.60,-32957.90,-31985.65
1775850814.841,-32891.60,-32957.90,-31985.65
1775850814.854,-32891.60,-32957.90,-31985.65
1775850814.870,-32891.60,-32957.90,-31985.65
1775850814.882,-32891.60,-32957.90,-31985.65
1775850814.898,-32891.60,-32957.90,-31985.65
1775850814.911,-32891.60,-32957.90,-31985.65
1775850814.925,-32891.60,-32957.90,-31985.65
1775850814.939,-32891.60,-32957.90,-31985.65
1775850814.953,-32891.60,-32957.90,-31985.65
1775850814.967,-32891.60,-32957.90,-31985.65
1775850814.980,-32891.60,-32957.90,-31985.65
1775850814.996,-32891.60,-32957.90,-31985.65
1775850815.008,-32891.60,-32957.90,-31985.65
1775850815.023,-32891.60,-32957.90,-31985.65
1775850815.038,-32891.60,-32957.90,-31985.65
1775850815.046,-32891.60,-32957.90,-31985.65
1775850815.068,-32891.60,-32957.90,-31985.65
1775850815.078,-32891.60,-32957.90,-31985.65
1775850815.096,-32891.60,-32957.90,-31985.65
1775850815.110,-32891.60,-32957.90,-31985.65
1775850815.124,-32891.60,-32957.90,-31985.65
1775850815.139,-32891.60,-32957.90,-31985.65
1775850815.152,-32891.60,-32957.90,-31985.65
1775850815.161,-32891.60,-32957.90,-31985.65
1775850815.181,-32891.60,-32957.90,-31985.65
1775850815.196,-32891.60,-32957.90,-31985.65
1775850815.211,-32891.60,-32957.90,-31985.65
1775850815.224,-32891.60,-32957.90,-31985.65
1775850815.239,-32891.60,-32957.90,-31985.65
1775850815.253,-32891.60,-32957.90,-31985.65
1775850815.265,-32891.60,-32957.90,-31985.65
1775850815.281,-32891.60,-32957.90,-31985.65
1775850815.294,-32891.60,-32957.90,-31985.65
1775850815.308,-32891.60,-32957.90,-31985.65
1775850815.312,-32891.60,-32957.90,-31985.65
1775850815.343,-32891.60,-32957.90,-31985.65
1775850815.356,-32891.60,-32957.90,-31985.65
1775850815.371,-32891.60,-32957.90,-31985.65
1775850815.375,-32891.60,-32957.90,-31985.65
1775850815.403,-32891.60,-32957.90,-31985.65
1775850815.413,-32891.60,-32957.90,-31985.65
1775850815.430,-32891.60,-32957.90,-31985.65
1775850815.446,-32891.60,-32957.90,-31985.65
1775850815.462,-32891.60,-32957.90,-31985.65
1775850815.479,-32891.60,-32957.90,-31985.65
1775850815.496,-32891.60,-32957.90,-31985.65
1775850815.504,-32891.60,-32957.90,-31985.65
1775850815.518,-32891.60,-32957.90,-31985.65
1775850815.545,-32891.60,-32957.90,-31985.65
1775850815.561,-32891.60,-32957.90,-31985.65
1775850815.578,-32891.60,-32957.90,-31985.65
1775850815.589,-32891.60,-32957.90,-31985.65
1775850815.599,-32891.60,-32957.90,-31985.65
1775850815.622,-32891.60,-32957.90,-31985.65
1775850815.639,-32891.60,-32957.90,-31985.65
1775850815.647,-32891.60,-32957.90,-31985.65
1775850815.662,-32891.60,-32957.90,-31985.65
1775850815.690,-32891.60,-32957.90,-31985.65
1775850815.701,-32891.60,-32957.90,-31985.65
1775850815.711,-32891.60,-32957.90,-31985.65
1775850815.727,-32891.60,-32957.90,-31985.65
1775850815.750,-32891.60,-32957.90,-31985.65
1775850815.764,-32891.60,-32957.90,-31985.65
1775850815.778,-32891.60,-32957.90,-31985.65
1775850815.792,-32891.60,-32957.90,-31985.65
1775850815.805,-32891.60,-32957.90,-31985.65
1775850815.820,-32891.60,-32957.90,-31985.65
1775850815.833,-32891.60,-32957.90,-31985.65
1775850815.847,-32891.60,-32957.90,-31985.65
1775850815.861,-32891.60,-32957.90,-31985.65
1775850815.875,-32891.60,-32957.90,-31985.65
1775850815.889,-32891.60,-32957.90,-31985.65
1775850815.902,-32891.60,-32957.90,-31985.65
1775850815.918,-32891.60,-32957.90,-31985.65
1775850815.932,-32891.60,-32957.90,-31985.65
1775850815.945,-32891.60,-32957.90,-31985.65
1775850815.960,-32891.60,-32957.90,-31985.65
1775850815.973,-32891.60,-32957.90,-31985.65
1775850815.987,-32891.60,-32957.90,-31985.65
1775850816.001,-32891.60,-32957.90,-31985.65
1775850816.015,-32891.60,-32957.90,-31985.65
1775850816.028,-32891.60,-32957.90,-31985.65
1775850816.042,-32891.60,-32957.90,-31985.65
1775850816.058,-32891.60,-32957.90,-31985.65
1775850816.072,-32891.60,-32957.90,-31985.65
1775850816.086,-32891.60,-32957.90,-31985.65
1775850816.100,-32891.60,-32957.90,-31985.65
1775850816.114,-32891.60,-32957.90,-31985.65
1775850816.127,-32891.60,-32957.90,-31985.65
1775850816.142,-32891.60,-32957.90,-31985.65
1775850816.155,-32891.60,-32957.90,-31985.65
1775850816.169,-32891.60,-32957.90,-31985.65
1775850816.183,-32891.60,-32957.90,-31985.65
1775850816.197,-32891.60,-32957.90,-31985.65
1775850816.211,-32891.60,-32957.90,-31985.65
1775850816.224,-32891.60,-32957.90,-31985.65
1775850816.240,-32891.60,-32957.90,-31985.65
1775850816.254,-32891.60,-32957.90,-31985.65
1775850816.267,-32891.60,-32957.90,-31985.65
1775850816.281,-32891.60,-32957.90,-31985.65
1775850816.295,-32891.60,-32957.90,-31985.65
1775850816.309,-32891.60,-32957.90,-31985.65
1775850816.323,-32891.60,-32957.90,-31985.65
1775850816.337,-32891.60,-32957.90,-31985.65
1775850816.351,-32891.60,-32957.90,-31985.65
1775850816.367,-32891.60,-32957.90,-31985.65
1775850816.380,-32891.60,-32957.90,-31985.65
1775850816.394,-32891.60,-32957.90,-31985.65
1775850816.408,-32891.60,-32957.90,-31985.65
1775850816.424,-32891.60,-32957.90,-31985.65
1775850816.437,-32891.60,-32957.90,-31985.65
1775850816.453,-32891.60,-32957.90,-31985.65
1775850816.467,-32891.60,-32957.90,-31985.65
1775850816.483,-32891.60,-32957.90,-31985.65
1775850816.497,-32891.60,-32957.90,-31985.65
1775850816.513,-32891.60,-32957.90,-31985.65
1775850816.527,-32891.60,-32957.90,-31985.65
1775850816.542,-32891.60,-32957.90,-31985.65
1775850816.556,-32891.60,-32957.90,-31985.65
1775850816.570,-32891.60,-32957.90,-31985.65
1775850816.585,-32891.60,-32957.90,-31985.65
1775850816.601,-32891.60,-32957.90,-31985.65
1775850816.615,-32891.60,-32957.90,-31985.65
1775850816.629,-32891.60,-32957.90,-31985.65
1775850816.645,-32891.60,-32957.90,-31985.65
1775850816.659,-32891.60,-32957.90,-31985.65
1775850816.673,-32891.60,-32957.90,-31985.65
1775850816.688,-32891.60,-32957.90,-31985.65
1775850816.704,-32891.60,-32957.90,-31985.65
1775850816.718,-32891.60,-32957.90,-31985.65
1775850816.732,-32891.60,-32957.90,-31985.65
1775850816.746,-32891.60,-32957.90,-31985.65
1775850816.761,-32891.60,-32957.90,-31985.65
1775850816.775,-32891.60,-32957.90,-31985.65
1775850816.793,-32891.60,-32957.90,-31985.65
1775850816.811,-32891.60,-32957.90,-31985.65
1775850816.827,-32891.60,-32957.90,-31985.65
1775850816.842,-32891.60,-32957.90,-31985.65
1775850816.858,-32891.60,-32957.90,-31985.65
1775850816.874,-32891.60,-32957.90,-31985.65
1775850816.889,-32891.60,-32957.90,-31985.65
1775850816.905,-32891.60,-32957.90,-31985.65
1775850816.921,-32891.60,-32957.90,-31985.65
1775850816.935,-32891.60,-32957.90,-31985.65
1775850816.949,-32891.60,-32957.90,-31985.65
1775850816.963,-32891.60,-32957.90,-31985.65
1775850816.978,-32891.60,-32957.90,-31985.65
1775850816.992,-32891.60,-32957.90,-31985.65
1775850817.008,-32891.60,-32957.90,-31985.65
1775850817.022,-32891.60,-32957.90,-31985.65
1775850817.037,-32891.60,-32957.90,-31985.65
1775850817.053,-32891.60,-32957.90,-31985.65
1775850817.067,-32891.60,-32957.90,-31985.65
1775850817.083,-32891.60,-32957.90,-31985.65
1775850817.097,-32891.60,-32957.90,-31985.65
1775850817.113,-32891.60,-32957.90,-31985.65
1775850817.127,-32891.60,-32957.90,-31985.65
1775850817.142,-32891.60,-32957.90,-31985.65
1775850817.156,-32891.60,-32957.90,-31985.65
1775850817.172,-32891.60,-32957.90,-31985.65
1775850817.187,-32891.60,-32957.90,-31985.65
1775850817.201,-32891.60,-32957.90,-31985.65
1775850817.217,-32891.60,-32957.90,-31985.65
1775850817.231,-32891.60,-32957.90,-31985.65
1775850817.247,-32891.60,-32957.90,-31985.65
1775850817.261,-32891.60,-32957.90,-31985.65
1775850817.274,-32891.60,-32957.90,-31985.65
1775850817.290,-32891.60,-32957.90,-31985.65
1775850817.306,-32891.60,-32957.90,-31985.65
1775850817.322,-32891.60,-32957.90,-31985.65
1775850817.337,-32891.60,-32957.90,-31985.65
1775850817.352,-32891.60,-32957.90,-31985.65
1775850817.367,-32891.60,-32957.90,-31985.65
1775850817.383,-32891.60,-32957.90,-31985.65
1775850817.397,-32891.60,-32957.90,-31985.65
1775850817.411,-32891.60,-32957.90,-31985.65
1775850817.427,-32891.60,-32957.90,-31985.65
1775850817.442,-32891.60,-32957.90,-31985.65
1775850817.456,-32891.60,-32957.90,-31985.65
1775850817.470,-32891.60,-32957.90,-31985.65
1775850817.483,-32891.60,-32957.90,-31985.65
1775850817.499,-32891.60,-32957.90,-31985.65
1775850817.513,-32891.60,-32957.90,-31985.65
1775850817.529,-32891.60,-32957.90,-31985.65
1775850817.543,-32891.60,-32957.90,-31985.65
1775850817.557,-32891.60,-32957.90,-31985.65
1775850817.572,-32891.60,-32957.90,-31985.65
1775850817.586,-32891.60,-32957.90,-31985.65
1775850817.602,-32891.60,-32957.90,-31985.65
1775850817.618,-32891.60,-32957.90,-31985.65
1775850817.632,-32891.60,-32957.90,-31985.65
1775850817.648,-32891.60,-32957.90,-31985.65
1775850817.661,-32891.60,-32957.90,-31985.65
1775850817.675,-32891.60,-32957.90,-31985.65
1775850817.691,-32891.60,-32957.90,-31985.65
1775850817.707,-32891.60,-32957.90,-31985.65
1775850817.720,-32891.60,-32957.90,-31985.65
1775850817.736,-32891.60,-32957.90,-31985.65
1775850817.750,-32891.60,-32957.90,-31985.65
1775850817.764,-32891.60,-32957.90,-31985.65
1775850817.778,-32891.60,-32957.90,-31985.65
1775850817.793,-32891.60,-32957.90,-31985.65
1775850817.807,-32891.60,-32957.90,-31985.65
1775850817.821,-32891.60,-32957.90,-31985.65
1775850817.837,-32891.60,-32957.90,-31985.65
1775850817.851,-32891.60,-32957.90,-31985.65
1775850817.864,-32891.60,-32957.90,-31985.65
1775850817.886,-32891.60,-32957.90,-31985.65
1775850817.904,-32891.60,-32957.90,-31985.65
1775850817.920,-32891.60,-32957.90,-31985.65
1775850817.934,-32891.60,-32957.90,-31985.65
1775850817.948,-32891.60,-32957.90,-31985.65
1775850817.963,-32891.60,-32957.90,-31985.65
1775850817.977,-32891.60,-32957.90,-31985.65
1775850817.993,-32891.60,-32957.90,-31985.65
1775850818.009,-32891.60,-32957.90,-31985.65
1775850818.022,-32891.60,-32957.90,-31985.65
1775850818.036,-32891.60,-32957.90,-31985.65
1775850818.052,-32891.60,-32957.90,-31985.65
1775850818.066,-32891.60,-32957.90,-31985.65
1775850818.079,-32891.60,-32957.90,-31985.65
1775850818.095,-32891.60,-32957.90,-31985.65
1775850818.111,-32891.60,-32957.90,-31985.65
1775850818.125,-32891.60,-32957.90,-31985.65
1775850818.140,-32891.60,-32957.90,-31985.65
1775850818.155,-32891.60,-32957.90,-31985.65
1775850818.170,-32891.60,-32957.90,-31985.65
1775850818.186,-32891.60,-32957.90,-31985.65
1775850818.200,-32891.60,-32957.90,-31985.65
1775850818.216,-32891.60,-32957.90,-31985.65
1775850818.230,-32891.60,-32957.90,-31985.65
1775850818.244,-32891.60,-32957.90,-31985.65
1775850818.257,-32891.60,-32957.90,-31985.65
1775850818.273,-32891.60,-32957.90,-31985.65
1775850818.289,-32891.60,-32957.90,-31985.65
1775850818.303,-32891.60,-32957.90,-31985.65
1775850818.318,-32891.60,-32957.90,-31985.65
1775850818.332,-32891.60,-32957.90,-31985.65
1775850818.348,-32891.60,-32957.90,-31985.65
1775850818.362,-32891.60,-32957.90,-31985.65
1775850818.376,-32891.60,-32957.90,-31985.65
1775850818.391,-32891.60,-32957.90,-31985.65
1775850818.405,-32891.60,-32957.90,-31985.65
1775850818.419,-32891.60,-32957.90,-31985.65
1775850818.433,-32891.60,-32957.90,-31985.65
1775850818.443,-32891.60,-32957.90,-31985.65
1775850818.459,-32891.60,-32957.90,-31985.65
1775850818.477,-32891.60,-32957.90,-31985.65
1775850818.490,-32891.60,-32957.90,-31985.65
1775850818.506,-32891.60,-32957.90,-31985.65
1775850818.506,-32891.60,-32957.90,-31985.65
1775850818.540,-32891.60,-32957.90,-31985.65
1775850818.560,-32891.60,-32957.90,-31985.65
1775850818.574,-32891.60,-32957.90,-31985.65
1775850818.588,-32891.60,-32957.90,-31985.65
1775850818.602,-32891.60,-32957.90,-31985.65
1775850818.613,-32891.60,-32957.90,-31985.65
1775850818.618,-32891.60,-32957.90,-31985.65
1775850818.640,-32891.60,-32957.90,-31985.65
1775850818.665,-32891.60,-32957.90,-31985.65
1775850818.681,-32891.60,-32957.90,-31985.65
1775850818.697,-32891.60,-32957.90,-31985.65
1775850818.697,-32891.60,-32957.90,-31985.65
1775850818.729,-32891.60,-32957.90,-31985.65
1775850818.748,-32891.60,-32957.90,-31985.65
1775850818.761,-32891.60,-32957.90,-31985.65
1775850818.793,-32891.60,-32957.90,-31985.65
1775850818.811,-32891.60,-32957.90,-31985.65
1775850818.825,-32891.60,-32957.90,-31985.65
1775850818.840,-32891.60,-32957.90,-31985.65
1775850818.849,-32891.60,-32957.90,-31985.65
1775850818.868,-32891.60,-32957.90,-31985.65
1775850818.882,-32891.60,-32957.90,-31985.65
1775850818.896,-32891.60,-32957.90,-31985.65
1775850818.909,-32891.60,-32957.90,-31985.65
1775850818.920,-32891.60,-32957.90,-31985.65
1775850818.939,-32891.60,-32957.90,-31985.65
1775850818.953,-32891.60,-32957.90,-31985.65
1775850818.953,-32891.60,-32957.90,-31985.65
1775850818.984,-32891.60,-32957.90,-31985.65
1775850819.026,-32891.60,-32957.90,-31985.65
1775850819.040,-32891.60,-32957.90,-31985.65
1775850819.048,-32891.60,-32957.90,-31985.65
1775850819.067,-32891.60,-32957.90,-31985.65
1775850819.080,-32891.60,-32957.90,-31985.65
1775850819.112,-32891.60,-32957.90,-31985.65
1775850819.125,-32891.60,-32957.90,-31985.65
1775850819.140,-32891.60,-32957.90,-31985.65
1775850819.153,-32891.60,-32957.90,-31985.65
1775850819.162,-32891.60,-32957.90,-31985.65
1775850819.178,-32891.60,-32957.90,-31985.65
1775850819.199,-32891.60,-32957.90,-31985.65
1775850819.209,-32891.60,-32957.90,-31985.65
1775850819.227,-32891.60,-32957.90,-31985.65
1775850819.240,-32891.60,-32957.90,-31985.65
1775850819.255,-32891.60,-32957.90,-31985.65
1775850819.269,-32891.60,-32957.90,-31985.65
1775850819.285,-32891.60,-32957.90,-31985.65
1775850819.297,-32891.60,-32957.90,-31985.65
1775850819.301,-32891.60,-32957.90,-31985.65
1775850819.333,-32891.60,-32957.90,-31985.65
1775850819.341,-32891.60,-32957.90,-31985.65
1775850819.363,-32891.60,-32957.90,-31985.65
1775850819.376,-32891.60,-32957.90,-31985.65
1775850819.391,-32891.60,-32957.90,-31985.65
1775850819.405,-32891.60,-32957.90,-31985.65
1775850819.420,-32891.60,-32957.90,-31985.65
1775850819.428,-32891.60,-32957.90,-31985.65
1775850819.448,-32891.60,-32957.90,-31985.65
1775850819.462,-32891.60,-32957.90,-31985.65
1775850819.475,-32891.60,-32957.90,-31985.65
1775850819.493,-32891.60,-32957.90,-31985.65
1775850819.507,-32891.60,-32957.90,-31985.65
1775850819.519,-32891.60,-32957.90,-31985.65
1775850819.525,-32891.60,-32957.90,-31985.65
1775850819.552,-32891.60,-32957.90,-31985.65
1775850819.567,-32891.60,-32957.90,-31985.65
1775850819.581,-32891.60,-32957.90,-31985.65
1775850819.590,-32891.60,-32957.90,-31985.65
1775850819.610,-32891.60,-32957.90,-31985.65
1775850819.625,-32891.60,-32957.90,-31985.65
1775850819.638,-32891.60,-32957.90,-31985.65
1775850819.650,-32891.60,-32957.90,-31985.65
1775850819.666,-32891.60,-32957.90,-31985.65
1775850819.677,-32891.60,-32957.90,-31985.65
1775850819.694,-32891.60,-32957.90,-31985.65
1775850819.702,-32891.60,-32957.90,-31985.65
1775850819.722,-32891.60,-32957.90,-31985.65
1775850819.739,-32891.60,-32957.90,-31985.65
1775850819.747,-32891.60,-32957.90,-31985.65
1775850819.768,-32891.60,-32957.90,-31985.65
1775850819.778,-32891.60,-32957.90,-31985.65
1775850819.793,-32891.60,-32957.90,-31985.65
1775850819.811,-32891.60,-32957.90,-31985.65
1775850819.825,-32891.60,-32957.90,-31985.65
1775850819.837,-32891.60,-32957.90,-31985.65
1775850819.853,-32891.60,-32957.90,-31985.65
1775850819.866,-32891.60,-32957.90,-31985.65
1775850819.881,-32891.60,-32957.90,-31985.65
1775850819.895,-32891.60,-32957.90,-31985.65
1775850819.910,-32891.60,-32957.90,-31985.65
1775850819.920,-32891.60,-32957.90,-31985.65
1775850819.938,-32891.60,-32957.90,-31985.65
1775850819.952,-32891.60,-32957.90,-31985.65
1775850819.963,-32891.60,-32957.90,-31985.65
1775850819.980,-32891.60,-32957.90,-31985.65
1775850819.994,-32891.60,-32957.90,-31985.65
1775850820.001,-32891.60,-32957.90,-31985.65
1775850820.019,-32891.60,-32957.90,-31985.65
1775850820.041,-32891.60,-32957.90,-31985.65
1775850820.049,-32891.60,-32957.90,-31985.65
1775850820.068,-32891.60,-32957.90,-31985.65
1775850820.080,-32891.60,-32957.90,-31985.65
1775850820.098,-32891.60,-32957.90,-31985.65
1775850820.113,-32891.60,-32957.90,-31985.65
1775850820.128,-32891.60,-32957.90,-31985.65
1775850820.141,-32891.60,-32957.90,-31985.65
1775850820.157,-32891.60,-32957.90,-31985.65
1775850820.165,-32891.60,-32957.90,-31985.65
1775850820.187,-32891.60,-32957.90,-31985.65
1775850820.191,-32891.60,-32957.90,-31985.65
1775850820.220,-32891.60,-32957.90,-31985.65
1775850820.232,-32891.60,-32957.90,-31985.65
1775850820.244,-32891.60,-32957.90,-31985.65
1775850820.253,-32891.60,-32957.90,-31985.65
1775850820.278,-32891.60,-32957.90,-31985.65
1775850820.291,-32891.60,-32957.90,-31985.65
1775850820.306,-32891.60,-32957.90,-31985.65
1775850820.320,-32891.60,-32957.90,-31985.65
1775850820.333,-32891.60,-32957.90,-31985.65
1775850820.348,-32891.60,-32957.90,-31985.65
1775850820.361,-32891.60,-32957.90,-31985.65
1775850820.377,-32891.60,-32957.90,-31985.65
1775850820.388,-32891.60,-32957.90,-31985.65
1775850820.399,-32891.60,-32957.90,-31985.65
1775850820.414,-32891.60,-32957.90,-31985.65
1775850820.426,-32891.60,-32957.90,-31985.65
1775850820.447,-32891.60,-32957.90,-31985.65
1775850820.460,-32891.60,-32957.90,-31985.65
1775850820.474,-32891.60,-32957.90,-31985.65
1775850820.474,-32891.60,-32957.90,-31985.65
1775850820.506,-32891.60,-32957.90,-31985.65
1775850820.527,-32891.60,-32957.90,-31985.65
1775850820.542,-32891.60,-32957.90,-31985.65
1775850820.555,-32891.60,-32957.90,-31985.65
1775850820.570,-32891.60,-32957.90,-31985.65
1775850820.601,-32891.60,-32957.90,-31985.65
1775850820.617,-32891.60,-32957.90,-31985.65
1775850820.642,-32891.60,-32957.90,-31985.65
1775850820.651,-32891.60,-32957.90,-31985.65
1775850820.681,-32891.60,-32957.90,-31985.65
1775850820.681,-32891.60,-32957.90,-31985.65
1775850820.714,-32891.60,-32957.90,-31985.65
1775850820.730,-32891.60,-32957.90,-31985.65
1775850820.759,-32891.60,-32957.90,-31985.65
1775850820.765,-32891.60,-32957.90,-31985.65
1775850820.781,-32891.60,-32957.90,-31985.65
1775850820.809,-32891.60,-32957.90,-31985.65
1775850820.824,-32891.60,-32957.90,-31985.65
1775850820.846,-32891.60,-32957.90,-31985.65
1775850820.856,-32891.60,-32957.90,-31985.65
1775850820.872,-32891.60,-32957.90,-31985.65
1775850820.905,-32891.60,-32957.90,-31985.65
1775850820.920,-32891.60,-32957.90,-31985.65
1775850820.935,-32891.60,-32957.90,-31985.65
1775850820.952,-32891.60,-32957.90,-31985.65
1775850820.954,-32891.60,-32957.90,-31985.65
1775850820.983,-32891.60,-32957.90,-31985.65
1775850821.000,-32891.60,-32957.90,-31985.65
1775850821.018,-32891.60,-32957.90,-31985.65
1775850821.032,-32891.60,-32957.90,-31985.65
1775850821.047,-32891.60,-32957.90,-31985.65
1775850821.067,-32891.60,-32957.90,-31985.65
1775850821.097,-32891.60,-32957.90,-31985.65
1775850821.112,-32891.60,-32957.90,-31985.65
1775850821.126,-32891.60,-32957.90,-31985.65
1775850821.143,-32891.60,-32957.90,-31985.65
1775850821.143,-32891.60,-32957.90,-31985.65
1775850821.175,-32891.60,-32957.90,-31985.65
1775850821.190,-32891.60,-32957.90,-31985.65
1775850821.209,-32891.60,-32957.90,-31985.65
1775850821.243,-32891.60,-32957.90,-31985.65
1775850821.254,-32891.60,-32957.90,-31985.65
1775850821.270,-32891.60,-32957.90,-31985.65
1775850821.286,-32891.60,-32957.90,-31985.65
1775850821.294,-32891.60,-32957.90,-31985.65
1775850821.318,-32891.60,-32957.90,-31985.65
1775850821.322,-32891.60,-32957.90,-31985.65
1775850821.352,-32891.60,-32957.90,-31985.65
1775850821.366,-32891.60,-32957.90,-31985.65
1775850821.380,-32891.60,-32957.90,-31985.65
1775850821.392,-32891.60,-32957.90,-31985.65
1775850821.407,-32891.60,-32957.90,-31985.65
1775850821.419,-32891.60,-32957.90,-31985.65
1775850821.436,-32891.60,-32957.90,-31985.65
1775850821.450,-32891.60,-32957.90,-31985.65
1775850821.462,-32891.60,-32957.90,-31985.65
1775850821.477,-32891.60,-32957.90,-31985.65
1775850821.489,-32891.60,-32957.90,-31985.65
1775850821.503,-32891.60,-32957.90,-31985.65
1775850821.517,-32891.60,-32957.90,-31985.65
1775850821.534,-32891.60,-32957.90,-31985.65
1775850821.547,-32891.60,-32957.90,-31985.65
1775850821.562,-32891.60,-32957.90,-31985.65
1775850821.575,-32891.60,-32957.90,-31985.65
1775850821.589,-32891.60,-32957.90,-31985.65
1775850821.604,-32891.60,-32957.90,-31985.65
1775850821.618,-32891.60,-32957.90,-31985.65
1775850821.631,-32891.60,-32957.90,-31985.65
1775850821.643,-32891.60,-32957.90,-31985.65
1775850821.656,-32891.60,-32957.90,-31985.65
1775850821.674,-32891.60,-32957.90,-31985.65
1775850821.683,-32891.60,-32957.90,-31985.65
1775850821.704,-32891.60,-32957.90,-31985.65
1775850821.718,-32891.60,-32957.90,-31985.65
1775850821.731,-32891.60,-32957.90,-31985.65
1775850821.746,-32891.60,-32957.90,-31985.65
1775850821.759,-32891.60,-32957.90,-31985.65
1775850821.773,-32891.60,-32957.90,-31985.65
1775850821.788,-32891.60,-32957.90,-31985.65
1775850821.799,-32891.60,-32957.90,-31985.65
1775850821.816,-32891.60,-32957.90,-31985.65
1775850821.829,-32891.60,-32957.90,-31985.65
1775850821.843,-32891.60,-32957.90,-31985.65
1775850821.858,-32891.60,-32957.90,-31985.65
1775850821.872,-32891.60,-32957.90,-31985.65
1775850821.872,-32891.60,-32957.90,-31985.65
1775850821.907,-32891.60,-32957.90,-31985.65
1775850821.928,-32891.60,-32957.90,-31985.65
1775850821.937,-32891.60,-32957.90,-31985.65
1775850821.950,-32891.60,-32957.90,-31985.65
1775850821.971,-32891.60,-32957.90,-31985.65
1775850821.990,-32891.60,-32957.90,-31985.65
1775850821.997,-32891.60,-32957.90,-31985.65
1775850822.014,-32891.60,-32957.90,-31985.65
1775850822.033,-32891.60,-32957.90,-31985.65
1775850822.057,-32891.60,-32957.90,-31985.65
1775850822.061,-32891.60,-32957.90,-31985.65
1775850822.081,-32891.60,-32957.90,-31985.65
1775850822.112,-32891.60,-32957.90,-31985.65
1775850822.125,-32891.60,-32957.90,-31985.65
1775850822.125,-32891.60,-32957.90,-31985.65
1775850822.164,-32891.60,-32957.90,-31985.65
1775850822.179,-32891.60,-32957.90,-31985.65
1775850822.188,-32891.60,-32957.90,-31985.65
1775850822.206,-32891.60,-32957.90,-31985.65
1775850822.222,-32891.60,-32957.90,-31985.65
1775850822.236,-32891.60,-32957.90,-31985.65
1775850822.250,-32891.60,-32957.90,-31985.65
1775850822.264,-32891.60,-32957.90,-31985.65
1775850822.269,-32891.60,-32957.90,-31985.65
1775850822.287,-32891.60,-32957.90,-31985.65
1775850822.316,-32891.60,-32957.90,-31985.65
1775850822.331,-32891.60,-32957.90,-31985.65
1775850822.347,-32891.60,-32957.90,-31985.65
1775850822.350,-32891.60,-32957.90,-31985.65
1775850822.381,-32891.60,-32957.90,-31985.65
1775850822.395,-32891.60,-32957.90,-31985.65
1775850822.411,-32891.60,-32957.90,-31985.65
1775850822.415,-32891.60,-32957.90,-31985.65
1775850822.445,-32891.60,-32957.90,-31985.65
1775850822.459,-32891.60,-32957.90,-31985.65
1775850822.474,-32891.60,-32957.90,-31985.65
1775850822.484,-32891.60,-32957.90,-31985.65
1775850822.504,-32891.60,-32957.90,-31985.65
1775850822.516,-32891.60,-32957.90,-31985.65
1775850822.521,-32891.60,-32957.90,-31985.65
1775850822.545,-32891.60,-32957.90,-31985.65
1775850822.568,-32891.60,-32957.90,-31985.65
1775850822.571,-32891.60,-32957.90,-31985.65
1775850822.604,-32891.60,-32957.90,-31985.65
1775850822.617,-32891.60,-32957.90,-31985.65
1775850822.631,-32891.60,-32957.90,-31985.65
1775850822.645,-32891.60,-32957.90,-31985.65
1775850822.648,-32891.60,-32957.90,-31985.65
1775850822.681,-32891.60,-32957.90,-31985.65
1775850822.695,-32891.60,-32957.90,-31985.65
1775850822.695,-32891.60,-32957.90,-31985.65
1775850822.732,-32891.60,-32957.90,-31985.65
1775850822.748,-32891.60,-32957.90,-31985.65
1775850822.759,-32891.60,-32957.90,-31985.65
1775850822.775,-32891.60,-32957.90,-31985.65
1775850822.792,-32891.60,-32957.90,-31985.65
1775850822.806,-32891.60,-32957.90,-31985.65
1775850822.818,-32891.60,-32957.90,-31985.65
1775850822.822,-32891.60,-32957.90,-31985.65
1775850822.854,-32891.60,-32957.90,-31985.65
1775850822.857,-32891.60,-32957.90,-31985.65
1775850822.887,-32891.60,-32957.90,-31985.65
1775850822.902,-32891.60,-32957.90,-31985.65
1775850822.918,-32891.60,-32957.90,-31985.65
1775850822.933,-32891.60,-32957.90,-31985.65
1775850822.948,-32891.60,-32957.90,-31985.65
1775850822.949,-32891.60,-32957.90,-31985.65
1775850822.985,-32891.60,-32957.90,-31985.65
1775850823.000,-32891.60,-32957.90,-31985.65
1775850823.012,-32891.60,-32957.90,-31985.65
1775850823.028,-32891.60,-32957.90,-31985.65
1775850823.028,-32891.60,-32957.90,-31985.65
1775850823.067,-32891.60,-32957.90,-31985.65
1775850823.077,-32891.60,-32957.90,-31985.65
1775850823.094,-32891.60,-32957.90,-31985.65
1775850823.108,-32891.60,-32957.90,-31985.65
1775850823.123,-32891.60,-32957.90,-31985.65
1775850823.137,-32891.60,-32957.90,-31985.65
1775850823.145,-32891.60,-32957.90,-31985.65
1775850823.155,-32891.60,-32957.90,-31985.65
1775850823.190,-32891.60,-32957.90,-31985.65
1775850823.204,-32891.60,-32957.90,-31985.65
1775850823.204,-32891.60,-32957.90,-31985.65
1775850823.239,-32891.60,-32957.90,-31985.65
1775850823.259,-32891.60,-32957.90,-31985.65
1775850823.267,-32891.60,-32957.90,-31985.65
1775850823.283,-32891.60,-32957.90,-31985.65
1775850823.306,-32891.60,-32957.90,-31985.65
1775850823.320,-32891.60,-32957.90,-31985.65
1775850823.334,-32891.60,-32957.90,-31985.65
1775850823.347,-32891.60,-32957.90,-31985.65
1775850823.347,-32891.60,-32957.90,-31985.65
1775850823.389,-32891.60,-32957.90,-31985.65
1775850823.396,-32891.60,-32957.90,-31985.65
1775850823.411,-32891.60,-32957.90,-31985.65
1775850823.430,-32891.60,-32957.90,-31985.65
1775850823.458,-32891.60,-32957.90,-31985.65
1775850823.475,-32891.60,-32957.90,-31985.65
1775850823.491,-32891.60,-32957.90,-31985.65
1775850823.497,-32891.60,-32957.90,-31985.65
1775850823.521,-32891.60,-32957.90,-31985.65
1775850823.537,-32891.60,-32957.90,-31985.65
1775850823.552,-32891.60,-32957.90,-31985.65
1775850823.557,-32891.60,-32957.90,-31985.65
1775850823.584,-32891.60,-32957.90,-31985.65
1775850823.601,-32891.60,-32957.90,-31985.65
1775850823.603,-32891.60,-32957.90,-31985.65
1775850823.638,-32891.60,-32957.90,-31985.65
1775850823.648,-32891.60,-32957.90,-31985.65
1775850823.664,-32891.60,-32957.90,-31985.65
1775850823.680,-32891.60,-32957.90,-31985.65
1775850823.683,-32891.60,-32957.90,-31985.65
1775850823.711,-32891.60,-32957.90,-31985.65
1775850823.727,-32891.60,-32957.90,-31985.65
1775850823.745,-32891.60,-32957.90,-31985.65
1775850823.759,-32891.60,-32957.90,-31985.65
1775850823.773,-32891.60,-32957.90,-31985.65
1775850823.776,-32891.60,-32957.90,-31985.65
1775850823.808,-32891.60,-32957.90,-31985.65
1775850823.822,-32891.60,-32957.90,-31985.65
1775850823.836,-32891.60,-32957.90,-31985.65
1775850823.847,-32891.60,-32957.90,-31985.65
1775850823.858,-32891.60,-32957.90,-31985.65
1775850823.874,-32891.60,-32957.90,-31985.65
1775850823.893,-32891.60,-32957.90,-31985.65
1775850823.901,-32891.60,-32957.90,-31985.65
1775850823.918,-32891.60,-32957.90,-31985.65
1775850823.939,-32891.60,-32957.90,-31985.65
1775850823.954,-32891.60,-32957.90,-31985.65
1775850823.965,-32891.60,-32957.90,-31985.65
1775850823.981,-32891.60,-32957.90,-31985.65
1775850823.996,-32891.60,-32957.90,-31985.65
1775850824.003,-32891.60,-32957.90,-31985.65
1775850824.028,-32891.60,-32957.90,-31985.65
1775850824.028,-32891.60,-32957.90,-31985.65
1775850824.063,-32891.60,-32957.90,-31985.65
1775850824.080,-32891.60,-32957.90,-31985.65
1775850824.092,-32891.60,-32957.90,-31985.65
1775850824.108,-32891.60,-32957.90,-31985.65
1775850824.124,-32891.60,-32957.90,-31985.65
1775850824.138,-32891.60,-32957.90,-31985.65
1775850824.152,-32891.60,-32957.90,-31985.65
1775850824.166,-32891.60,-32957.90,-31985.65
1775850824.179,-32891.60,-32957.90,-31985.65
1775850824.187,-32891.60,-32957.90,-31985.65
1775850824.208,-32891.60,-32957.90,-31985.65
1775850824.224,-32891.60,-32957.90,-31985.65
1775850824.240,-32891.60,-32957.90,-31985.65
1775850824.251,-32891.60,-32957.90,-31985.65
1775850824.268,-32891.60,-32957.90,-31985.65
1775850824.282,-32891.60,-32957.90,-31985.65
1775850824.282,-32891.60,-32957.90,-31985.65
1775850824.315,-32891.60,-32957.90,-31985.65
1775850824.337,-32891.60,-32957.90,-31985.65
1775850824.348,-32891.60,-32957.90,-31985.65
1775850824.362,-32891.60,-32957.90,-31985.65
1775850824.385,-32891.60,-32957.90,-31985.65
1775850824.399,-32891.60,-32957.90,-31985.65
1775850824.410,-32891.60,-32957.90,-31985.65
1775850824.426,-32891.60,-32957.90,-31985.65
1775850824.441,-32891.60,-32957.90,-31985.65
1775850824.447,-32891.60,-32957.90,-31985.65
1775850824.472,-32891.60,-32957.90,-31985.65
1775850824.488,-32891.60,-32957.90,-31985.65
1775850824.504,-32891.60,-32957.90,-31985.65
1775850824.508,-32891.60,-32957.90,-31985.65
1775850824.538,-32891.60,-32957.90,-31985.65
1775850824.553,-32891.60,-32957.90,-31985.65
1775850824.568,-32891.60,-32957.90,-31985.65
1775850824.571,-32891.60,-32957.90,-31985.65
1775850824.599,-32891.60,-32957.90,-31985.65
1775850824.617,-32891.60,-32957.90,-31985.65
1775850824.634,-32891.60,-32957.90,-31985.65
1775850824.648,-32891.60,-32957.90,-31985.65
1775850824.661,-32891.60,-32957.90,-31985.65
1775850824.675,-32891.60,-32957.90,-31985.65
1775850824.682,-32891.60,-32957.90,-31985.65
1775850824.698,-32891.60,-32957.90,-31985.65
1775850824.727,-32891.60,-32957.90,-31985.65
1775850824.743,-32891.60,-32957.90,-31985.65
1775850824.747,-32891.60,-32957.90,-31985.65
1775850824.777,-32891.60,-32957.90,-31985.65
1775850824.790,-32891.60,-32957.90,-31985.65
1775850824.805,-32891.60,-32957.90,-31985.65
1775850824.808,-32891.60,-32957.90,-31985.65
1775850824.842,-32891.60,-32957.90,-31985.65
1775850824.853,-32891.60,-32957.90,-31985.65
1775850824.869,-32891.60,-32957.90,-31985.65
1775850824.869,-32891.60,-32957.90,-31985.65
1775850824.909,-32891.60,-32957.90,-31985.65
1775850824.917,-32891.60,-32957.90,-31985.65
1775850824.933,-32891.60,-32957.90,-31985.65
1775850824.949,-32891.60,-32957.90,-31985.65
1775850824.972,-32891.60,-32957.90,-31985.65
1775850824.981,-32891.60,-32957.90,-31985.65
1775850824.998,-32891.60,-32957.90,-31985.65
1775850825.015,-32891.60,-32957.90,-31985.65
1775850825.029,-32891.60,-32957.90,-31985.65
1775850825.044,-32891.60,-32957.90,-31985.65
1775850825.048,-32891.60,-32957.90,-31985.65
1775850825.079,-32891.60,-32957.90,-31985.65
1775850825.093,-32891.60,-32957.90,-31985.65
1775850825.108,-32891.60,-32957.90,-31985.65
1775850825.113,-32891.60,-32957.90,-31985.65
1775850825.141,-32891.60,-32957.90,-31985.65
1775850825.148,-32891.60,-32957.90,-31985.65
1775850825.173,-32891.60,-32957.90,-31985.65
1775850825.188,-32891.60,-32957.90,-31985.65
1775850825.190,-32891.60,-32957.90,-31985.65
1775850825.225,-32891.60,-32957.90,-31985.65
1775850825.237,-32891.60,-32957.90,-31985.65
1775850825.250,-32891.60,-32957.90,-31985.65
1775850825.270,-32891.60,-32957.90,-31985.65
1775850825.284,-32891.60,-32957.90,-31985.65
1775850825.298,-32891.60,-32957.90,-31985.65
1775850825.299,-32891.60,-32957.90,-31985.65
1775850825.335,-32891.60,-32957.90,-31985.65
1775850825.351,-32891.60,-32957.90,-31985.65
1775850825.362,-32891.60,-32957.90,-31985.65
1775850825.378,-32891.60,-32957.90,-31985.65
1775850825.378,-32891.60,-32957.90,-31985.65
1775850825.418,-32891.60,-32957.90,-31985.65
1775850825.426,-32891.60,-32957.90,-31985.65
1775850825.448,-32891.60,-32957.90,-31985.65
1775850825.464,-32891.60,-32957.90,-31985.65
1775850825.478,-32891.60,-32957.90,-31985.65
1775850825.492,-32891.60,-32957.90,-31985.65
1775850825.505,-32891.60,-32957.90,-31985.65
1775850825.505,-32891.60,-32957.90,-31985.65
1775850825.545,-32891.60,-32957.90,-31985.65
1775850825.555,-32891.60,-32957.90,-31985.65
1775850825.569,-32891.60,-32957.90,-31985.65
1775850825.588,-32891.60,-32957.90,-31985.65
1775850825.602,-32891.60,-32957.90,-31985.65
1775850825.616,-32891.60,-32957.90,-31985.65
1775850825.617,-32891.60,-32957.90,-31985.65
1775850825.654,-32891.60,-32957.90,-31985.65
1775850825.668,-32891.60,-32957.90,-31985.65
1775850825.682,-32891.60,-32957.90,-31985.65
1775850825.682,-32891.60,-32957.90,-31985.65
1775850825.717,-32891.60,-32957.90,-31985.65
1775850825.736,-32891.60,-32957.90,-31985.65
1775850825.749,-32891.60,-32957.90,-31985.65
1775850825.761,-32891.60,-32957.90,-31985.65
1775850825.778,-32891.60,-32957.90,-31985.65
1775850825.793,-32891.60,-32957.90,-31985.65
1775850825.807,-32891.60,-32957.90,-31985.65
1775850825.809,-32891.60,-32957.90,-31985.65
1775850825.845,-32891.60,-32957.90,-31985.65
1775850825.859,-32891.60,-32957.90,-31985.65
1775850825.873,-32891.60,-32957.90,-31985.65
1775850825.874,-32891.60,-32957.90,-31985.65
1775850825.908,-32891.60,-32957.90,-31985.65
1775850825.925,-32891.60,-32957.90,-31985.65
1775850825.939,-32891.60,-32957.90,-31985.65
1775850825.952,-32891.60,-32957.90,-31985.65
1775850825.968,-32891.60,-32957.90,-31985.65
1775850825.972,-32891.60,-32957.90,-31985.65
1775850826.004,-32891.60,-32957.90,-31985.65
1775850826.016,-32891.60,-32957.90,-31985.65
1775850826.032,-32891.60,-32957.90,-31985.65
1775850826.032,-32891.60,-32957.90,-31985.65
1775850826.064,-32891.60,-32957.90,-31985.65
1775850826.079,-32891.60,-32957.90,-31985.65
1775850826.098,-32891.60,-32957.90,-31985.65
1775850826.127,-32891.60,-32957.90,-31985.65
1775850826.149,-32891.60,-32957.90,-31985.65
1775850826.165,-32891.60,-32957.90,-31985.65
1775850826.178,-32891.60,-32957.90,-31985.65
1775850826.190,-32891.60,-32957.90,-31985.65
1775850826.206,-32891.60,-32957.90,-31985.65
1775850826.206,-32891.60,-32957.90,-31985.65
1775850826.242,-32891.60,-32957.90,-31985.65
1775850826.253,-32891.60,-32957.90,-31985.65
1775850826.269,-32891.60,-32957.90,-31985.65
1775850826.287,-32891.60,-32957.90,-31985.65
1775850826.302,-32891.60,-32957.90,-31985.65
1775850826.315,-32891.60,-32957.90,-31985.65
1775850826.317,-32891.60,-32957.90,-31985.65
1775850826.352,-32891.60,-32957.90,-31985.65
1775850826.366,-32891.60,-32957.90,-31985.65
1775850826.379,-32891.60,-32957.90,-31985.65
1775850826.381,-32891.60,-32957.90,-31985.65
1775850826.416,-32891.60,-32957.90,-31985.65
1775850826.429,-32891.60,-32957.90,-31985.65
1775850826.444,-32891.60,-32957.90,-31985.65
1775850826.449,-32891.60,-32957.90,-31985.65
1775850826.478,-32891.60,-32957.90,-31985.65
1775850826.480,-32891.60,-32957.90,-31985.65
1775850826.509,-32891.60,-32957.90,-31985.65
1775850826.531,-32891.60,-32957.90,-31985.65
1775850826.545,-32891.60,-32957.90,-31985.65
1775850826.560,-32891.60,-32957.90,-31985.65
1775850826.573,-32891.60,-32957.90,-31985.65
1775850826.588,-32891.60,-32957.90,-31985.65
1775850826.590,-32891.60,-32957.90,-31985.65
1775850826.626,-32891.60,-32957.90,-31985.65
1775850826.636,-32891.60,-32957.90,-31985.65
1775850826.653,-32891.60,-32957.90,-31985.65
1775850826.668,-32891.60,-32957.90,-31985.65
1775850826.674,-32891.60,-32957.90,-31985.65
1775850826.699,-32891.60,-32957.90,-31985.65
1775850826.716,-32891.60,-32957.90,-31985.65
1775850826.731,-32891.60,-32957.90,-31985.65
1775850826.735,-32891.60,-32957.90,-31985.65
1775850826.763,-32891.60,-32957.90,-31985.65
1775850826.780,-32891.60,-32957.90,-31985.65
1775850826.795,-32891.60,-32957.90,-31985.65
1775850826.799,-32891.60,-32957.90,-31985.65
1775850826.832,-32891.60,-32957.90,-31985.65
1775850826.843,-32891.60,-32957.90,-31985.65
1775850826.860,-32891.60,-32957.90,-31985.65
1775850826.875,-32891.60,-32957.90,-31985.65
1775850826.889,-32891.60,-32957.90,-31985.65
1775850826.891,-32891.60,-32957.90,-31985.65
1775850826.925,-32891.60,-32957.90,-31985.65
1775850826.939,-32891.60,-32957.90,-31985.65
1775850826.954,-32891.60,-32957.90,-31985.65
1775850826.956,-32891.60,-32957.90,-31985.65
1775850826.996,-32891.60,-32957.90,-31985.65
1775850827.010,-32891.60,-32957.90,-31985.65
1775850827.019,-32891.60,-32957.90,-31985.65
1775850827.035,-32891.60,-32957.90,-31985.65
1775850827.053,-32891.60,-32957.90,-31985.65
1775850827.067,-32891.60,-32957.90,-31985.65
1775850827.081,-32891.60,-32957.90,-31985.65
1775850827.091,-32891.60,-32957.90,-31985.65
1775850827.099,-32891.60,-32957.90,-31985.65
1775850827.131,-32891.60,-32957.90,-31985.65
1775850827.145,-32891.60,-32957.90,-31985.65
1775850827.150,-32891.60,-32957.90,-31985.65
1775850827.178,-32891.60,-32957.90,-31985.65
1775850827.184,-32891.60,-32957.90,-31985.65
1775850827.210,-32891.60,-32957.90,-31985.65
1775850827.210,-32891.60,-32957.90,-31985.65
1775850827.250,-32891.60,-32957.90,-31985.65
1775850827.264,-32891.60,-32957.90,-31985.65
1775850827.273,-32891.60,-32957.90,-31985.65
1775850827.290,-32891.60,-32957.90,-31985.65
1775850827.307,-32891.60,-32957.90,-31985.65
1775850827.321,-32891.60,-32957.90,-31985.65
1775850827.335,-32891.60,-32957.90,-31985.65
1775850827.338,-32891.60,-32957.90,-31985.65
1775850827.371,-32891.60,-32957.90,-31985.65
1775850827.386,-32891.60,-32957.90,-31985.65
1775850827.401,-32891.60,-32957.90,-31985.65
1775850827.403,-32891.60,-32957.90,-31985.65
1775850827.435,-32891.60,-32957.90,-31985.65
1775850827.453,-32891.60,-32957.90,-31985.65
1775850827.465,-32891.60,-32957.90,-31985.65
1775850827.481,-32891.60,-32957.90,-31985.65
1775850827.493,-32891.60,-32957.90,-31985.65
1775850827.497,-32891.60,-32957.90,-31985.65
1775850827.527,-32891.60,-32957.90,-31985.65
1775850827.543,-32891.60,-32957.90,-31985.65
1775850827.550,-32891.60,-32957.90,-31985.65
1775850827.574,-32891.60,-32957.90,-31985.65
1775850827.589,-32891.60,-32957.90,-31985.65
1775850827.597,-32891.60,-32957.90,-31985.65
1775850827.605,-32891.60,-32957.90,-31985.65
1775850827.642,-32891.60,-32957.90,-31985.65
1775850827.653,-32891.60,-32957.90,-31985.65
1775850827.669,-32891.60,-32957.90,-31985.65
1775850827.688,-32891.60,-32957.90,-31985.65
1775850827.702,-32891.60,-32957.90,-31985.65
1775850827.717,-32891.60,-32957.90,-31985.65
1775850827.717,-32891.60,-32957.90,-31985.65
1775850827.754,-32891.60,-32957.90,-31985.65
1775850827.770,-32891.60,-32957.90,-31985.65
1775850827.781,-32891.60,-32957.90,-31985.65
1775850827.796,-32891.60,-32957.90,-31985.65
1775850827.812,-32891.60,-32957.90,-31985.65
1775850827.816,-32891.60,-32957.90,-31985.65
1775850827.844,-32891.60,-32957.90,-31985.65
1775850827.861,-32891.60,-32957.90,-31985.65
1775850827.877,-32891.60,-32957.90,-31985.65
1775850827.880,-32891.60,-32957.90,-31985.65
1775850827.911,-32891.60,-32957.90,-31985.65
1775850827.923,-32891.60,-32957.90,-31985.65
1775850827.943,-32891.60,-32957.90,-31985.65
1775850827.956,-32891.60,-32957.90,-31985.65
1775850827.971,-32891.60,-32957.90,-31985.65
1775850827.971,-32891.60,-32957.90,-31985.65
1775850828.007,-32891.60,-32957.90,-31985.65
1775850828.024,-32891.60,-32957.90,-31985.65
1775850828.035,-32891.60,-32957.90,-31985.65
1775850828.051,-32891.60,-32957.90,-31985.65
1775850828.051,-32891.60,-32957.90,-31985.65
1775850828.091,-32891.60,-32957.90,-31985.65
1775850828.105,-32891.60,-32957.90,-31985.65
1775850828.119,-32891.60,-32957.90,-31985.65
1775850828.133,-32891.60,-32957.90,-31985.65
1775850828.147,-32891.60,-32957.90,-31985.65
1775850828.158,-32891.60,-32957.90,-31985.65
1775850828.163,-32891.60,-32957.90,-31985.65
1775850828.186,-32891.60,-32957.90,-31985.65
1775850828.213,-32891.60,-32957.90,-31985.65
1775850828.227,-32891.60,-32957.90,-31985.65
1775850828.240,-32891.60,-32957.90,-31985.65
1775850828.251,-32891.60,-32957.90,-31985.65
1775850828.258,-32891.60,-32957.90,-31985.65
1775850828.280,-32891.60,-32957.90,-31985.65
1775850828.305,-32891.60,-32957.90,-31985.65
1775850828.305,-32891.60,-32957.90,-31985.65
1775850828.342,-32891.60,-32957.90,-31985.65
1775850828.353,-32891.60,-32957.90,-31985.65
1775850828.369,-32891.60,-32957.90,-31985.65
1775850828.386,-32891.60,-32957.90,-31985.65
1775850828.408,-32891.60,-32957.90,-31985.65
1775850828.417,-32891.60,-32957.90,-31985.65
1775850828.433,-32891.60,-32957.90,-31985.65
1775850828.451,-32891.60,-32957.90,-31985.65
1775850828.469,-32891.60,-32957.90,-31985.65
1775850828.481,-32891.60,-32957.90,-31985.65
1775850828.498,-32891.60,-32957.90,-31985.65
1775850828.516,-32891.60,-32957.90,-31985.65
1775850828.530,-32891.60,-32957.90,-31985.65
1775850828.544,-32891.60,-32957.90,-31985.65
1775850828.551,-32891.60,-32957.90,-31985.65
1775850828.577,-32891.60,-32957.90,-31985.65
1775850828.592,-32891.60,-32957.90,-31985.65
1775850828.607,-32891.60,-32957.90,-31985.65
1775850828.618,-32891.60,-32957.90,-31985.65
1775850828.623,-32891.60,-32957.90,-31985.65
1775850828.656,-32891.60,-32957.90,-31985.65
1775850828.671,-32891.60,-32957.90,-31985.65
1775850828.671,-32891.60,-32957.90,-31985.65
1775850828.704,-32891.60,-32957.90,-31985.65
1775850828.724,-32891.60,-32957.90,-31985.65
1775850828.734,-32891.60,-32957.90,-31985.65
1775850828.752,-32891.60,-32957.90,-31985.65
1775850828.767,-32891.60,-32957.90,-31985.65
1775850828.786,-32891.60,-32957.90,-31985.65
1775850828.798,-32891.60,-32957.90,-31985.65
1775850828.814,-32891.60,-32957.90,-31985.65
1775850828.830,-32891.60,-32957.90,-31985.65
1775850828.831,-32891.60,-32957.90,-31985.65
1775850828.861,-32891.60,-32957.90,-31985.65
1775850828.877,-32891.60,-32957.90,-31985.65
1775850828.895,-32891.60,-32957.90,-31985.65
1775850828.925,-32891.60,-32957.90,-31985.65
1775850828.941,-32891.60,-32957.90,-31985.65
1775850828.957,-32891.60,-32957.90,-31985.65
1775850828.959,-32891.60,-32957.90,-31985.65
1775850828.995,-32891.60,-32957.90,-31985.65
1775850829.006,-32891.60,-32957.90,-31985.65
1775850829.022,-32891.60,-32957.90,-31985.65
1775850829.038,-32891.60,-32957.90,-31985.65
1775850829.052,-32891.60,-32957.90,-31985.65
1775850829.053,-32891.60,-32957.90,-31985.65
1775850829.085,-32891.60,-32957.90,-31985.65
1775850829.101,-32891.60,-32957.90,-31985.65
1775850829.117,-32891.60,-32957.90,-31985.65
1775850829.132,-32891.60,-32957.90,-31985.65
1775850829.152,-32891.60,-32957.90,-31985.65
1775850829.164,-32891.60,-32957.90,-31985.65
1775850829.180,-32891.60,-32957.90,-31985.65
1775850829.196,-32891.60,-32957.90,-31985.65
1775850829.196,-32891.60,-32957.90,-31985.65
1775850829.228,-32891.60,-32957.90,-31985.65
1775850829.252,-32891.60,-32957.90,-31985.65
1775850829.260,-32891.60,-32957.90,-31985.65
1775850829.276,-32891.60,-32957.90,-31985.65
1775850829.291,-32891.60,-32957.90,-31985.65
1775850829.323,-32891.60,-32957.90,-31985.65
1775850829.339,-32891.60,-32957.90,-31985.65
1775850829.355,-32891.60,-32957.90,-31985.65
1775850829.387,-32891.60,-32957.90,-31985.65
1775850829.387,-32891.60,-32957.90,-31985.65
1775850829.419,-32891.60,-32957.90,-31985.65
1775850829.435,-32891.60,-32957.90,-31985.65
1775850829.467,-32891.60,-32957.90,-31985.65
1775850829.467,-32891.60,-32957.90,-31985.65
1775850829.499,-32891.60,-32957.90,-31985.65
1775850829.516,-32891.60,-32957.90,-31985.65
1775850829.547,-32891.60,-32957.90,-31985.65
1775850829.553,-32891.60,-32957.90,-31985.65
1775850829.580,-32891.60,-32957.90,-31985.65
1775850829.595,-32891.60,-32957.90,-31985.65
1775850829.611,-32891.60,-32957.90,-31985.65
1775850829.615,-32891.60,-32957.90,-31985.65
1775850829.643,-32891.60,-32957.90,-31985.65
1775850829.658,-32891.60,-32957.90,-31985.65
1775850829.674,-32891.60,-32957.90,-31985.65
1775850829.687,-32891.60,-32957.90,-31985.65
1775850829.690,-32891.60,-32957.90,-31985.65
1775850829.723,-32891.60,-32957.90,-31985.65
1775850829.738,-32891.60,-32957.90,-31985.65
1775850829.744,-32891.60,-32957.90,-31985.65
1775850829.770,-32891.60,-32957.90,-31985.65
1775850829.770,-32891.60,-32957.90,-31985.65
1775850829.806,-32891.60,-32957.90,-31985.65
1775850829.818,-32891.60,-32957.90,-31985.65
1775850829.834,-32891.60,-32957.90,-31985.65
1775850829.854,-32891.60,-32957.90,-31985.65
1775850829.882,-32891.60,-32957.90,-31985.65
1775850829.898,-32891.60,-32957.90,-31985.65
1775850829.913,-32891.60,-32957.90,-31985.65
1775850829.913,-32891.60,-32957.90,-31985.65
1775850829.948,-32891.60,-32957.90,-31985.65
1775850829.961,-32891.60,-32957.90,-31985.65
1775850829.981,-32891.60,-32957.90,-31985.65
1775850830.007,-32891.60,-32957.90,-31985.65
1775850830.008,-32891.60,-32957.90,-31985.65
1775850830.043,-32891.60,-32957.90,-31985.65
1775850830.059,-32891.60,-32957.90,-31985.65
1775850830.073,-32891.60,-32957.90,-31985.65
1775850830.073,-32891.60,-32957.90,-31985.65
1775850830.106,-32891.60,-32957.90,-31985.65
1775850830.130,-32891.60,-32957.90,-31985.65
1775850830.138,-32891.60,-32957.90,-31985.65
1775850830.155,-32891.60,-32957.90,-31985.65
1775850830.170,-32891.60,-32957.90,-31985.65
1775850830.197,-32891.60,-32957.90,-31985.65
1775850830.198,-32891.60,-32957.90,-31985.65
1775850830.235,-32891.60,-32957.90,-31985.65
1775850830.249,-32891.60,-32957.90,-31985.65
1775850830.262,-32891.60,-32957.90,-31985.65
1775850830.262,-32891.60,-32957.90,-31985.65
1775850830.294,-32891.60,-32957.90,-31985.65
1775850830.319,-32891.60,-32957.90,-31985.65
1775850830.325,-32891.60,-32957.90,-31985.65
1775850830.341,-32891.60,-32957.90,-31985.65
1775850830.370,-32891.60,-32957.90,-31985.65
1775850830.386,-32891.60,-32957.90,-31985.65
1775850830.399,-32891.60,-32957.90,-31985.65
1775850830.409,-32891.60,-32957.90,-31985.65
1775850830.423,-32891.60,-32957.90,-31985.65
1775850830.442,-32891.60,-32957.90,-31985.65
1775850830.455,-32891.60,-32957.90,-31985.65
1775850830.468,-32891.60,-32957.90,-31985.65
1775850830.484,-32891.60,-32957.90,-31985.65
1775850830.488,-32891.60,-32957.90,-31985.65
1775850830.516,-32891.60,-32957.90,-31985.65
1775850830.533,-32891.60,-32957.90,-31985.65
1775850830.548,-32891.60,-32957.90,-31985.65
1775850830.556,-32891.60,-32957.90,-31985.65
1775850830.581,-32891.60,-32957.90,-31985.65
1775850830.581,-32891.60,-32957.90,-31985.65
1775850830.618,-32891.60,-32957.90,-31985.65
1775850830.634,-32891.60,-32957.90,-31985.65
1775850830.644,-32891.60,-32957.90,-31985.65
1775850830.660,-32891.60,-32957.90,-31985.65
1775850830.676,-32891.60,-32957.90,-31985.65
1775850830.680,-32891.60,-32957.90,-31985.65
1775850830.709,-32891.60,-32957.90,-31985.65
1775850830.724,-32891.60,-32957.90,-31985.65
1775850830.724,-32891.60,-32957.90,-31985.65
1775850830.764,-32891.60,-32957.90,-31985.65
1775850830.771,-32891.60,-32957.90,-31985.65
1775850830.787,-32891.60,-32957.90,-31985.65
1775850830.813,-32891.60,-32957.90,-31985.65
1775850830.828,-32891.60,-32957.90,-31985.65
1775850830.840,-32891.60,-32957.90,-31985.65
1775850830.855,-32891.60,-32957.90,-31985.65
1775850830.870,-32891.60,-32957.90,-31985.65
1775850830.884,-32891.60,-32957.90,-31985.65
1775850830.898,-32891.60,-32957.90,-31985.65
1775850830.898,-32891.60,-32957.90,-31985.65
1775850830.932,-32891.60,-32957.90,-31985.65
1775850830.952,-32891.60,-32957.90,-31985.65
1775850830.962,-32891.60,-32957.90,-31985.65
1775850830.977,-32891.60,-32957.90,-31985.65
1775850830.993,-32891.60,-32957.90,-31985.65
1775850830.997,-32891.60,-32957.90,-31985.65
1775850831.025,-32891.60,-32957.90,-31985.65
1775850831.042,-32891.60,-32957.90,-31985.65
1775850831.058,-32891.60,-32957.90,-31985.65
1775850831.060,-32891.60,-32957.90,-31985.65
1775850831.088,-32891.60,-32957.90,-31985.65
1775850831.105,-32891.60,-32957.90,-31985.65
1775850831.126,-32891.60,-32957.90,-31985.65
1775850831.141,-32891.60,-32957.90,-31985.65
1775850831.154,-32891.60,-32957.90,-31985.65
1775850831.168,-32891.60,-32957.90,-31985.65
1775850831.176,-32891.60,-32957.90,-31985.65
1775850831.199,-32891.60,-32957.90,-31985.65
1775850831.213,-32891.60,-32957.90,-31985.65
1775850831.215,-32891.60,-32957.90,-31985.65
1775850831.249,-32891.60,-32957.90,-31985.65
1775850831.263,-32891.60,-32957.90,-31985.65
1775850831.276,-32891.60,-32957.90,-31985.65
1775850831.278,-32891.60,-32957.90,-31985.65
1775850831.313,-32891.60,-32957.90,-31985.65
1775850831.326,-32891.60,-32957.90,-31985.65
1775850831.341,-32891.60,-32957.90,-31985.65
1775850831.355,-32891.60,-32957.90,-31985.65
1775850831.358,-32891.60,-32957.90,-31985.65
1775850831.389,-32891.60,-32957.90,-31985.65
1775850831.404,-32891.60,-32957.90,-31985.65
1775850831.409,-32891.60,-32957.90,-31985.65
1775850831.438,-32891.60,-32957.90,-31985.65
1775850831.440,-32891.60,-32957.90,-31985.65
1775850831.470,-32891.60,-32957.90,-31985.65
1775850831.487,-32891.60,-32957.90,-31985.65
1775850831.503,-32891.60,-32957.90,-31985.65
1775850831.517,-32891.60,-32957.90,-31985.65
1775850831.531,-32891.60,-32957.90,-31985.65
1775850831.533,-32891.60,-32957.90,-31985.65
1775850831.568,-32891.60,-32957.90,-31985.65
1775850831.582,-32891.60,-32957.90,-31985.65
1775850831.596,-32891.60,-32957.90,-31985.65
1775850831.597,-32891.60,-32957.90,-31985.65
1775850831.633,-32891.60,-32957.90,-31985.65
1775850831.647,-32891.60,-32957.90,-31985.65
1775850831.661,-32891.60,-32957.90,-31985.65
1775850831.661,-32891.60,-32957.90,-31985.65
1775850831.698,-32891.60,-32957.90,-31985.65
1775850831.715,-32891.60,-32957.90,-31985.65
1775850831.723,-32891.60,-32957.90,-31985.65
1775850831.739,-32891.60,-32957.90,-31985.65
1775850831.761,-32891.60,-32957.90,-31985.65
1775850831.775,-32891.60,-32957.90,-31985.65
1775850831.787,-32891.60,-32957.90,-31985.65
1775850831.803,-32891.60,-32957.90,-31985.65
1775850831.803,-32891.60,-32957.90,-31985.65
1775850831.842,-32891.60,-32957.90,-31985.65
1775850831.856,-32891.60,-32957.90,-31985.65
1775850831.867,-32891.60,-32957.90,-31985.65
1775850831.883,-32891.60,-32957.90,-31985.65
1775850831.889,-32891.60,-32957.90,-31985.65
1775850831.914,-32891.60,-32957.90,-31985.65
1775850831.930,-32891.60,-32957.90,-31985.65
1775850831.930,-32891.60,-32957.90,-31985.65
1775850831.970,-32891.60,-32957.90,-31985.65
1775850831.978,-32891.60,-32957.90,-31985.65
1775850832.001,-32891.60,-32957.90,-31985.65
1775850832.014,-32891.60,-32957.90,-31985.65
1775850832.029,-32891.60,-32957.90,-31985.65
1775850832.042,-32891.60,-32957.90,-31985.65
1775850832.057,-32891.60,-32957.90,-31985.65
1775850832.059,-32891.60,-32957.90,-31985.65
1775850832.095,-32891.60,-32957.90,-31985.65
1775850832.107,-32891.60,-32957.90,-31985.65
1775850832.123,-32891.60,-32957.90,-31985.65
1775850832.137,-32891.60,-32957.90,-31985.65
1775850832.141,-32891.60,-32957.90,-31985.65
1775850832.170,-32891.60,-32957.90,-31985.65
1775850832.185,-32891.60,-32957.90,-31985.65
1775850832.185,-32891.60,-32957.90,-31985.65
1775850832.223,-32891.60,-32957.90,-31985.65
1775850832.233,-32891.60,-32957.90,-31985.65
1775850832.248,-32891.60,-32957.90,-31985.65
1775850832.265,-32891.60,-32957.90,-31985.65
1775850832.280,-32891.60,-32957.90,-31985.65
1775850832.294,-32891.60,-32957.90,-31985.65
1775850832.296,-32891.60,-32957.90,-31985.65
1775850832.330,-32891.60,-32957.90,-31985.65
1775850832.344,-32891.60,-32957.90,-31985.65
1775850832.358,-32891.60,-32957.90,-31985.65
1775850832.359,-32891.60,-32957.90,-31985.65
1775850832.392,-32891.60,-32957.90,-31985.65
1775850832.410,-32891.60,-32957.90,-31985.65
1775850832.426,-32891.60,-32957.90,-31985.65
1775850832.438,-32891.60,-32957.90,-31985.65
1775850832.454,-32891.60,-32957.90,-31985.65
1775850832.458,-32891.60,-32957.90,-31985.65
1775850832.486,-32891.60,-32957.90,-31985.65
1775850832.503,-32891.60,-32957.90,-31985.65
1775850832.503,-32891.60,-32957.90,-31985.65
1775850832.542,-32891.60,-32957.90,-31985.65
1775850832.550,-32891.60,-32957.90,-31985.65
1775850832.570,-32891.60,-32957.90,-31985.65
1775850832.585,-32891.60,-32957.90,-31985.65
1775850832.601,-32891.60,-32957.90,-31985.65
1775850832.614,-32891.60,-32957.90,-31985.65
1775850832.629,-32891.60,-32957.90,-31985.65
1775850832.629,-32891.60,-32957.90,-31985.65
1775850832.669,-32891.60,-32957.90,-31985.65
1775850832.679,-32891.60,-32957.90,-31985.65
1775850832.693,-32891.60,-32957.90,-31985.65
1775850832.711,-32891.60,-32957.90,-31985.65
1775850832.726,-32891.60,-32957.90,-31985.65
1775850832.741,-32891.60,-32957.90,-31985.65
1775850832.741,-32891.60,-32957.90,-31985.65
1775850832.780,-32891.60,-32957.90,-31985.65
1775850832.794,-32891.60,-32957.90,-31985.65
1775850832.805,-32891.60,-32957.90,-31985.65
1775850832.822,-32891.60,-32957.90,-31985.65
1775850832.822,-32891.60,-32957.90,-31985.65
1775850832.861,-32891.60,-32957.90,-31985.65
1775850832.869,-32891.60,-32957.90,-31985.65
1775850832.885,-32891.60,-32957.90,-31985.65
1775850832.905,-32891.60,-32957.90,-31985.65
1775850832.925,-32891.60,-32957.90,-31985.65
1775850832.934,-32891.60,-32957.90,-31985.65
1775850832.951,-32891.60,-32957.90,-31985.65
1775850832.968,-32891.60,-32957.90,-31985.65
1775850832.983,-32891.60,-32957.90,-31985.65
1775850832.996,-32891.60,-32957.90,-31985.65
1775850833.002,-32891.60,-32957.90,-31985.65
1775850833.030,-32891.60,-32957.90,-31985.65
1775850833.044,-32891.60,-32957.90,-31985.65
1775850833.058,-32891.60,-32957.90,-31985.65
1775850833.059,-32891.60,-32957.90,-31985.65
1775850833.094,-32891.60,-32957.90,-31985.65
1775850833.109,-32891.60,-32957.90,-31985.65
1775850833.123,-32891.60,-32957.90,-31985.65
1775850833.123,-32891.60,-32957.90,-31985.65
1775850833.158,-32891.60,-32957.90,-31985.65
1775850833.176,-32891.60,-32957.90,-31985.65
1775850833.186,-32891.60,-32957.90,-31985.65
1775850833.202,-32891.60,-32957.90,-31985.65
1775850833.218,-32891.60,-32957.90,-31985.65
1775850833.220,-32891.60,-32957.90,-31985.65
1775850833.250,-32891.60,-32957.90,-31985.65
1775850833.265,-32891.60,-32957.90,-31985.65
1775850833.300,-32891.60,-32957.90,-31985.65
1775850833.313,-32891.60,-32957.90,-31985.65
1775850833.328,-32891.60,-32957.90,-31985.65
1775850833.329,-32891.60,-32957.90,-31985.65
1775850833.366,-32891.60,-32957.90,-31985.65
1775850833.377,-32891.60,-32957.90,-31985.65
1775850833.393,-32891.60,-32957.90,-31985.65
1775850833.393,-32891.60,-32957.90,-31985.65
1775850833.433,-32891.60,-32957.90,-31985.65
1775850833.441,-32891.60,-32957.90,-31985.65
1775850833.457,-32891.60,-32957.90,-31985.65
1775850833.480,-32891.60,-32957.90,-31985.65
1775850833.494,-32891.60,-32957.90,-31985.65
1775850833.508,-32891.60,-32957.90,-31985.65
1775850833.521,-32891.60,-32957.90,-31985.65
1775850833.535,-32891.60,-32957.90,-31985.65
1775850833.539,-32891.60,-32957.90,-31985.65
1775850833.568,-32891.60,-32957.90,-31985.65
1775850833.584,-32891.60,-32957.90,-31985.65
1775850833.584,-32891.60,-32957.90,-31985.65
1775850833.624,-32891.60,-32957.90,-31985.65
1775850833.631,-32891.60,-32957.90,-31985.65
1775850833.647,-32891.60,-32957.90,-31985.65
1775850833.667,-32891.60,-32957.90,-31985.65
1775850833.690,-32891.60,-32957.90,-31985.65
1775850833.697,-32891.60,-32957.90,-31985.65
1775850833.711,-32891.60,-32957.90,-31985.65
1775850833.739,-32891.60,-32957.90,-31985.65
1775850833.756,-32891.60,-32957.90,-31985.65
1775850833.764,-32891.60,-32957.90,-31985.65
1775850833.774,-32891.60,-32957.90,-31985.65
1775850833.808,-32891.60,-32957.90,-31985.65
1775850833.821,-32891.60,-32957.90,-31985.65
1775850833.822,-32891.60,-32957.90,-31985.65
1775850833.859,-32891.60,-32957.90,-31985.65
1775850833.874,-32891.60,-32957.90,-31985.65
1775850833.888,-32891.60,-32957.90,-31985.65
1775850833.902,-32891.60,-32957.90,-31985.65
1775850833.902,-32891.60,-32957.90,-31985.65
1775850833.941,-32891.60,-32957.90,-31985.65
1775850833.950,-32891.60,-32957.90,-31985.65
1775850833.965,-32891.60,-32957.90,-31985.65
1775850833.983,-32891.60,-32957.90,-31985.65
1775850833.999,-32891.60,-32957.90,-31985.65
1775850834.013,-32891.60,-32957.90,-31985.65
1775850834.028,-32891.60,-32957.90,-31985.65
1775850834.032,-32891.60,-32957.90,-31985.65
1775850834.061,-32891.60,-32957.90,-31985.65
1775850834.065,-32891.60,-32957.90,-31985.65
1775850834.093,-32891.60,-32957.90,-31985.65
1775850834.108,-32891.60,-32957.90,-31985.65
1775850834.128,-32891.60,-32957.90,-31985.65
1775850834.140,-32891.60,-32957.90,-31985.65
1775850834.157,-32891.60,-32957.90,-31985.65
1775850834.165,-32891.60,-32957.90,-31985.65
1775850834.188,-32891.60,-32957.90,-31985.65
1775850834.194,-32891.60,-32957.90,-31985.65
1775850834.218,-32891.60,-32957.90,-31985.65
1775850834.234,-32891.60,-32957.90,-31985.65
1775850834.236,-32891.60,-32957.90,-31985.65
1775850834.265,-32891.60,-32957.90,-31985.65
1775850834.281,-32891.60,-32957.90,-31985.65
1775850834.298,-32891.60,-32957.90,-31985.65
1775850834.329,-32891.60,-32957.90,-31985.65
1775850834.346,-32891.60,-32957.90,-31985.65
1775850834.362,-32891.60,-32957.90,-31985.65
1775850834.377,-32891.60,-32957.90,-31985.65
1775850834.381,-32891.60,-32957.90,-31985.65
1775850834.408,-32891.60,-32957.90,-31985.65
1775850834.425,-32891.60,-32957.90,-31985.65
1775850834.440,-32891.60,-32957.90,-31985.65
1775850834.444,-32891.60,-32957.90,-31985.65
1775850834.473,-32891.60,-32957.90,-31985.65
1775850834.490,-32891.60,-32957.90,-31985.65
1775850834.504,-32891.60,-32957.90,-31985.65
1775850834.508,-32891.60,-32957.90,-31985.65
1775850834.536,-32891.60,-32957.90,-31985.65
1775850834.554,-32891.60,-32957.90,-31985.65
1775850834.568,-32891.60,-32957.90,-31985.65
1775850834.575,-32891.60,-32957.90,-31985.65
1775850834.600,-32891.60,-32957.90,-31985.65
1775850834.600,-32891.60,-32957.90,-31985.65
1775850834.638,-32891.60,-32957.90,-31985.65
1775850834.648,-32891.60,-32957.90,-31985.65
1775850834.666,-32891.60,-32957.90,-31985.65
1775850834.680,-32891.60,-32957.90,-31985.65
1775850834.696,-32891.60,-32957.90,-31985.65
1775850834.700,-32891.60,-32957.90,-31985.65
1775850834.728,-32891.60,-32957.90,-31985.65
1775850834.746,-32891.60,-32957.90,-31985.65
1775850834.760,-32891.60,-32957.90,-31985.65
1775850834.776,-32891.60,-32957.90,-31985.65
1775850834.776,-32891.60,-32957.90,-31985.65
1775850834.812,-32891.60,-32957.90,-31985.65
1775850834.827,-32891.60,-32957.90,-31985.65
1775850834.839,-32891.60,-32957.90,-31985.65
1775850834.855,-32891.60,-32957.90,-31985.65
1775850834.872,-32891.60,-32957.90,-31985.65
1775850834.889,-32891.60,-32957.90,-31985.65
1775850834.903,-32891.60,-32957.90,-31985.65
1775850834.903,-32891.60,-32957.90,-31985.65
1775850834.940,-32891.60,-32957.90,-31985.65
1775850834.956,-32891.60,-32957.90,-31985.65
1775850834.968,-32891.60,-32957.90,-31985.65
1775850834.983,-32891.60,-32957.90,-31985.65
1775850834.999,-32891.60,-32957.90,-31985.65
1775850835.001,-32891.60,-32957.90,-31985.65
1775850835.031,-32891.60,-32957.90,-31985.65
1775850835.047,-32891.60,-32957.90,-31985.65
1775850835.068,-32891.60,-32957.90,-31985.65
1775850835.085,-32891.60,-32957.90,-31985.65
1775850835.099,-32891.60,-32957.90,-31985.65
1775850835.110,-32891.60,-32957.90,-31985.65
1775850835.126,-32891.60,-32957.90,-31985.65
1775850835.141,-32891.60,-32957.90,-31985.65
1775850835.145,-32891.60,-32957.90,-31985.65
1775850835.174,-32891.60,-32957.90,-31985.65
1775850835.189,-32891.60,-32957.90,-31985.65
1775850835.205,-32891.60,-32957.90,-31985.65
1775850835.207,-32891.60,-32957.90,-31985.65
1775850835.236,-32891.60,-32957.90,-31985.65
1775850835.254,-32891.60,-32957.90,-31985.65
1775850835.272,-32891.60,-32957.90,-31985.65
1775850835.284,-32891.60,-32957.90,-31985.65
1775850835.300,-32891.60,-32957.90,-31985.65
1775850835.317,-32891.60,-32957.90,-31985.65
1775850835.332,-32891.60,-32957.90,-31985.65
1775850835.337,-32891.60,-32957.90,-31985.65
1775850835.363,-32891.60,-32957.90,-31985.65
1775850835.380,-32891.60,-32957.90,-31985.65
1775850835.395,-32891.60,-32957.90,-31985.65
1775850835.410,-32891.60,-32957.90,-31985.65
1775850835.415,-32891.60,-32957.90,-31985.65
1775850835.444,-32891.60,-32957.90,-31985.65
1775850835.459,-32891.60,-32957.90,-31985.65
1775850835.474,-32891.60,-32957.90,-31985.65
1775850835.475,-32891.60,-32957.90,-31985.65
1775850835.511,-32891.60,-32957.90,-31985.65
1775850835.526,-32891.60,-32957.90,-31985.65
1775850835.540,-32891.60,-32957.90,-31985.65
1775850835.540,-32891.60,-32957.90,-31985.65
1775850835.575,-32891.60,-32957.90,-31985.65
1775850835.595,-32891.60,-32957.90,-31985.65
1775850835.606,-32891.60,-32957.90,-31985.65
1775850835.619,-32891.60,-32957.90,-31985.65
1775850835.637,-32891.60,-32957.90,-31985.65
1775850835.651,-32891.60,-32957.90,-31985.65
1775850835.665,-32891.60,-32957.90,-31985.65
1775850835.670,-32891.60,-32957.90,-31985.65
1775850835.699,-32891.60,-32957.90,-31985.65
1775850835.701,-32891.60,-32957.90,-31985.65
1775850835.733,-32891.60,-32957.90,-31985.65
1775850835.746,-32891.60,-32957.90,-31985.65
1775850835.764,-32891.60,-32957.90,-31985.65
1775850835.778,-32891.60,-32957.90,-31985.65
1775850835.793,-32891.60,-32957.90,-31985.65
1775850835.795,-32891.60,-32957.90,-31985.65
1775850835.830,-32891.60,-32957.90,-31985.65
1775850835.843,-32891.60,-32957.90,-31985.65
1775850835.858,-32891.60,-32957.90,-31985.65
1775850835.868,-32891.60,-32957.90,-31985.65
1775850835.873,-32891.60,-32957.90,-31985.65
1775850835.912,-32891.60,-32957.90,-31985.65
1775850835.923,-32891.60,-32957.90,-31985.65
1775850835.937,-32891.60,-32957.90,-31985.65
1775850835.953,-32891.60,-32957.90,-31985.65
1775850835.969,-32891.60,-32957.90,-31985.65
1775850835.983,-32891.60,-32957.90,-31985.65
1775850835.984,-32891.60,-32957.90,-31985.65
1775850836.020,-32891.60,-32957.90,-31985.65
1775850836.034,-32891.60,-32957.90,-31985.65
1775850836.048,-32891.60,-32957.90,-31985.65
1775850836.048,-32891.60,-32957.90,-31985.65
1775850836.083,-32891.60,-32957.90,-31985.65
1775850836.103,-32891.60,-32957.90,-31985.65
1775850836.112,-32891.60,-32957.90,-31985.65
1775850836.130,-32891.60,-32957.90,-31985.65
1775850836.146,-32891.60,-32957.90,-31985.65
1775850836.160,-32891.60,-32957.90,-31985.65
1775850836.174,-32891.60,-32957.90,-31985.65
1775850836.181,-32891.60,-32957.90,-31985.65
1775850836.197,-32891.60,-32957.90,-31985.65
1775850836.227,-32891.60,-32957.90,-31985.65
1775850836.240,-32891.60,-32957.90,-31985.65
1775850836.240,-32891.60,-32957.90,-31985.65
1775850836.275,-32891.60,-32957.90,-31985.65
1775850836.294,-32891.60,-32957.90,-31985.65
1775850836.304,-32891.60,-32957.90,-31985.65
1775850836.320,-32891.60,-32957.90,-31985.65
1775850836.336,-32891.60,-32957.90,-31985.65
1775850836.342,-32891.60,-32957.90,-31985.65
1775850836.369,-32891.60,-32957.90,-31985.65
1775850836.383,-32891.60,-32957.90,-31985.65
1775850836.383,-32891.60,-32957.90,-31985.65
1775850836.421,-32891.60,-32957.90,-31985.65
1775850836.432,-32891.60,-32957.90,-31985.65
1775850836.446,-32891.60,-32957.90,-31985.65
1775850836.463,-32891.60,-32957.90,-31985.65
1775850836.478,-32891.60,-32957.90,-31985.65
1775850836.492,-32891.60,-32957.90,-31985.65
1775850836.504,-32891.60,-32957.90,-31985.65
1775850836.510,-32891.60,-32957.90,-31985.65
1775850836.530,-32891.60,-32957.90,-31985.65
1775850836.559,-32891.60,-32957.90,-31985.65
1775850836.573,-32891.60,-32957.90,-31985.65
1775850836.576,-32891.60,-32957.90,-31985.65
1775850836.609,-32891.60,-32957.90,-31985.65
1775850836.623,-32891.60,-32957.90,-31985.65
1775850836.637,-32891.60,-32957.90,-31985.65
1775850836.643,-32891.60,-32957.90,-31985.65
1775850836.671,-32891.60,-32957.90,-31985.65
1775850836.684,-32891.60,-32957.90,-31985.65
1775850836.694,-32891.60,-32957.90,-31985.65
1775850836.714,-32891.60,-32957.90,-31985.65
1775850836.717,-32891.60,-32957.90,-31985.65
1775850836.750,-32891.60,-32957.90,-31985.65
1775850836.763,-32891.60,-32957.90,-31985.65
1775850836.769,-32891.60,-32957.90,-31985.65
1775850836.797,-32891.60,-32957.90,-31985.65
1775850836.811,-32891.60,-32957.90,-31985.65
1775850836.815,-32891.60,-32957.90,-31985.65
1775850836.846,-32891.60,-32957.90,-31985.65
1775850836.860,-32891.60,-32957.90,-31985.65
1775850836.874,-32891.60,-32957.90,-31985.65
1775850836.877,-32891.60,-32957.90,-31985.65
1775850836.911,-32891.60,-32957.90,-31985.65
1775850836.925,-32891.60,-32957.90,-31985.65
1775850836.939,-32891.60,-32957.90,-31985.65
1775850836.941,-32891.60,-32957.90,-31985.65
1775850836.973,-32891.60,-32957.90,-31985.65
1775850836.990,-32891.60,-32957.90,-31985.65
1775850837.004,-32891.60,-32957.90,-31985.65
1775850837.018,-32891.60,-32957.90,-31985.65
1775850837.020,-32891.60,-32957.90,-31985.65
1775850837.055,-32891.60,-32957.90,-31985.65
1775850837.069,-32891.60,-32957.90,-31985.65
1775850837.082,-32891.60,-32957.90,-31985.65
1775850837.090,-32891.60,-32957.90,-31985.65
1775850837.114,-32891.60,-32957.90,-31985.65
1775850837.130,-32891.60,-32957.90,-31985.65
1775850837.134,-32891.60,-32957.90,-31985.65
1775850837.165,-32891.60,-32957.90,-31985.65
1775850837.180,-32891.60,-32957.90,-31985.65
1775850837.194,-32891.60,-32957.90,-31985.65
1775850837.196,-32891.60,-32957.90,-31985.65
1775850837.231,-32891.60,-32957.90,-31985.65
1775850837.245,-32891.60,-32957.90,-31985.65
1775850837.259,-32891.60,-32957.90,-31985.65
1775850837.272,-32891.60,-32957.90,-31985.65
1775850837.272,-32891.60,-32957.90,-31985.65
1775850837.311,-32891.60,-32957.90,-31985.65
1775850837.325,-32891.60,-32957.90,-31985.65
1775850837.336,-32891.60,-32957.90,-31985.65
1775850837.354,-32891.60,-32957.90,-31985.65
1775850837.368,-32891.60,-32957.90,-31985.65
1775850837.378,-32891.60,-32957.90,-31985.65
1775850837.386,-32891.60,-32957.90,-31985.65
1775850837.417,-32891.60,-32957.90,-31985.65
1775850837.435,-32891.60,-32957.90,-31985.65
1775850837.449,-32891.60,-32957.90,-31985.65
1775850837.463,-32891.60,-32957.90,-31985.65
1775850837.471,-32891.60,-32957.90,-31985.65
1775850837.495,-32891.60,-32957.90,-31985.65
1775850837.510,-32891.60,-32957.90,-31985.65
1775850837.512,-32891.60,-32957.90,-31985.65
1775850837.543,-32891.60,-32957.90,-31985.65
1775850837.563,-32891.60,-32957.90,-31985.65
1775850837.577,-32891.60,-32957.90,-31985.65
1775850837.591,-32891.60,-32957.90,-31985.65
1775850837.591,-32891.60,-32957.90,-31985.65
1775850837.629,-32891.60,-32957.90,-31985.65
1775850837.642,-32891.60,-32957.90,-31985.65
1775850837.654,-32891.60,-32957.90,-31985.65
1775850837.671,-32891.60,-32957.90,-31985.65
1775850837.687,-32891.60,-32957.90,-31985.65
1775850837.700,-32891.60,-32957.90,-31985.65
1775850837.705,-32891.60,-32957.90,-31985.65
1775850837.734,-32891.60,-32957.90,-31985.65
1775850837.750,-32891.60,-32957.90,-31985.65
1775850837.765,-32891.60,-32957.90,-31985.65
1775850837.779,-32891.60,-32957.90,-31985.65
1775850837.782,-32891.60,-32957.90,-31985.65
1775850837.814,-32891.60,-32957.90,-31985.65
1775850837.820,-32891.60,-32957.90,-31985.65
1775850837.847,-32891.60,-32957.90,-31985.65
1775850837.863,-32891.60,-32957.90,-31985.65
1775850837.878,-32891.60,-32957.90,-31985.65
1775850837.893,-32891.60,-32957.90,-31985.65
1775850837.894,-32891.60,-32957.90,-31985.65
1775850837.925,-32891.60,-32957.90,-31985.65
1775850837.946,-32891.60,-32957.90,-31985.65
1775850837.959,-32891.60,-32957.90,-31985.65
1775850837.989,-32891.60,-32957.90,-31985.65
1775850838.005,-32891.60,-32957.90,-31985.65
1775850838.020,-32891.60,-32957.90,-31985.65
1775850838.024,-32891.60,-32957.90,-31985.65
1775850838.054,-32891.60,-32957.90,-31985.65
1775850838.070,-32891.60,-32957.90,-31985.65
1775850838.084,-32891.60,-32957.90,-31985.65
1775850838.086,-32891.60,-32957.90,-31985.65
1775850838.116,-32891.60,-32957.90,-31985.65
1775850838.137,-32891.60,-32957.90,-31985.65
1775850838.151,-32891.60,-32957.90,-31985.65
1775850838.165,-32891.60,-32957.90,-31985.65
1775850838.171,-32891.60,-32957.90,-31985.65
1775850838.198,-32891.60,-32957.90,-31985.65
1775850838.212,-32891.60,-32957.90,-31985.65
1775850838.219,-32891.60,-32957.90,-31985.65
1775850838.244,-32891.60,-32957.90,-31985.65
1775850838.259,-32891.60,-32957.90,-31985.65
1775850838.272,-32891.60,-32957.90,-31985.65
1775850838.279,-32891.60,-32957.90,-31985.65
1775850838.305,-32891.60,-32957.90,-31985.65
1775850838.308,-32891.60,-32957.90,-31985.65
1775850838.342,-32891.60,-32957.90,-31985.65
1775850838.353,-32891.60,-32957.90,-31985.65
1775850838.369,-32891.60,-32957.90,-31985.65
1775850838.386,-32891.60,-32957.90,-31985.65
1775850838.398,-32891.60,-32957.90,-31985.65
1775850838.407,-32891.60,-32957.90,-31985.65
1775850838.417,-32891.60,-32957.90,-31985.65
1775850838.456,-32891.60,-32957.90,-31985.65
1775850838.468,-32891.60,-32957.90,-31985.65
1775850838.480,-32891.60,-32957.90,-31985.65
1775850838.496,-32891.60,-32957.90,-31985.65
1775850838.512,-32891.60,-32957.90,-31985.65
1775850838.525,-32891.60,-32957.90,-31985.65
1775850838.529,-32891.60,-32957.90,-31985.65
1775850838.559,-32891.60,-32957.90,-31985.65
1775850838.576,-32891.60,-32957.90,-31985.65
1775850838.589,-32891.60,-32957.90,-31985.65
1775850838.593,-32891.60,-32957.90,-31985.65
1775850838.623,-32891.60,-32957.90,-31985.65
1775850838.638,-32891.60,-32957.90,-31985.65
1775850838.651,-32891.60,-32957.90,-31985.65
1775850838.656,-32891.60,-32957.90,-31985.65
1775850838.687,-32891.60,-32957.90,-31985.65
1775850838.687,-32891.60,-32957.90,-31985.65
1775850838.726,-32891.60,-32957.90,-31985.65
1775850838.734,-32891.60,-32957.90,-31985.65
1775850838.755,-32891.60,-32957.90,-31985.65
1775850838.771,-32891.60,-32957.90,-31985.65
1775850838.785,-32891.60,-32957.90,-31985.65
1775850838.799,-32891.60,-32957.90,-31985.65
1775850838.799,-32891.60,-32957.90,-31985.65
1775850838.839,-32891.60,-32957.90,-31985.65
1775850838.853,-32891.60,-32957.90,-31985.65
1775850838.866,-32891.60,-32957.90,-31985.65
1775850838.879,-32891.60,-32957.90,-31985.65
1775850838.894,-32891.60,-32957.90,-31985.65
1775850838.907,-32891.60,-32957.90,-31985.65
1775850838.913,-32891.60,-32957.90,-31985.65
1775850838.942,-32891.60,-32957.90,-31985.65
1775850838.950,-32891.60,-32957.90,-31985.65
1775850838.973,-32891.60,-32957.90,-31985.65
1775850838.987,-32891.60,-32957.90,-31985.65
1775850838.989,-32891.60,-32957.90,-31985.65
1775850839.025,-32891.60,-32957.90,-31985.65
1775850839.039,-32891.60,-32957.90,-31985.65
1775850839.052,-32891.60,-32957.90,-31985.65
1775850839.054,-32891.60,-32957.90,-31985.65
1775850839.090,-32891.60,-32957.90,-31985.65
1775850839.104,-32891.60,-32957.90,-31985.65
1775850839.116,-32891.60,-32957.90,-31985.65
1775850839.132,-32891.60,-32957.90,-31985.65
1775850839.134,-32891.60,-32957.90,-31985.65
1775850839.168,-32891.60,-32957.90,-31985.65
1775850839.180,-32891.60,-32957.90,-31985.65
1775850839.196,-32891.60,-32957.90,-31985.65
1775850839.211,-32891.60,-32957.90,-31985.65
1775850839.224,-32891.60,-32957.90,-31985.65
1775850839.229,-32891.60,-32957.90,-31985.65
1775850839.259,-32891.60,-32957.90,-31985.65
1775850839.273,-32891.60,-32957.90,-31985.65
1775850839.288,-32891.60,-32957.90,-31985.65
1775850839.296,-32891.60,-32957.90,-31985.65
1775850839.307,-32891.60,-32957.90,-31985.65
1775850839.341,-32891.60,-32957.90,-31985.65
1775850839.354,-32891.60,-32957.90,-31985.65
1775850839.357,-32891.60,-32957.90,-31985.65
1775850839.389,-32891.60,-32957.90,-31985.65
1775850839.404,-32891.60,-32957.90,-31985.65
1775850839.418,-32891.60,-32957.90,-31985.65
1775850839.418,-32891.60,-32957.90,-31985.65
1775850839.452,-32891.60,-32957.90,-31985.65
1775850839.473,-32891.60,-32957.90,-31985.65
1775850839.486,-32891.60,-32957.90,-31985.65
1775850839.498,-32891.60,-32957.90,-31985.65
1775850839.514,-32891.60,-32957.90,-31985.65
1775850839.514,-32891.60,-32957.90,-31985.65
1775850839.549,-32891.60,-32957.90,-31985.65
1775850839.563,-32891.60,-32957.90,-31985.65
1775850839.585,-32891.60,-32957.90,-31985.65
1775850839.600,-32891.60,-32957.90,-31985.65
1775850839.612,-32891.60,-32957.90,-31985.65
1775850839.626,-32891.60,-32957.90,-31985.65
1775850839.642,-32891.60,-32957.90,-31985.65
1775850839.642,-32891.60,-32957.90,-31985.65
1775850839.676,-32891.60,-32957.90,-31985.65
1775850839.690,-32891.60,-32957.90,-31985.65
1775850839.706,-32891.60,-32957.90,-31985.65
1775850839.740,-32891.60,-32957.90,-31985.65
1775850839.754,-32891.60,-32957.90,-31985.65
1775850839.777,-32891.60,-32957.90,-31985.65
1775850839.793,-32891.60,-32957.90,-31985.65
1775850839.806,-32891.60,-32957.90,-31985.65
1775850839.819,-32891.60,-32957.90,-31985.65
1775850839.835,-32891.60,-32957.90,-31985.65
1775850839.850,-32891.60,-32957.90,-31985.65
1775850839.864,-32891.60,-32957.90,-31985.65
1775850839.874,-32891.60,-32957.90,-31985.65
1775850839.882,-32891.60,-32957.90,-31985.65
1775850839.898,-32891.60,-32957.90,-31985.65
1775850839.932,-32891.60,-32957.90,-31985.65
1775850839.946,-32891.60,-32957.90,-31985.65
1775850839.950,-32891.60,-32957.90,-31985.65
1775850839.981,-32891.60,-32957.90,-31985.65
1775850839.996,-32891.60,-32957.90,-31985.65
1775850840.010,-32891.60,-32957.90,-31985.65
1775850840.024,-32891.60,-32957.90,-31985.65
1775850840.035,-32891.60,-32957.90,-31985.65
1775850840.041,-32891.60,-32957.90,-31985.65
1775850840.070,-32891.60,-32957.90,-31985.65
1775850840.077,-32891.60,-32957.90,-31985.65
1775850840.089,-32891.60,-32957.90,-31985.65
1775850840.122,-32891.60,-32957.90,-31985.65
1775850840.138,-32891.60,-32957.90,-31985.65
1775850840.150,-32891.60,-32957.90,-31985.65
1775850840.166,-32891.60,-32957.90,-31985.65
1775850840.175,-32891.60,-32957.90,-31985.65
1775850840.196,-32891.60,-32957.90,-31985.65
1775850840.196,-32891.60,-32957.90,-31985.65
1775850840.229,-32891.60,-32957.90,-31985.65
1775850840.248,-32891.60,-32957.90,-31985.65
1775850840.260,-32891.60,-32957.90,-31985.65
1775850840.292,-32891.60,-32957.90,-31985.65
1775850840.307,-32891.60,-32957.90,-31985.65
1775850840.309,-32891.60,-32957.90,-31985.65
1775850840.344,-32891.60,-32957.90,-31985.65
1775850840.355,-32891.60,-32957.90,-31985.65
1775850840.373,-32891.60,-32957.90,-31985.65
1775850840.387,-32891.60,-32957.90,-31985.65
1775850840.398,-32891.60,-32957.90,-31985.65
1775850840.415,-32891.60,-32957.90,-31985.65
1775850840.420,-32891.60,-32957.90,-31985.65
1775850840.449,-32891.60,-32957.90,-31985.65
1775850840.459,-32891.60,-32957.90,-31985.65
1775850840.479,-32891.60,-32957.90,-31985.65
1775850840.485,-32891.60,-32957.90,-31985.65
1775850840.500,-32891.60,-32957.90,-31985.65
1775850840.533,-32891.60,-32957.90,-31985.65
1775850840.547,-32891.60,-32957.90,-31985.65
1775850840.561,-32891.60,-32957.90,-31985.65
1775850840.565,-32891.60,-32957.90,-31985.65
1775850840.596,-32891.60,-32957.90,-31985.65
1775850840.610,-32891.60,-32957.90,-31985.65
1775850840.624,-32891.60,-32957.90,-31985.65
1775850840.627,-32891.60,-32957.90,-31985.65
1775850840.660,-32891.60,-32957.90,-31985.65
1775850840.671,-32891.60,-32957.90,-31985.65
1775850840.688,-32891.60,-32957.90,-31985.65
1775850840.703,-32891.60,-32957.90,-31985.65
1775850840.703,-32891.60,-32957.90,-31985.65
1775850840.735,-32891.60,-32957.90,-31985.65
1775850840.754,-32891.60,-32957.90,-31985.65
1775850840.776,-32891.60,-32957.90,-31985.65
1775850840.793,-32891.60,-32957.90,-31985.65
1775850840.801,-32891.60,-32957.90,-31985.65
1775850840.817,-32891.60,-32957.90,-31985.65
1775850840.832,-32891.60,-32957.90,-31985.65
1775850840.862,-32891.60,-32957.90,-31985.65
1775850840.877,-32891.60,-32957.90,-31985.65
1775850840.877,-32891.60,-32957.90,-31985.65
1775850840.915,-32891.60,-32957.90,-31985.65
1775850840.930,-32891.60,-32957.90,-31985.65
1775850840.941,-32891.60,-32957.90,-31985.65
1775850840.957,-32891.60,-32957.90,-31985.65
1775850840.974,-32891.60,-32957.90,-31985.65
1775850840.988,-32891.60,-32957.90,-31985.65
1775850840.990,-32891.60,-32957.90,-31985.65
1775850841.025,-32891.60,-32957.90,-31985.65
1775850841.038,-32891.60,-32957.90,-31985.65
1775850841.052,-32891.60,-32957.90,-31985.65
1775850841.052,-32891.60,-32957.90,-31985.65
1775850841.084,-32891.60,-32957.90,-31985.65
1775850841.111,-32891.60,-32957.90,-31985.65
1775850841.116,-32891.60,-32957.90,-31985.65
1775850841.137,-32891.60,-32957.90,-31985.65
1775850841.150,-32891.60,-32957.90,-31985.65
1775850841.180,-32891.60,-32957.90,-31985.65
1775850841.196,-32891.60,-32957.90,-31985.65
1775850841.213,-32891.60,-32957.90,-31985.65
1775850841.236,-32891.60,-32957.90,-31985.65
1775850841.243,-32891.60,-32957.90,-31985.65
1775850841.261,-32891.60,-32957.90,-31985.65
1775850841.277,-32891.60,-32957.90,-31985.65
1775850841.304,-32891.60,-32957.90,-31985.65
1775850841.307,-32891.60,-32957.90,-31985.65
1775850841.339,-32891.60,-32957.90,-31985.65
1775850841.339,-32891.60,-32957.90,-31985.65
1775850841.377,-32891.60,-32957.90,-31985.65
1775850841.390,-32891.60,-32957.90,-31985.65
1775850841.404,-32891.60,-32957.90,-31985.65
1775850841.419,-32891.60,-32957.90,-31985.65
1775850841.434,-32891.60,-32957.90,-31985.65
1775850841.439,-32891.60,-32957.90,-31985.65
1775850841.467,-32891.60,-32957.90,-31985.65
1775850841.483,-32891.60,-32957.90,-31985.65
1775850841.497,-32891.60,-32957.90,-31985.65
1775850841.497,-32891.60,-32957.90,-31985.65
1775850841.531,-32891.60,-32957.90,-31985.65
1775850841.551,-32891.60,-32957.90,-31985.65
1775850841.564,-32891.60,-32957.90,-31985.65
1775850841.578,-32891.60,-32957.90,-31985.65
1775850841.593,-32891.60,-32957.90,-31985.65
1775850841.593,-32891.60,-32957.90,-31985.65
1775850841.624,-32891.60,-32957.90,-31985.65
1775850841.642,-32891.60,-32957.90,-31985.65
1775850841.655,-32891.60,-32957.90,-31985.65
1775850841.694,-32891.60,-32957.90,-31985.65
1775850841.707,-32891.60,-32957.90,-31985.65
1775850841.722,-32891.60,-32957.90,-31985.65
1775850841.736,-32891.60,-32957.90,-31985.65
1775850841.750,-32891.60,-32957.90,-31985.65
1775850841.750,-32891.60,-32957.90,-31985.65
1775850841.782,-32891.60,-32957.90,-31985.65
1775850841.805,-32891.60,-32957.90,-31985.65
1775850841.815,-32891.60,-32957.90,-31985.65
1775850841.833,-32891.60,-32957.90,-31985.65
1775850841.847,-32891.60,-32957.90,-31985.65
1775850841.847,-32891.60,-32957.90,-31985.65
1775850841.878,-32891.60,-32957.90,-31985.65
1775850841.897,-32891.60,-32957.90,-31985.65
1775850841.911,-32891.60,-32957.90,-31985.65
1775850841.942,-32891.60,-32957.90,-31985.65
1775850841.962,-32891.60,-32957.90,-31985.65
1775850841.978,-32891.60,-32957.90,-31985.65
1775850841.993,-32891.60,-32957.90,-31985.65
1775850842.006,-32891.60,-32957.90,-31985.65
1775850842.006,-32891.60,-32957.90,-31985.65
1775850842.038,-32891.60,-32957.90,-31985.65
1775850842.066,-32891.60,-32957.90,-31985.65
1775850842.078,-32891.60,-32957.90,-31985.65
1775850842.091,-32891.60,-32957.90,-31985.65
1775850842.102,-32891.60,-32957.90,-31985.65
1775850842.122,-32891.60,-32957.90,-31985.65
1775850842.136,-32891.60,-32957.90,-31985.65
1775850842.150,-32891.60,-32957.90,-31985.65
1775850842.153,-32891.60,-32957.90,-31985.65
1775850842.181,-32891.60,-32957.90,-31985.65
1775850842.204,-32891.60,-32957.90,-31985.65
1775850842.215,-32891.60,-32957.90,-31985.65
1775850842.231,-32891.60,-32957.90,-31985.65
1775850842.246,-32891.60,-32957.90,-31985.65
1775850842.246,-32891.60,-32957.90,-31985.65
1775850842.279,-32891.60,-32957.90,-31985.65
1775850842.295,-32891.60,-32957.90,-31985.65
1775850842.310,-32891.60,-32957.90,-31985.65
1775850842.343,-32891.60,-32957.90,-31985.65
1775850842.357,-32891.60,-32957.90,-31985.65
1775850842.369,-32891.60,-32957.90,-31985.65
1775850842.378,-32891.60,-32957.90,-31985.65
1775850842.394,-32891.60,-32957.90,-31985.65
1775850842.406,-32891.60,-32957.90,-31985.65
1775850842.436,-32891.60,-32957.90,-31985.65
1775850842.451,-32891.60,-32957.90,-31985.65
1775850842.455,-32891.60,-32957.90,-31985.65
1775850842.483,-32891.60,-32957.90,-31985.65
1775850842.501,-32891.60,-32957.90,-31985.65
1775850842.515,-32891.60,-32957.90,-31985.65
1775850842.522,-32891.60,-32957.90,-31985.65
1775850842.546,-32891.60,-32957.90,-31985.65
1775850842.562,-32891.60,-32957.90,-31985.65
1775850842.562,-32891.60,-32957.90,-31985.65
1775850842.601,-32891.60,-32957.90,-31985.65
1775850842.616,-32891.60,-32957.90,-31985.65
1775850842.626,-32891.60,-32957.90,-31985.65
1775850842.643,-32891.60,-32957.90,-31985.65
1775850842.658,-32891.60,-32957.90,-31985.65
1775850842.659,-32891.60,-32957.90,-31985.65
1775850842.690,-32891.60,-32957.90,-31985.65
1775850842.710,-32891.60,-32957.90,-31985.65
1775850842.723,-32891.60,-32957.90,-31985.65
1775850842.738,-32891.60,-32957.90,-31985.65
1775850842.755,-32891.60,-32957.90,-31985.65
1775850842.770,-32891.60,-32957.90,-31985.65
1775850842.779,-32891.60,-32957.90,-31985.65
1775850842.801,-32891.60,-32957.90,-31985.65
1775850842.801,-32891.60,-32957.90,-31985.65
1775850842.839,-32891.60,-32957.90,-31985.65
1775850842.851,-32891.60,-32957.90,-31985.65
1775850842.867,-32891.60,-32957.90,-31985.65
1775850842.881,-32891.60,-32957.90,-31985.65
1775850842.898,-32891.60,-32957.90,-31985.65
1775850842.904,-32891.60,-32957.90,-31985.65
1775850842.930,-32891.60,-32957.90,-31985.65
1775850842.946,-32891.60,-32957.90,-31985.65
1775850842.960,-32891.60,-32957.90,-31985.65
1775850842.969,-32891.60,-32957.90,-31985.65
1775850842.991,-32891.60,-32957.90,-31985.65
1775850842.991,-32891.60,-32957.90,-31985.65
1775850843.029,-32891.60,-32957.90,-31985.65
1775850843.040,-32891.60,-32957.90,-31985.65
1775850843.055,-32891.60,-32957.90,-31985.65
1775850843.071,-32891.60,-32957.90,-31985.65
1775850843.089,-32891.60,-32957.90,-31985.65
1775850843.103,-32891.60,-32957.90,-31985.65
1775850843.103,-32891.60,-32957.90,-31985.65
1775850843.142,-32891.60,-32957.90,-31985.65
1775850843.156,-32891.60,-32957.90,-31985.65
1775850843.170,-32891.60,-32957.90,-31985.65
1775850843.184,-32891.60,-32957.90,-31985.65
1775850843.197,-32891.60,-32957.90,-31985.65
1775850843.197,-32891.60,-32957.90,-31985.65
1775850843.237,-32891.60,-32957.90,-31985.65
1775850843.246,-32891.60,-32957.90,-31985.65
1775850843.260,-32891.60,-32957.90,-31985.65
1775850843.280,-32891.60,-32957.90,-31985.65
1775850843.298,-32891.60,-32957.90,-31985.65
1775850843.308,-32891.60,-32957.90,-31985.65
1775850843.325,-32891.60,-32957.90,-31985.65
1775850843.340,-32891.60,-32957.90,-31985.65
1775850843.340,-32891.60,-32957.90,-31985.65
1775850843.380,-32891.60,-32957.90,-31985.65
1775850843.388,-32891.60,-32957.90,-31985.65
1775850843.404,-32891.60,-32957.90,-31985.65
1775850843.420,-32891.60,-32957.90,-31985.65
1775850843.436,-32891.60,-32957.90,-31985.65
1775850843.468,-32891.60,-32957.90,-31985.65
1775850843.483,-32891.60,-32957.90,-31985.65
1775850843.500,-32891.60,-32957.90,-31985.65
1775850843.531,-32891.60,-32957.90,-31985.65
1775850843.557,-32891.60,-32957.90,-31985.65
1775850843.567,-32891.60,-32957.90,-31985.65
1775850843.585,-32891.60,-32957.90,-31985.65
1775850843.594,-32891.60,-32957.90,-31985.65
1775850843.616,-32891.60,-32957.90,-31985.65
1775850843.629,-32891.60,-32957.90,-31985.65
1775850843.642,-32891.60,-32957.90,-31985.65
1775850843.657,-32891.60,-32957.90,-31985.65
1775850843.657,-32891.60,-32957.90,-31985.65
1775850843.693,-32891.60,-32957.90,-31985.65
1775850843.704,-32891.60,-32957.90,-31985.65
1775850843.720,-32891.60,-32957.90,-31985.65
1775850843.738,-32891.60,-32957.90,-31985.65
1775850843.753,-32891.60,-32957.90,-31985.65
1775850843.753,-32891.60,-32957.90,-31985.65
1775850843.787,-32891.60,-32957.90,-31985.65
1775850843.808,-32891.60,-32957.90,-31985.65
1775850843.819,-32891.60,-32957.90,-31985.65
1775850843.832,-32891.60,-32957.90,-31985.65
1775850843.847,-32891.60,-32957.90,-31985.65
1775850843.864,-32891.60,-32957.90,-31985.65
1775850843.878,-32891.60,-32957.90,-31985.65
1775850843.885,-32891.60,-32957.90,-31985.65
1775850843.897,-32891.60,-32957.90,-31985.65
1775850843.934,-32891.60,-32957.90,-31985.65
1775850843.947,-32891.60,-32957.90,-31985.65
1775850843.960,-32891.60,-32957.90,-31985.65
1775850843.978,-32891.60,-32957.90,-31985.65
1775850843.994,-32891.60,-32957.90,-31985.65
1775850844.008,-32891.60,-32957.90,-31985.65
1775850844.022,-32891.60,-32957.90,-31985.65
1775850844.022,-32891.60,-32957.90,-31985.65
1775850844.060,-32891.60,-32957.90,-31985.65
1775850844.072,-32891.60,-32957.90,-31985.65
1775850844.086,-32891.60,-32957.90,-31985.65
1775850844.102,-32891.60,-32957.90,-31985.65
1775850844.102,-32891.60,-32957.90,-31985.65
1775850844.138,-32891.60,-32957.90,-31985.65
1775850844.149,-32891.60,-32957.90,-31985.65
1775850844.165,-32891.60,-32957.90,-31985.65
1775850844.184,-32891.60,-32957.90,-31985.65
1775850844.198,-32891.60,-32957.90,-31985.65
1775850844.212,-32891.60,-32957.90,-31985.65
1775850844.220,-32891.60,-32957.90,-31985.65
1775850844.229,-32891.60,-32957.90,-31985.65
1775850844.261,-32891.60,-32957.90,-31985.65
1775850844.281,-32891.60,-32957.90,-31985.65
1775850844.292,-32891.60,-32957.90,-31985.65
1775850844.310,-32891.60,-32957.90,-31985.65
1775850844.339,-32891.60,-32957.90,-31985.65
1775850844.355,-32891.60,-32957.90,-31985.65
1775850844.374,-32891.60,-32957.90,-31985.65
1775850844.391,-32891.60,-32957.90,-31985.65
1775850844.403,-32891.60,-32957.90,-31985.65
1775850844.419,-32891.60,-32957.90,-31985.65
1775850844.440,-32891.60,-32957.90,-31985.65
1775850844.467,-32891.60,-32957.90,-31985.65
1775850844.481,-32891.60,-32957.90,-31985.65
1775850844.487,-32891.60,-32957.90,-31985.65
1775850844.514,-32891.60,-32957.90,-31985.65
1775850844.516,-32891.60,-32957.90,-31985.65
1775850844.547,-32891.60,-32957.90,-31985.65
1775850844.570,-32891.60,-32957.90,-31985.65
1775850844.582,-32891.60,-32957.90,-31985.65
1775850844.594,-32891.60,-32957.90,-31985.65
1775850844.611,-32891.60,-32957.90,-31985.65
1775850844.626,-32891.60,-32957.90,-31985.65
1775850844.641,-32891.60,-32957.90,-31985.65
1775850844.644,-32891.60,-32957.90,-31985.65
1775850844.675,-32891.60,-32957.90,-31985.65
1775850844.691,-32891.60,-32957.90,-31985.65
1775850844.705,-32891.60,-32957.90,-31985.65
1775850844.709,-32891.60,-32957.90,-31985.65
1775850844.740,-32891.60,-32957.90,-31985.65
1775850844.754,-32891.60,-32957.90,-31985.65
1775850844.765,-32891.60,-32957.90,-31985.65
1775850844.782,-32891.60,-32957.90,-31985.65
1775850844.786,-32891.60,-32957.90,-31985.65
1775850844.804,-32891.60,-32957.90,-31985.65
1775850844.836,-32891.60,-32957.90,-31985.65
1775850844.850,-32891.60,-32957.90,-31985.65
1775850844.866,-32891.60,-32957.90,-31985.65
1775850844.900,-32891.60,-32957.90,-31985.65
1775850844.914,-32891.60,-32957.90,-31985.65
1775850844.914,-32891.60,-32957.90,-31985.65
1775850844.953,-32891.60,-32957.90,-31985.65
1775850844.963,-32891.60,-32957.90,-31985.65
1775850844.978,-32891.60,-32957.90,-31985.65
1775850844.994,-32891.60,-32957.90,-31985.65
1775850845.009,-32891.60,-32957.90,-31985.65
1775850845.023,-32891.60,-32957.90,-31985.65
1775850845.028,-32891.60,-32957.90,-31985.65
1775850845.057,-32891.60,-32957.90,-31985.65
1775850845.064,-32891.60,-32957.90,-31985.65
1775850845.089,-32891.60,-32957.90,-31985.65
1775850845.090,-32891.60,-32957.90,-31985.65
1775850845.120,-32891.60,-32957.90,-31985.65
1775850845.145,-32891.60,-32957.90,-31985.65
1775850845.155,-32891.60,-32957.90,-31985.65
1775850845.169,-32891.60,-32957.90,-31985.65
1775850845.185,-32891.60,-32957.90,-31985.65
1775850845.201,-32891.60,-32957.90,-31985.65
1775850845.215,-32891.60,-32957.90,-31985.65
1775850845.221,-32891.60,-32957.90,-31985.65
1775850845.240,-32891.60,-32957.90,-31985.65
1775850845.265,-32891.60,-32957.90,-31985.65
1775850845.279,-32891.60,-32957.90,-31985.65
1775850845.283,-32891.60,-32957.90,-31985.65
1775850845.311,-32891.60,-32957.90,-31985.65
1775850845.328,-32891.60,-32957.90,-31985.65
1775850845.343,-32891.60,-32957.90,-31985.65
1775850845.344,-32891.60,-32957.90,-31985.65
1775850845.375,-32891.60,-32957.90,-31985.65
1775850845.397,-32891.60,-32957.90,-31985.65
1775850845.413,-32891.60,-32957.90,-31985.65
1775850845.423,-32891.60,-32957.90,-31985.65
1775850845.440,-32891.60,-32957.90,-31985.65
1775850845.458,-32891.60,-32957.90,-31985.65
1775850845.472,-32891.60,-32957.90,-31985.65
1775850845.483,-32891.60,-32957.90,-31985.65
1775850845.487,-32891.60,-32957.90,-31985.65
1775850845.521,-32891.60,-32957.90,-31985.65
1775850845.535,-32891.60,-32957.90,-31985.65
1775850845.535,-32891.60,-32957.90,-31985.65
1775850845.567,-32891.60,-32957.90,-31985.65
1775850845.594,-32891.60,-32957.90,-31985.65
1775850845.601,-32891.60,-32957.90,-31985.65
1775850845.616,-32891.60,-32957.90,-31985.65
1775850845.647,-32891.60,-32957.90,-31985.65
1775850845.661,-32891.60,-32957.90,-31985.65
1775850845.665,-32891.60,-32957.90,-31985.65
1775850845.695,-32891.60,-32957.90,-31985.65
1775850845.711,-32891.60,-32957.90,-31985.65
1775850845.727,-32891.60,-32957.90,-31985.65
1775850845.729,-32891.60,-32957.90,-31985.65
1775850845.758,-32891.60,-32957.90,-31985.65
1775850845.781,-32891.60,-32957.90,-31985.65
1775850845.791,-32891.60,-32957.90,-31985.65
1775850845.805,-32891.60,-32957.90,-31985.65
1775850845.821,-32891.60,-32957.90,-31985.65
1775850845.840,-32891.60,-32957.90,-31985.65
1775850845.854,-32891.60,-32957.90,-31985.65
1775850845.868,-32891.60,-32957.90,-31985.65
1775850845.868,-32891.60,-32957.90,-31985.65
1775850845.901,-32891.60,-32957.90,-31985.65
1775850845.921,-32891.60,-32957.90,-31985.65
1775850845.933,-32891.60,-32957.90,-31985.65
1775850845.963,-32891.60,-32957.90,-31985.65
1775850845.965,-32891.60,-32957.90,-31985.65
1775850845.995,-32891.60,-32957.90,-31985.65
1775850846.011,-32891.60,-32957.90,-31985.65
1775850846.036,-32891.60,-32957.90,-31985.65
1775850846.047,-32891.60,-32957.90,-31985.65
1775850846.062,-32891.60,-32957.90,-31985.65
1775850846.078,-32891.60,-32957.90,-31985.65
1775850846.091,-32891.60,-32957.90,-31985.65
1775850846.106,-32891.60,-32957.90,-31985.65
1775850846.114,-32891.60,-32957.90,-31985.65
1775850846.137,-32891.60,-32957.90,-31985.65
1775850846.137,-32891.60,-32957.90,-31985.65
1775850846.173,-32891.60,-32957.90,-31985.65
1775850846.185,-32891.60,-32957.90,-31985.65
1775850846.201,-32891.60,-32957.90,-31985.65
1775850846.219,-32891.60,-32957.90,-31985.65
1775850846.249,-32891.60,-32957.90,-31985.65
1775850846.264,-32891.60,-32957.90,-31985.65
1775850846.280,-32891.60,-32957.90,-31985.65
1775850846.285,-32891.60,-32957.90,-31985.65
1775850846.312,-32891.60,-32957.90,-31985.65
1775850846.329,-32891.60,-32957.90,-31985.65
1775850846.329,-32891.60,-32957.90,-31985.65
1775850846.363,-32891.60,-32957.90,-31985.65
1775850846.376,-32891.60,-32957.90,-31985.65
1775850846.392,-32891.60,-32957.90,-31985.65
1775850846.425,-32891.60,-32957.90,-31985.65
1775850846.429,-32891.60,-32957.90,-31985.65
1775850846.455,-32891.60,-32957.90,-31985.65
1775850846.475,-32891.60,-32957.90,-31985.65
1775850846.488,-32891.60,-32957.90,-31985.65
1775850846.503,-32891.60,-32957.90,-31985.65
1775850846.503,-32891.60,-32957.90,-31985.65
1775850846.542,-32891.60,-32957.90,-31985.65
1775850846.553,-32891.60,-32957.90,-31985.65
1775850846.567,-32891.60,-32957.90,-31985.65
1775850846.586,-32891.60,-32957.90,-31985.65
1775850846.601,-32891.60,-32957.90,-31985.65
1775850846.615,-32891.60,-32957.90,-31985.65
1775850846.621,-32891.60,-32957.90,-31985.65
1775850846.647,-32891.60,-32957.90,-31985.65
1775850846.663,-32891.60,-32957.90,-31985.65
1775850846.665,-32891.60,-32957.90,-31985.65
1775850846.696,-32891.60,-32957.90,-31985.65
1775850846.711,-32891.60,-32957.90,-31985.65
1775850846.728,-32891.60,-32957.90,-31985.65
1775850846.743,-32891.60,-32957.90,-31985.65
1775850846.743,-32891.60,-32957.90,-31985.65
1775850846.774,-32891.60,-32957.90,-31985.65
1775850846.794,-32891.60,-32957.90,-31985.65
1775850846.809,-32891.60,-32957.90,-31985.65
1775850846.841,-32891.60,-32957.90,-31985.65
1775850846.853,-32891.60,-32957.90,-31985.65
1775850846.870,-32891.60,-32957.90,-31985.65
1775850846.872,-32891.60,-32957.90,-31985.65
1775850846.901,-32891.60,-32957.90,-31985.65
1775850846.919,-32891.60,-32957.90,-31985.65
1775850846.940,-32891.60,-32957.90,-31985.65
1775850846.949,-32891.60,-32957.90,-31985.65
1775850846.965,-32891.60,-32957.90,-31985.65
1775850846.987,-32891.60,-32957.90,-31985.65
1775850847.002,-32891.60,-32957.90,-31985.65
1775850847.014,-32891.60,-32957.90,-31985.65
1775850847.030,-32891.60,-32957.90,-31985.65
1775850847.030,-32891.60,-32957.90,-31985.65
1775850847.069,-32891.60,-32957.90,-31985.65
1775850847.077,-32891.60,-32957.90,-31985.65
1775850847.093,-32891.60,-32957.90,-31985.65
1775850847.109,-32891.60,-32957.90,-31985.65
1775850847.125,-32891.60,-32957.90,-31985.65
1775850847.141,-32891.60,-32957.90,-31985.65
1775850847.173,-32891.60,-32957.90,-31985.65
1775850847.189,-32891.60,-32957.90,-31985.65
1775850847.205,-32891.60,-32957.90,-31985.65
1775850847.237,-32891.60,-32957.90,-31985.65
1775850847.253,-32891.60,-32957.90,-31985.65
1775850847.253,-32891.60,-32957.90,-31985.65
1775850847.288,-32891.60,-32957.90,-31985.65
1775850847.301,-32891.60,-32957.90,-31985.65
1775850847.317,-32891.60,-32957.90,-31985.65
1775850847.349,-32891.60,-32957.90,-31985.65
1775850847.349,-32891.60,-32957.90,-31985.65
1775850847.388,-32891.60,-32957.90,-31985.65
1775850847.397,-32891.60,-32957.90,-31985.65
1775850847.413,-32891.60,-32957.90,-31985.65
1775850847.430,-32891.60,-32957.90,-31985.65
1775850847.462,-32891.60,-32957.90,-31985.65
1775850847.476,-32891.60,-32957.90,-31985.65
1775850847.488,-32891.60,-32957.90,-31985.65
1775850847.492,-32891.60,-32957.90,-31985.65
1775850847.525,-32891.60,-32957.90,-31985.65
1775850847.532,-32891.60,-32957.90,-31985.65
1775850847.558,-32891.60,-32957.90,-31985.65
1775850847.572,-32891.60,-32957.90,-31985.65
1775850847.575,-32891.60,-32957.90,-31985.65
1775850847.604,-32891.60,-32957.90,-31985.65
1775850847.623,-32891.60,-32957.90,-31985.65
1775850847.637,-32891.60,-32957.90,-31985.65
1775850847.651,-32891.60,-32957.90,-31985.65
1775850847.666,-32891.60,-32957.90,-31985.65
1775850847.667,-32891.60,-32957.90,-31985.65
1775850847.702,-32891.60,-32957.90,-31985.65
1775850847.719,-32891.60,-32957.90,-31985.65
1775850847.730,-32891.60,-32957.90,-31985.65
1775850847.746,-32891.60,-32957.90,-31985.65
1775850847.762,-32891.60,-32957.90,-31985.65
1775850847.763,-32891.60,-32957.90,-31985.65
1775850847.794,-32891.60,-32957.90,-31985.65
1775850847.814,-32891.60,-32957.90,-31985.65
1775850847.830,-32891.60,-32957.90,-31985.65
1775850847.853,-32891.60,-32957.90,-31985.65
1775850847.867,-32891.60,-32957.90,-31985.65
1775850847.873,-32891.60,-32957.90,-31985.65
1775850847.899,-32891.60,-32957.90,-31985.65
1775850847.913,-32891.60,-32957.90,-31985.65
1775850847.927,-32891.60,-32957.90,-31985.65
1775850847.937,-32891.60,-32957.90,-31985.65
1775850847.954,-32891.60,-32957.90,-31985.65
1775850847.969,-32891.60,-32957.90,-31985.65
1775850847.984,-32891.60,-32957.90,-31985.65
1775850847.990,-32891.60,-32957.90,-31985.65
1775850848.018,-32891.60,-32957.90,-31985.65
1775850848.021,-32891.60,-32957.90,-31985.65
1775850848.049,-32891.60,-32957.90,-31985.65
1775850848.070,-32891.60,-32957.90,-31985.65
1775850848.083,-32891.60,-32957.90,-31985.65
1775850848.098,-32891.60,-32957.90,-31985.65
1775850848.112,-32891.60,-32957.90,-31985.65
1775850848.113,-32891.60,-32957.90,-31985.65
1775850848.149,-32891.60,-32957.90,-31985.65
1775850848.163,-32891.60,-32957.90,-31985.65
1775850848.177,-32891.60,-32957.90,-31985.65
1775850848.190,-32891.60,-32957.90,-31985.65
1775850848.193,-32891.60,-32957.90,-31985.65
1775850848.227,-32891.60,-32957.90,-31985.65
1775850848.241,-32891.60,-32957.90,-31985.65
1775850848.241,-32891.60,-32957.90,-31985.65
1775850848.277,-32891.60,-32957.90,-31985.65
1775850848.294,-32891.60,-32957.90,-31985.65
1775850848.305,-32891.60,-32957.90,-31985.65
1775850848.321,-32891.60,-32957.90,-31985.65
1775850848.337,-32891.60,-32957.90,-31985.65
1775850848.341,-32891.60,-32957.90,-31985.65
1775850848.370,-32891.60,-32957.90,-31985.65
1775850848.385,-32891.60,-32957.90,-31985.65
1775850848.405,-32891.60,-32957.90,-31985.65
1775850848.419,-32891.60,-32957.90,-31985.65
1775850848.432,-32891.60,-32957.90,-31985.65
1775850848.446,-32891.60,-32957.90,-31985.65
1775850848.450,-32891.60,-32957.90,-31985.65
1775850848.481,-32891.60,-32957.90,-31985.65
1775850848.496,-32891.60,-32957.90,-31985.65
1775850848.496,-32891.60,-32957.90,-31985.65
1775850848.531,-32891.60,-32957.90,-31985.65
1775850848.550,-32891.60,-32957.90,-31985.65
1775850848.560,-32891.60,-32957.90,-31985.65
1775850848.578,-32891.60,-32957.90,-31985.65
1775850848.592,-32891.60,-32957.90,-31985.65
1775850848.596,-32891.60,-32957.90,-31985.65
1775850848.624,-32891.60,-32957.90,-31985.65
1775850848.641,-32891.60,-32957.90,-31985.65
1775850848.658,-32891.60,-32957.90,-31985.65
1775850848.672,-32891.60,-32957.90,-31985.65
1775850848.686,-32891.60,-32957.90,-31985.65
1775850848.691,-32891.60,-32957.90,-31985.65
1775850848.720,-32891.60,-32957.90,-31985.65
1775850848.735,-32891.60,-32957.90,-31985.65
1775850848.749,-32891.60,-32957.90,-31985.65
1775850848.752,-32891.60,-32957.90,-31985.65
1775850848.784,-32891.60,-32957.90,-31985.65
1775850848.795,-32891.60,-32957.90,-31985.65
1775850848.812,-32891.60,-32957.90,-31985.65
1775850848.817,-32891.60,-32957.90,-31985.65
1775850848.832,-32891.60,-32957.90,-31985.65
1775850848.871,-32891.60,-32957.90,-31985.65
1775850848.879,-32891.60,-32957.90,-31985.65
1775850848.897,-32891.60,-32957.90,-31985.65
1775850848.914,-32891.60,-32957.90,-31985.65
1775850848.928,-32891.60,-32957.90,-31985.65
1775850848.943,-32891.60,-32957.90,-31985.65
1775850848.943,-32891.60,-32957.90,-31985.65
1775850848.982,-32891.60,-32957.90,-31985.65
1775850848.997,-32891.60,-32957.90,-31985.65
1775850849.007,-32891.60,-32957.90,-31985.65
1775850849.023,-32891.60,-32957.90,-31985.65
1775850849.039,-32891.60,-32957.90,-31985.65
1775850849.043,-32891.60,-32957.90,-31985.65
1775850849.070,-32891.60,-32957.90,-31985.65
1775850849.087,-32891.60,-32957.90,-31985.65
1775850849.097,-32891.60,-32957.90,-31985.65
1775850849.105,-32891.60,-32957.90,-31985.65
1775850849.132,-32891.60,-32957.90,-31985.65
1775850849.133,-32891.60,-32957.90,-31985.65
1775850849.169,-32891.60,-32957.90,-31985.65
1775850849.183,-32891.60,-32957.90,-31985.65
1775850849.197,-32891.60,-32957.90,-31985.65
1775850849.197,-32891.60,-32957.90,-31985.65
1775850849.234,-32891.60,-32957.90,-31985.65
1775850849.250,-32891.60,-32957.90,-31985.65
1775850849.261,-32891.60,-32957.90,-31985.65
1775850849.277,-32891.60,-32957.90,-31985.65
1775850849.291,-32891.60,-32957.90,-31985.65
1775850849.301,-32891.60,-32957.90,-31985.65
1775850849.321,-32891.60,-32957.90,-31985.65
1775850849.325,-32891.60,-32957.90,-31985.65
1775850849.342,-32891.60,-32957.90,-31985.65
1775850849.379,-32891.60,-32957.90,-31985.65
1775850849.391,-32891.60,-32957.90,-31985.65
1775850849.404,-32891.60,-32957.90,-31985.65
1775850849.421,-32891.60,-32957.90,-31985.65
1775850849.423,-32891.60,-32957.90,-31985.65
1775850849.454,-32891.60,-32957.90,-31985.65
1775850849.470,-32891.60,-32957.90,-31985.65
1775850849.487,-32891.60,-32957.90,-31985.65
1775850849.501,-32891.60,-32957.90,-31985.65
1775850849.516,-32891.60,-32957.90,-31985.65
1775850849.530,-32891.60,-32957.90,-31985.65
1775850849.530,-32891.60,-32957.90,-31985.65
1775850849.565,-32891.60,-32957.90,-31985.65
1775850849.577,-32891.60,-32957.90,-31985.65
1775850849.596,-32891.60,-32957.90,-31985.65
1775850849.610,-32891.60,-32957.90,-31985.65
1775850849.625,-32891.60,-32957.90,-31985.65
1775850849.630,-32891.60,-32957.90,-31985.65
1775850849.657,-32891.60,-32957.90,-31985.65
1775850849.675,-32891.60,-32957.90,-31985.65
1775850849.689,-32891.60,-32957.90,-31985.65
1775850849.693,-32891.60,-32957.90,-31985.65
1775850849.722,-32891.60,-32957.90,-31985.65
1775850849.737,-32891.60,-32957.90,-31985.65
1775850849.753,-32891.60,-32957.90,-31985.65
1775850849.758,-32891.60,-32957.90,-31985.65
1775850849.784,-32891.60,-32957.90,-31985.65
1775850849.801,-32891.60,-32957.90,-31985.65
1775850849.815,-32891.60,-32957.90,-31985.65
1775850849.830,-32891.60,-32957.90,-31985.65
1775850849.839,-32891.60,-32957.90,-31985.65
1775850849.847,-32891.60,-32957.90,-31985.65
1775850849.885,-32891.60,-32957.90,-31985.65
1775850849.899,-32891.60,-32957.90,-31985.65
1775850849.911,-32891.60,-32957.90,-31985.65
1775850849.926,-32891.60,-32957.90,-31985.65
1775850849.926,-32891.60,-32957.90,-31985.65
1775850849.962,-32891.60,-32957.90,-31985.65
1775850849.974,-32891.60,-32957.90,-31985.65
1775850849.992,-32891.60,-32957.90,-31985.65
1775850850.017,-32891.60,-32957.90,-31985.65
1775850850.031,-32891.60,-32957.90,-31985.65
1775850850.044,-32891.60,-32957.90,-31985.65
1775850850.054,-32891.60,-32957.90,-31985.65
1775850850.073,-32891.60,-32957.90,-31985.65
1775850850.085,-32891.60,-32957.90,-31985.65
1775850850.101,-32891.60,-32957.90,-31985.65
1775850850.105,-32891.60,-32957.90,-31985.65
1775850850.136,-32891.60,-32957.90,-31985.65
1775850850.149,-32891.60,-32957.90,-31985.65
1775850850.167,-32891.60,-32957.90,-31985.65
1775850850.181,-32891.60,-32957.90,-31985.65
1775850850.198,-32891.60,-32957.90,-31985.65
1775850850.212,-32891.60,-32957.90,-31985.65
1775850850.225,-32891.60,-32957.90,-31985.65
1775850850.230,-32891.60,-32957.90,-31985.65
1775850850.250,-32891.60,-32957.90,-31985.65
1775850850.277,-32891.60,-32957.90,-31985.65
1775850850.292,-32891.60,-32957.90,-31985.65
1775850850.311,-32891.60,-32957.90,-31985.65
1775850850.325,-32891.60,-32957.90,-31985.65
1775850850.339,-32891.60,-32957.90,-31985.65
1775850850.353,-32891.60,-32957.90,-31985.65
1775850850.357,-32891.60,-32957.90,-31985.65
1775850850.388,-32891.60,-32957.90,-31985.65
1775850850.403,-32891.60,-32957.90,-31985.65
1775850850.404,-32891.60,-32957.90,-31985.65
1775850850.437,-32891.60,-32957.90,-31985.65
1775850850.454,-32891.60,-32957.90,-31985.65
1775850850.468,-32891.60,-32957.90,-31985.65
1775850850.481,-32891.60,-32957.90,-31985.65
1775850850.493,-32891.60,-32957.90,-31985.65
1775850850.503,-32891.60,-32957.90,-31985.65
1775850850.525,-32891.60,-32957.90,-31985.65
1775850850.533,-32891.60,-32957.90,-31985.65
1775850850.551,-32891.60,-32957.90,-31985.65
1775850850.568,-32891.60,-32957.90,-31985.65
1775850850.587,-32891.60,-32957.90,-31985.65
1775850850.593,-32891.60,-32957.90,-31985.65
1775850850.612,-32891.60,-32957.90,-31985.65
1775850850.633,-32891.60,-32957.90,-31985.65
1775850850.652,-32891.60,-32957.90,-31985.65
1775850850.657,-32891.60,-32957.90,-31985.65
1775850850.675,-32891.60,-32957.90,-31985.65
1775850850.706,-32891.60,-32957.90,-31985.65
1775850850.719,-32891.60,-32957.90,-31985.65
1775850850.721,-32891.60,-32957.90,-31985.65
1775850850.755,-32891.60,-32957.90,-31985.65
1775850850.769,-32891.60,-32957.90,-31985.65
1775850850.785,-32891.60,-32957.90,-31985.65
1775850850.793,-32891.60,-32957.90,-31985.65
1775850850.801,-32891.60,-32957.90,-31985.65
1775850850.840,-32891.60,-32957.90,-31985.65
1775850850.850,-32891.60,-32957.90,-31985.65
1775850850.865,-32891.60,-32957.90,-31985.65
1775850850.882,-32891.60,-32957.90,-31985.65
1775850850.895,-32891.60,-32957.90,-31985.65
1775850850.909,-32891.60,-32957.90,-31985.65
1775850850.911,-32891.60,-32957.90,-31985.65
1775850850.947,-32891.60,-32957.90,-31985.65
1775850850.961,-32891.60,-32957.90,-31985.65
1775850850.975,-32891.60,-32957.90,-31985.65
1775850850.975,-32891.60,-32957.90,-31985.65
1775850851.009,-32891.60,-32957.90,-31985.65
1775850851.030,-32891.60,-32957.90,-31985.65
1775850851.039,-32891.60,-32957.90,-31985.65
1775850851.055,-32891.60,-32957.90,-31985.65
1775850851.075,-32891.60,-32957.90,-31985.65
1775850851.089,-32891.60,-32957.90,-31985.65
1775850851.103,-32891.60,-32957.90,-31985.65
1775850851.114,-32891.60,-32957.90,-31985.65
1775850851.120,-32891.60,-32957.90,-31985.65
1775850851.150,-32891.60,-32957.90,-31985.65
1775850851.153,-32891.60,-32957.90,-31985.65
1775850851.182,-32891.60,-32957.90,-31985.65
1775850851.199,-32891.60,-32957.90,-31985.65
1775850851.217,-32891.60,-32957.90,-31985.65
1775850851.230,-32891.60,-32957.90,-31985.65
1775850851.230,-32891.60,-32957.90,-31985.65
1775850851.263,-32891.60,-32957.90,-31985.65
1775850851.284,-32891.60,-32957.90,-31985.65
1775850851.294,-32891.60,-32957.90,-31985.65
1775850851.310,-32891.60,-32957.90,-31985.65
1775850851.347,-32891.60,-32957.90,-31985.65
1775850851.362,-32891.60,-32957.90,-31985.65
1775850851.373,-32891.60,-32957.90,-31985.65
1775850851.390,-32891.60,-32957.90,-31985.65
1775850851.394,-32891.60,-32957.90,-31985.65
1775850851.421,-32891.60,-32957.90,-31985.65
1775850851.439,-32891.60,-32957.90,-31985.65
1775850851.453,-32891.60,-32957.90,-31985.65
1775850851.463,-32891.60,-32957.90,-31985.65
1775850851.481,-32891.60,-32957.90,-31985.65
1775850851.494,-32891.60,-32957.90,-31985.65
1775850851.500,-32891.60,-32957.90,-31985.65
1775850851.531,-32891.60,-32957.90,-31985.65
1775850851.546,-32891.60,-32957.90,-31985.65
1775850851.547,-32891.60,-32957.90,-31985.65
1775850851.582,-32891.60,-32957.90,-31985.65
1775850851.597,-32891.60,-32957.90,-31985.65
1775850851.611,-32891.60,-32957.90,-31985.65
1775850851.619,-32891.60,-32957.90,-31985.65
1775850851.631,-32891.60,-32957.90,-31985.65
1775850851.664,-32891.60,-32957.90,-31985.65
1775850851.675,-32891.60,-32957.90,-31985.65
1775850851.692,-32891.60,-32957.90,-31985.65
1775850851.695,-32891.60,-32957.90,-31985.65
1775850851.728,-32891.60,-32957.90,-31985.65
1775850851.739,-32891.60,-32957.90,-31985.65
1775850851.754,-32891.60,-32957.90,-31985.65
1775850851.770,-32891.60,-32957.90,-31985.65
1775850851.773,-32891.60,-32957.90,-31985.65
1775850851.802,-32891.60,-32957.90,-31985.65
1775850851.820,-32891.60,-32957.90,-31985.65
1775850851.836,-32891.60,-32957.90,-31985.65
1775850851.850,-32891.60,-32957.90,-31985.65
1775850851.865,-32891.60,-32957.90,-31985.65
1775850851.868,-32891.60,-32957.90,-31985.65
1775850851.901,-32891.60,-32957.90,-31985.65
1775850851.915,-32891.60,-32957.90,-31985.65
1775850851.929,-32891.60,-32957.90,-31985.65
1775850851.930,-32891.60,-32957.90,-31985.65
1775850851.965,-32891.60,-32957.90,-31985.65
1775850851.980,-32891.60,-32957.90,-31985.65
1775850851.995,-32891.60,-32957.90,-31985.65
1775850851.995,-32891.60,-32957.90,-31985.65
1775850852.029,-32891.60,-32957.90,-31985.65
1775850852.050,-32891.60,-32957.90,-31985.65
1775850852.061,-32891.60,-32957.90,-31985.65
1775850852.074,-32891.60,-32957.90,-31985.65
1775850852.093,-32891.60,-32957.90,-31985.65
1775850852.106,-32891.60,-32957.90,-31985.65
1775850852.120,-32891.60,-32957.90,-31985.65
1775850852.123,-32891.60,-32957.90,-31985.65
1775850852.155,-32891.60,-32957.90,-31985.65
1775850852.170,-32891.60,-32957.90,-31985.65
1775850852.185,-32891.60,-32957.90,-31985.65
1775850852.195,-32891.60,-32957.90,-31985.65
1775850852.201,-32891.60,-32957.90,-31985.65
1775850852.227,-32891.60,-32957.90,-31985.65
1775850852.247,-32891.60,-32957.90,-31985.65
1775850852.249,-32891.60,-32957.90,-31985.65
1775850852.283,-32891.60,-32957.90,-31985.65
1775850852.297,-32891.60,-32957.90,-31985.65
1775850852.311,-32891.60,-32957.90,-31985.65
1775850852.311,-32891.60,-32957.90,-31985.65
1775850852.346,-32891.60,-32957.90,-31985.65
1775850852.365,-32891.60,-32957.90,-31985.65
1775850852.375,-32891.60,-32957.90,-31985.65
1775850852.391,-32891.60,-32957.90,-31985.65
1775850852.407,-32891.60,-32957.90,-31985.65
1775850852.410,-32891.60,-32957.90,-31985.65
1775850852.439,-32891.60,-32957.90,-31985.65
1775850852.459,-32891.60,-32957.90,-31985.65
1775850852.476,-32891.60,-32957.90,-31985.65
1775850852.490,-32891.60,-32957.90,-31985.65
1775850852.504,-32891.60,-32957.90,-31985.65
1775850852.504,-32891.60,-32957.90,-31985.65
1775850852.538,-32891.60,-32957.90,-31985.65
1775850852.559,-32891.60,-32957.90,-31985.65
1775850852.567,-32891.60,-32957.90,-31985.65
1775850852.583,-32891.60,-32957.90,-31985.65
1775850852.603,-32891.60,-32957.90,-31985.65
1775850852.620,-32891.60,-32957.90,-31985.65
1775850852.631,-32891.60,-32957.90,-31985.65
1775850852.647,-32891.60,-32957.90,-31985.65
1775850852.663,-32891.60,-32957.90,-31985.65
1775850852.668,-32891.60,-32957.90,-31985.65
1775850852.695,-32891.60,-32957.90,-31985.65
1775850852.711,-32891.60,-32957.90,-31985.65
1775850852.711,-32891.60,-32957.90,-31985.65
1775850852.750,-32891.60,-32957.90,-31985.65
1775850852.759,-32891.60,-32957.90,-31985.65
1775850852.776,-32891.60,-32957.90,-31985.65
1775850852.793,-32891.60,-32957.90,-31985.65
1775850852.807,-32891.60,-32957.90,-31985.65
1775850852.821,-32891.60,-32957.90,-31985.65
1775850852.823,-32891.60,-32957.90,-31985.65
1775850852.857,-32891.60,-32957.90,-31985.65
1775850852.871,-32891.60,-32957.90,-31985.65
1775850852.886,-32891.60,-32957.90,-31985.65
1775850852.895,-32891.60,-32957.90,-31985.65
1775850852.904,-32891.60,-32957.90,-31985.65
1775850852.936,-32891.60,-32957.90,-31985.65
1775850852.951,-32891.60,-32957.90,-31985.65
1775850852.967,-32891.60,-32957.90,-31985.65
1775850852.967,-32891.60,-32957.90,-31985.65
1775850853.007,-32891.60,-32957.90,-31985.65
1775850853.015,-32891.60,-32957.90,-31985.65
1775850853.031,-32891.60,-32957.90,-31985.65
1775850853.049,-32891.60,-32957.90,-31985.65
1775850853.073,-32891.60,-32957.90,-31985.65
1775850853.080,-32891.60,-32957.90,-31985.65
1775850853.096,-32891.60,-32957.90,-31985.65
1775850853.125,-32891.60,-32957.90,-31985.65
1775850853.140,-32891.60,-32957.90,-31985.65
1775850853.141,-32891.60,-32957.90,-31985.65
1775850853.177,-32891.60,-32957.90,-31985.65
1775850853.191,-32891.60,-32957.90,-31985.65
1775850853.205,-32891.60,-32957.90,-31985.65
1775850853.209,-32891.60,-32957.90,-31985.65
1775850853.240,-32891.60,-32957.90,-31985.65
1775850853.255,-32891.60,-32957.90,-31985.65
1775850853.269,-32891.60,-32957.90,-31985.65
1775850853.270,-32891.60,-32957.90,-31985.65
1775850853.300,-32891.60,-32957.90,-31985.65
1775850853.316,-32891.60,-32957.90,-31985.65
1775850853.332,-32891.60,-32957.90,-31985.65
1775850853.364,-32891.60,-32957.90,-31985.65
1775850853.380,-32891.60,-32957.90,-31985.65
1775850853.396,-32891.60,-32957.90,-31985.65
1775850853.412,-32891.60,-32957.90,-31985.65
1775850853.428,-32891.60,-32957.90,-31985.65
1775850853.428,-32891.60,-32957.90,-31985.65
1775850853.460,-32891.60,-32957.90,-31985.65
1775850853.477,-32891.60,-32957.90,-31985.65
1775850853.508,-32891.60,-32957.90,-31985.65
1775850853.521,-32891.60,-32957.90,-31985.65
1775850853.523,-32891.60,-32957.90,-31985.65
1775850853.557,-32891.60,-32957.90,-31985.65
1775850853.571,-32891.60,-32957.90,-31985.65
1775850853.586,-32891.60,-32957.90,-31985.65
1775850853.596,-32891.60,-32957.90,-31985.65
1775850853.603,-32891.60,-32957.90,-31985.65
1775850853.622,-32891.60,-32957.90,-31985.65
1775850853.650,-32891.60,-32957.90,-31985.65
1775850853.667,-32891.60,-32957.90,-31985.65
1775850853.670,-32891.60,-32957.90,-31985.65
1775850853.703,-32891.60,-32957.90,-31985.65
1775850853.717,-32891.60,-32957.90,-31985.65
1775850853.731,-32891.60,-32957.90,-31985.65
1775850853.743,-32891.60,-32957.90,-31985.65
1775850853.748,-32891.60,-32957.90,-31985.65
1775850853.778,-32891.60,-32957.90,-31985.65
1775850853.782,-32891.60,-32957.90,-31985.65
1775850853.809,-32891.60,-32957.90,-31985.65
1775850853.828,-32891.60,-32957.90,-31985.65
1775850853.842,-32891.60,-32957.90,-31985.65
1775850853.856,-32891.60,-32957.90,-31985.65
1775850853.856,-32891.60,-32957.90,-31985.65
1775850853.895,-32891.60,-32957.90,-31985.65
1775850853.904,-32891.60,-32957.90,-31985.65
1775850853.919,-32891.60,-32957.90,-31985.65
1775850853.936,-32891.60,-32957.90,-31985.65
1775850853.963,-32891.60,-32957.90,-31985.65
1775850853.977,-32891.60,-32957.90,-31985.65
1775850853.983,-32891.60,-32957.90,-31985.65
1775850854.001,-32891.60,-32957.90,-31985.65
1775850854.030,-32891.60,-32957.90,-31985.65
1775850854.034,-32891.60,-32957.90,-31985.65
1775850854.064,-32891.60,-32957.90,-31985.65
1775850854.078,-32891.60,-32957.90,-31985.65
1775850854.093,-32891.60,-32957.90,-31985.65
1775850854.099,-32891.60,-32957.90,-31985.65
1775850854.113,-32891.60,-32957.90,-31985.65
1775850854.148,-32891.60,-32957.90,-31985.65
1775850854.161,-32891.60,-32957.90,-31985.65
1775850854.176,-32891.60,-32957.90,-31985.65
1775850854.189,-32891.60,-32957.90,-31985.65
1775850854.197,-32891.60,-32957.90,-31985.65
1775850854.220,-32891.60,-32957.90,-31985.65
1775850854.225,-32891.60,-32957.90,-31985.65
1775850854.255,-32891.60,-32957.90,-31985.65
1775850854.269,-32891.60,-32957.90,-31985.65
1775850854.283,-32891.60,-32957.90,-31985.65
1775850854.297,-32891.60,-32957.90,-31985.65
1775850854.299,-32891.60,-32957.90,-31985.65
1775850854.333,-32891.60,-32957.90,-31985.65
1775850854.346,-32891.60,-32957.90,-31985.65
1775850854.361,-32891.60,-32957.90,-31985.65
1775850854.377,-32891.60,-32957.90,-31985.65
1775850854.383,-32891.60,-32957.90,-31985.65
1775850854.410,-32891.60,-32957.90,-31985.65
1775850854.412,-32891.60,-32957.90,-31985.65
1775850854.441,-32891.60,-32957.90,-31985.65
1775850854.463,-32891.60,-32957.90,-31985.65
1775850854.475,-32891.60,-32957.90,-31985.65
1775850854.489,-32891.60,-32957.90,-31985.65
1775850854.504,-32891.60,-32957.90,-31985.65
1775850854.507,-32891.60,-32957.90,-31985.65
1775850854.541,-32891.60,-32957.90,-31985.65
1775850854.553,-32891.60,-32957.90,-31985.65
1775850854.568,-32891.60,-32957.90,-31985.65
1775850854.568,-32891.60,-32957.90,-31985.65
1775850854.605,-32891.60,-32957.90,-31985.65
1775850854.614,-32891.60,-32957.90,-31985.65
1775850854.635,-32891.60,-32957.90,-31985.65
1775850854.650,-32891.60,-32957.90,-31985.65
1775850854.664,-32891.60,-32957.90,-31985.65
1775850854.678,-32891.60,-32957.90,-31985.65
1775850854.678,-32891.60,-32957.90,-31985.65
1775850854.716,-32891.60,-32957.90,-31985.65
1775850854.730,-32891.60,-32957.90,-31985.65
1775850854.741,-32891.60,-32957.90,-31985.65
1775850854.757,-32891.60,-32957.90,-31985.65
1775850854.760,-32891.60,-32957.90,-31985.65
1775850854.793,-32891.60,-32957.90,-31985.65
1775850854.807,-32891.60,-32957.90,-31985.65
1775850854.822,-32891.60,-32957.90,-31985.65
1775850854.836,-32891.60,-32957.90,-31985.65
1775850854.848,-32891.60,-32957.90,-31985.65
1775850854.856,-32891.60,-32957.90,-31985.65
1775850854.869,-32891.60,-32957.90,-31985.65
1775850854.902,-32891.60,-32957.90,-31985.65
1775850854.916,-32891.60,-32957.90,-31985.65
1775850854.928,-32891.60,-32957.90,-31985.65
1775850854.937,-32891.60,-32957.90,-31985.65
1775850854.948,-32891.60,-32957.90,-31985.65
1775850854.980,-32891.60,-32957.90,-31985.65
1775850854.997,-32891.60,-32957.90,-31985.65
1775850855.011,-32891.60,-32957.90,-31985.65
1775850855.026,-32891.60,-32957.90,-31985.65
1775850855.041,-32891.60,-32957.90,-31985.65
1775850855.046,-32891.60,-32957.90,-31985.65
1775850855.074,-32891.60,-32957.90,-31985.65
1775850855.090,-32891.60,-32957.90,-31985.65
1775850855.098,-32891.60,-32957.90,-31985.65
1775850855.122,-32891.60,-32957.90,-31985.65
1775850855.122,-32891.60,-32957.90,-31985.65
1775850855.158,-32891.60,-32957.90,-31985.65
1775850855.172,-32891.60,-32957.90,-31985.65
1775850855.185,-32891.60,-32957.90,-31985.65
1775850855.201,-32891.60,-32957.90,-31985.65
1775850855.217,-32891.60,-32957.90,-31985.65
1775850855.223,-32891.60,-32957.90,-31985.65
1775850855.249,-32891.60,-32957.90,-31985.65
1775850855.265,-32891.60,-32957.90,-31985.65
1775850855.281,-32891.60,-32957.90,-31985.65
1775850855.285,-32891.60,-32957.90,-31985.65
1775850855.312,-32891.60,-32957.90,-31985.65
1775850855.328,-32891.60,-32957.90,-31985.65
1775850855.345,-32891.60,-32957.90,-31985.65
1775850855.361,-32891.60,-32957.90,-31985.65
1775850855.370,-32891.60,-32957.90,-31985.65
1775850855.377,-32891.60,-32957.90,-31985.65
1775850855.415,-32891.60,-32957.90,-31985.65
1775850855.426,-32891.60,-32957.90,-31985.65
1775850855.439,-32891.60,-32957.90,-31985.65
1775850855.457,-32891.60,-32957.90,-31985.65
1775850855.471,-32891.60,-32957.90,-31985.65
1775850855.483,-32891.60,-32957.90,-31985.65
1775850855.498,-32891.60,-32957.90,-31985.65
1775850855.505,-32891.60,-32957.90,-31985.65
1775850855.519,-32891.60,-32957.90,-31985.65
1775850855.554,-32891.60,-32957.90,-31985.65
1775850855.567,-32891.60,-32957.90,-31985.65
1775850855.583,-32891.60,-32957.90,-31985.65
1775850855.599,-32891.60,-32957.90,-31985.65
1775850855.612,-32891.60,-32957.90,-31985.65
1775850855.619,-32891.60,-32957.90,-31985.65
1775850855.631,-32891.60,-32957.90,-31985.65
1775850855.668,-32891.60,-32957.90,-31985.65
1775850855.680,-32891.60,-32957.90,-31985.65
1775850855.694,-32891.60,-32957.90,-31985.65
1775850855.711,-32891.60,-32957.90,-31985.65
1775850855.716,-32891.60,-32957.90,-31985.65
1775850855.745,-32891.60,-32957.90,-31985.65
1775850855.757,-32891.60,-32957.90,-31985.65
1775850855.773,-32891.60,-32957.90,-31985.65
1775850855.777,-32891.60,-32957.90,-31985.65
1775850855.808,-32891.60,-32957.90,-31985.65
1775850855.821,-32891.60,-32957.90,-31985.65
1775850855.838,-32891.60,-32957.90,-31985.65
1775850855.838,-32891.60,-32957.90,-31985.65
1775850855.872,-32891.60,-32957.90,-31985.65
1775850855.891,-32891.60,-32957.90,-31985.65
1775850855.903,-32891.60,-32957.90,-31985.65
1775850855.921,-32891.60,-32957.90,-31985.65
1775850855.935,-32891.60,-32957.90,-31985.65
1775850855.949,-32891.60,-32957.90,-31985.65
1775850855.951,-32891.60,-32957.90,-31985.65
1775850855.988,-32891.60,-32957.90,-31985.65
1775850856.000,-32891.60,-32957.90,-31985.65
1775850856.015,-32891.60,-32957.90,-31985.65
1775850856.031,-32891.60,-32957.90,-31985.65
1775850856.045,-32891.60,-32957.90,-31985.65
1775850856.059,-32891.60,-32957.90,-31985.65
1775850856.064,-32891.60,-32957.90,-31985.65
1775850856.094,-32891.60,-32957.90,-31985.65
1775850856.099,-32891.60,-32957.90,-31985.65
1775850856.127,-32891.60,-32957.90,-31985.65
1775850856.141,-32891.60,-32957.90,-31985.65
1775850856.141,-32891.60,-32957.90,-31985.65
1775850856.181,-32891.60,-32957.90,-31985.65
1775850856.191,-32891.60,-32957.90,-31985.65
1775850856.205,-32891.60,-32957.90,-31985.65
1775850856.223,-32891.60,-32957.90,-31985.65
1775850856.237,-32891.60,-32957.90,-31985.65
1775850856.250,-32891.60,-32957.90,-31985.65
1775850856.256,-32891.60,-32957.90,-31985.65
1775850856.285,-32891.60,-32957.90,-31985.65
1775850856.299,-32891.60,-32957.90,-31985.65
1775850856.314,-32891.60,-32957.90,-31985.65
1775850856.319,-32891.60,-32957.90,-31985.65
1775850856.334,-32891.60,-32957.90,-31985.65
1775850856.375,-32891.60,-32957.90,-31985.65
1775850856.384,-32891.60,-32957.90,-31985.65
1775850856.400,-32891.60,-32957.90,-31985.65
1775850856.414,-32891.60,-32957.90,-31985.65
1775850856.436,-32891.60,-32957.90,-31985.65
1775850856.450,-32891.60,-32957.90,-31985.65
1775850856.459,-32891.60,-32957.90,-31985.65
1775850856.475,-32891.60,-32957.90,-31985.65
1775850856.493,-32891.60,-32957.90,-31985.65
1775850856.507,-32891.60,-32957.90,-31985.65
1775850856.509,-32891.60,-32957.90,-31985.65
1775850856.540,-32891.60,-32957.90,-31985.65
1775850856.560,-32891.60,-32957.90,-31985.65
1775850856.573,-32891.60,-32957.90,-31985.65
1775850856.588,-32891.60,-32957.90,-31985.65
1775850856.599,-32891.60,-32957.90,-31985.65
1775850856.613,-32891.60,-32957.90,-31985.65
1775850856.631,-32891.60,-32957.90,-31985.65
1775850856.640,-32891.60,-32957.90,-31985.65
1775850856.651,-32891.60,-32957.90,-31985.65
1775850856.673,-32891.60,-32957.90,-31985.65
1775850856.698,-32891.60,-32957.90,-31985.65
1775850856.701,-32891.60,-32957.90,-31985.65
1775850856.734,-32891.60,-32957.90,-31985.65
1775850856.750,-32891.60,-32957.90,-31985.65
1775850856.764,-32891.60,-32957.90,-31985.65
1775850856.778,-32891.60,-32957.90,-31985.65
1775850856.780,-32891.60,-32957.90,-31985.65
1775850856.816,-32891.60,-32957.90,-31985.65
1775850856.829,-32891.60,-32957.90,-31985.65
1775850856.844,-32891.60,-32957.90,-31985.65
1775850856.858,-32891.60,-32957.90,-31985.65
1775850856.858,-32891.60,-32957.90,-31985.65
1775850856.893,-32891.60,-32957.90,-31985.65
1775850856.906,-32891.60,-32957.90,-31985.65
1775850856.946,-32891.60,-32957.90,-31985.65
1775850856.960,-32891.60,-32957.90,-31985.65
1775850856.969,-32891.60,-32957.90,-31985.65
1775850856.985,-32891.60,-32957.90,-31985.65
1775850857.004,-32891.60,-32957.90,-31985.65
1775850857.018,-32891.60,-32957.90,-31985.65
1775850857.020,-32891.60,-32957.90,-31985.65
1775850857.049,-32891.60,-32957.90,-31985.65
1775850857.072,-32891.60,-32957.90,-31985.65
1775850857.086,-32891.60,-32957.90,-31985.65
1775850857.098,-32891.60,-32957.90,-31985.65
1775850857.113,-32891.60,-32957.90,-31985.65
1775850857.129,-32891.60,-32957.90,-31985.65
1775850857.141,-32891.60,-32957.90,-31985.65
1775850857.149,-32891.60,-32957.90,-31985.65
1775850857.176,-32891.60,-32957.90,-31985.65
1775850857.176,-32891.60,-32957.90,-31985.65
1775850857.208,-32891.60,-32957.90,-31985.65
1775850857.224,-32891.60,-32957.90,-31985.65
1775850857.257,-32891.60,-32957.90,-31985.65
1775850857.258,-32891.60,-32957.90,-31985.65
1775850857.289,-32891.60,-32957.90,-31985.65
1775850857.307,-32891.60,-32957.90,-31985.65
1775850857.324,-32891.60,-32957.90,-31985.65
1775850857.338,-32891.60,-32957.90,-31985.65
1775850857.353,-32891.60,-32957.90,-31985.65
1775850857.369,-32891.60,-32957.90,-31985.65
1775850857.388,-32891.60,-32957.90,-31985.65
1775850857.416,-32891.60,-32957.90,-31985.65
1775850857.432,-32891.60,-32957.90,-31985.65
1775850857.448,-32891.60,-32957.90,-31985.65
1775850857.461,-32891.60,-32957.90,-31985.65
1775850857.477,-32891.60,-32957.90,-31985.65
1775850857.491,-32891.60,-32957.90,-31985.65
1775850857.498,-32891.60,-32957.90,-31985.65
1775850857.522,-32891.60,-32957.90,-31985.65
1775850857.530,-32891.60,-32957.90,-31985.65
1775850857.543,-32891.60,-32957.90,-31985.65
1775850857.558,-32891.60,-32957.90,-31985.65
1775850857.594,-32891.60,-32957.90,-31985.65
1775850857.608,-32891.60,-32957.90,-31985.65
1775850857.624,-32891.60,-32957.90,-31985.65
1775850857.640,-32891.60,-32957.90,-31985.65
1775850857.654,-32891.60,-32957.90,-31985.65
1775850857.656,-32891.60,-32957.90,-31985.65
1775850857.685,-32891.60,-32957.90,-31985.65
1775850857.708,-32891.60,-32957.90,-31985.65
1775850857.719,-32891.60,-32957.90,-31985.65
1775850857.734,-32891.60,-32957.90,-31985.65
1775850857.749,-32891.60,-32957.90,-31985.65
1775850857.764,-32891.60,-32957.90,-31985.65
1775850857.767,-32891.60,-32957.90,-31985.65
1775850857.800,-32891.60,-32957.90,-31985.65
1775850857.812,-32891.60,-32957.90,-31985.65
1775850857.830,-32891.60,-32957.90,-31985.65
1775850857.843,-32891.60,-32957.90,-31985.65
1775850857.843,-32891.60,-32957.90,-31985.65
1775850857.875,-32891.60,-32957.90,-31985.65
1775850857.896,-32891.60,-32957.90,-31985.65
1775850857.908,-32891.60,-32957.90,-31985.65
1775850857.940,-32891.60,-32957.90,-31985.65
1775850857.955,-32891.60,-32957.90,-31985.65
1775850857.961,-32891.60,-32957.90,-31985.65
1775850857.987,-32891.60,-32957.90,-31985.65
1775850858.002,-32891.60,-32957.90,-31985.65
1775850858.016,-32891.60,-32957.90,-31985.65
1775850858.032,-32891.60,-32957.90,-31985.65
1775850858.035,-32891.60,-32957.90,-31985.65
1775850858.067,-32891.60,-32957.90,-31985.65
1775850858.084,-32891.60,-32957.90,-31985.65
1775850858.098,-32891.60,-32957.90,-31985.65
1775850858.109,-32891.60,-32957.90,-31985.65
1775850858.115,-32891.60,-32957.90,-31985.65
1775850858.146,-32891.60,-32957.90,-31985.65
1775850858.149,-32891.60,-32957.90,-31985.65
1775850858.179,-32891.60,-32957.90,-31985.65
1775850858.194,-32891.60,-32957.90,-31985.65
1775850858.210,-32891.60,-32957.90,-31985.65
1775850858.225,-32891.60,-32957.90,-31985.65
1775850858.225,-32891.60,-32957.90,-31985.65
1775850858.257,-32891.60,-32957.90,-31985.65
1775850858.275,-32891.60,-32957.90,-31985.65
1775850858.305,-32891.60,-32957.90,-31985.65
1775850858.321,-32891.60,-32957.90,-31985.65
1775850858.334,-32891.60,-32957.90,-31985.65
1775850858.348,-32891.60,-32957.90,-31985.65
1775850858.362,-32891.60,-32957.90,-31985.65
1775850858.368,-32891.60,-32957.90,-31985.65
1775850858.383,-32891.60,-32957.90,-31985.65
1775850858.419,-32891.60,-32957.90,-31985.65
1775850858.431,-32891.60,-32957.90,-31985.65
1775850858.448,-32891.60,-32957.90,-31985.65
1775850858.463,-32891.60,-32957.90,-31985.65
1775850858.469,-32891.60,-32957.90,-31985.65
1775850858.495,-32891.60,-32957.90,-31985.65
1775850858.511,-32891.60,-32957.90,-31985.65
1775850858.518,-32891.60,-32957.90,-31985.65
1775850858.542,-32891.60,-32957.90,-31985.65
1775850858.555,-32891.60,-32957.90,-31985.65
1775850858.568,-32891.60,-32957.90,-31985.65
1775850858.574,-32891.60,-32957.90,-31985.65
1775850858.594,-32891.60,-32957.90,-31985.65
1775850858.626,-32891.60,-32957.90,-31985.65
1775850858.638,-32891.60,-32957.90,-31985.65
1775850858.654,-32891.60,-32957.90,-31985.65
1775850858.669,-32891.60,-32957.90,-31985.65
1775850858.669,-32891.60,-32957.90,-31985.65
1775850858.702,-32891.60,-32957.90,-31985.65
1775850858.720,-32891.60,-32957.90,-31985.65
1775850858.733,-32891.60,-32957.90,-31985.65
1775850858.765,-32891.60,-32957.90,-31985.65
1775850858.784,-32891.60,-32957.90,-31985.65
1775850858.797,-32891.60,-32957.90,-31985.65
1775850858.814,-32891.60,-32957.90,-31985.65
1775850858.850,-32891.60,-32957.90,-31985.65
1775850858.860,-32891.60,-32957.90,-31985.65
1775850858.878,-32891.60,-32957.90,-31985.65
1775850858.892,-32891.60,-32957.90,-31985.65
1775850858.911,-32891.60,-32957.90,-31985.65
1775850858.925,-32891.60,-32957.90,-31985.65
1775850858.941,-32891.60,-32957.90,-31985.65
1775850858.956,-32891.60,-32957.90,-31985.65
1775850858.957,-32891.60,-32957.90,-31985.65
1775850858.988,-32891.60,-32957.90,-31985.65
1775850859.011,-32891.60,-32957.90,-31985.65
1775850859.019,-32891.60,-32957.90,-31985.65
1775850859.038,-32891.60,-32957.90,-31985.65
1775850859.051,-32891.60,-32957.90,-31985.65
1775850859.085,-32891.60,-32957.90,-31985.65
1775850859.100,-32891.60,-32957.90,-31985.65
1775850859.114,-32891.60,-32957.90,-31985.65
1775850859.119,-32891.60,-32957.90,-31985.65
1775850859.147,-32891.60,-32957.90,-31985.65
1775850859.147,-32891.60,-32957.90,-31985.65
1775850859.181,-32891.60,-32957.90,-31985.65
1775850859.195,-32891.60,-32957.90,-31985.65
1775850859.212,-32891.60,-32957.90,-31985.65
1775850859.242,-32891.60,-32957.90,-31985.65
1775850859.254,-32891.60,-32957.90,-31985.65
1775850859.260,-32891.60,-32957.90,-31985.65
1775850859.291,-32891.60,-32957.90,-31985.65
1775850859.296,-32891.60,-32957.90,-31985.65
1775850859.324,-32891.60,-32957.90,-31985.65
1775850859.338,-32891.60,-32957.90,-31985.65
1775850859.354,-32891.60,-32957.90,-31985.65
1775850859.358,-32891.60,-32957.90,-31985.65
1775850859.388,-32891.60,-32957.90,-31985.65
1775850859.403,-32891.60,-32957.90,-31985.65
1775850859.419,-32891.60,-32957.90,-31985.65
1775850859.422,-32891.60,-32957.90,-31985.65
1775850859.452,-32891.60,-32957.90,-31985.65
1775850859.467,-32891.60,-32957.90,-31985.65
1775850859.484,-32891.60,-32957.90,-31985.65
1775850859.498,-32891.60,-32957.90,-31985.65
1775850859.512,-32891.60,-32957.90,-31985.65
1775850859.516,-32891.60,-32957.90,-31985.65
1775850859.548,-32891.60,-32957.90,-31985.65
1775850859.562,-32891.60,-32957.90,-31985.65
1775850859.562,-32891.60,-32957.90,-31985.65
1775850859.594,-32891.60,-32957.90,-31985.65
1775850859.621,-32891.60,-32957.90,-31985.65
1775850859.635,-32891.60,-32957.90,-31985.65
1775850859.642,-32891.60,-32957.90,-31985.65
1775850859.657,-32891.60,-32957.90,-31985.65
1775850859.678,-32891.60,-32957.90,-31985.65
1775850859.705,-32891.60,-32957.90,-31985.65
1775850859.712,-32891.60,-32957.90,-31985.65
1775850859.737,-32891.60,-32957.90,-31985.65
1775850859.741,-32891.60,-32957.90,-31985.65
1775850859.770,-32891.60,-32957.90,-31985.65
1775850859.786,-32891.60,-32957.90,-31985.65
1775850859.800,-32891.60,-32957.90,-31985.65
1775850859.813,-32891.60,-32957.90,-31985.65
1775850859.816,-32891.60,-32957.90,-31985.65
1775850859.849,-32891.60,-32957.90,-31985.65
1775850859.866,-32891.60,-32957.90,-31985.65
1775850859.879,-32891.60,-32957.90,-31985.65
1775850859.895,-32891.60,-32957.90,-31985.65
1775850859.897,-32891.60,-32957.90,-31985.65
1775850859.930,-32891.60,-32957.90,-31985.65
1775850859.943,-32891.60,-32957.90,-31985.65
1775850859.961,-32891.60,-32957.90,-31985.65
1775850859.976,-32891.60,-32957.90,-31985.65
1775850859.991,-32891.60,-32957.90,-31985.65
1775850859.996,-32891.60,-32957.90,-31985.65
1775850860.025,-32891.60,-32957.90,-31985.65
1775850860.038,-32891.60,-32957.90,-31985.65
1775850860.056,-32891.60,-32957.90,-31985.65
1775850860.070,-32891.60,-32957.90,-31985.65
1775850860.070,-32891.60,-32957.90,-31985.65
1775850860.103,-32891.60,-32957.90,-31985.65
1775850860.123,-32891.60,-32957.90,-31985.65
1775850860.133,-32891.60,-32957.90,-31985.65
1775850860.153,-32891.60,-32957.90,-31985.65
1775850860.184,-32891.60,-32957.90,-31985.65
1775850860.198,-32891.60,-32957.90,-31985.65
1775850860.214,-32891.60,-32957.90,-31985.65
1775850860.214,-32891.60,-32957.90,-31985.65
1775850860.248,-32891.60,-32957.90,-31985.65
1775850860.261,-32891.60,-32957.90,-31985.65
1775850860.276,-32891.60,-32957.90,-31985.65
1775850860.314,-32891.60,-32957.90,-31985.65
1775850860.324,-32891.60,-32957.90,-31985.65
1775850860.341,-32891.60,-32957.90,-31985.65
1775850860.356,-32891.60,-32957.90,-31985.65
1775850860.372,-32891.60,-32957.90,-31985.65
1775850860.377,-32891.60,-32957.90,-31985.65
1775850860.406,-32891.60,-32957.90,-31985.65
1775850860.419,-32891.60,-32957.90,-31985.65
1775850860.436,-32891.60,-32957.90,-31985.65
1775850860.440,-32891.60,-32957.90,-31985.65
1775850860.471,-32891.60,-32957.90,-31985.65
1775850860.484,-32891.60,-32957.90,-31985.65
1775850860.501,-32891.60,-32957.90,-31985.65
1775850860.515,-32891.60,-32957.90,-31985.65
1775850860.515,-32891.60,-32957.90,-31985.65
1775850860.547,-32891.60,-32957.90,-31985.65
1775850860.568,-32891.60,-32957.90,-31985.65
1775850860.582,-32891.60,-32957.90,-31985.65
1775850860.611,-32891.60,-32957.90,-31985.65
1775850860.627,-32891.60,-32957.90,-31985.65
1775850860.640,-32891.60,-32957.90,-31985.65
1775850860.643,-32891.60,-32957.90,-31985.65
1775850860.678,-32891.60,-32957.90,-31985.65
1775850860.694,-32891.60,-32957.90,-31985.65
1775850860.708,-32891.60,-32957.90,-31985.65
1775850860.722,-32891.60,-32957.90,-31985.65
1775850860.727,-32891.60,-32957.90,-31985.65
1775850860.756,-32891.60,-32957.90,-31985.65
1775850860.770,-32891.60,-32957.90,-31985.65
1775850860.778,-32891.60,-32957.90,-31985.65
1775850860.791,-32891.60,-32957.90,-31985.65
1775850860.822,-32891.60,-32957.90,-31985.65
1775850860.834,-32891.60,-32957.90,-31985.65
1775850860.849,-32891.60,-32957.90,-31985.65
1775850860.856,-32891.60,-32957.90,-31985.65
1775850860.883,-32891.60,-32957.90,-31985.65
1775850860.896,-32891.60,-32957.90,-31985.65
1775850860.896,-32891.60,-32957.90,-31985.65
1775850860.928,-32891.60,-32957.90,-31985.65
1775850860.955,-32891.60,-32957.90,-31985.65
1775850860.964,-32891.60,-32957.90,-31985.65
1775850860.984,-32891.60,-32957.90,-31985.65
1775850860.993,-32891.60,-32957.90,-31985.65
1775850861.015,-32891.60,-32957.90,-31985.65
1775850861.023,-32891.60,-32957.90,-31985.65
1775850861.040,-32891.60,-32957.90,-31985.65
1775850861.055,-32891.60,-32957.90,-31985.65
1775850861.084,-32891.60,-32957.90,-31985.65
1775850861.088,-32891.60,-32957.90,-31985.65
1775850861.117,-32891.60,-32957.90,-31985.65
1775850861.133,-32891.60,-32957.90,-31985.65
1775850861.133,-32891.60,-32957.90,-31985.65
1775850861.167,-32891.60,-32957.90,-31985.65
1775850861.186,-32891.60,-32957.90,-31985.65
1775850861.198,-32891.60,-32957.90,-31985.65
1775850861.225,-32891.60,-32957.90,-31985.65
1775850861.239,-32891.60,-32957.90,-31985.65
1775850861.251,-32891.60,-32957.90,-31985.65
1775850861.262,-32891.60,-32957.90,-31985.65
1775850861.281,-32891.60,-32957.90,-31985.65
1775850861.295,-32891.60,-32957.90,-31985.65
1775850861.309,-32891.60,-32957.90,-31985.65
1775850861.316,-32891.60,-32957.90,-31985.65
1775850861.342,-32891.60,-32957.90,-31985.65
1775850861.356,-32891.60,-32957.90,-31985.65
1775850861.358,-32891.60,-32957.90,-31985.65
1775850861.388,-32891.60,-32957.90,-31985.65
1775850861.408,-32891.60,-32957.90,-31985.65
1775850861.423,-32891.60,-32957.90,-31985.65
1775850861.435,-32891.60,-32957.90,-31985.65
1775850861.451,-32891.60,-32957.90,-31985.65
1775850861.451,-32891.60,-32957.90,-31985.65
1775850861.486,-32891.60,-32957.90,-31985.65
1775850861.498,-32891.60,-32957.90,-31985.65
1775850861.516,-32891.60,-32957.90,-31985.65
1775850861.548,-32891.60,-32957.90,-31985.65
1775850861.563,-32891.60,-32957.90,-31985.65
1775850861.563,-32891.60,-32957.90,-31985.65
1775850861.602,-32891.60,-32957.90,-31985.65
1775850861.615,-32891.60,-32957.90,-31985.65
1775850861.626,-32891.60,-32957.90,-31985.65
1775850861.641,-32891.60,-32957.90,-31985.65
1775850861.657,-32891.60,-32957.90,-31985.65
1775850861.669,-32891.60,-32957.90,-31985.65
1775850861.675,-32891.60,-32957.90,-31985.65
1775850861.705,-32891.60,-32957.90,-31985.65
1775850861.716,-32891.60,-32957.90,-31985.65
1775850861.733,-32891.60,-32957.90,-31985.65
1775850861.745,-32891.60,-32957.90,-31985.65
1775850861.758,-32891.60,-32957.90,-31985.65
1775850861.775,-32891.60,-32957.90,-31985.65
1775850861.791,-32891.60,-32957.90,-31985.65
1775850861.803,-32891.60,-32957.90,-31985.65
1775850861.818,-32891.60,-32957.90,-31985.65
1775850861.832,-32891.60,-32957.90,-31985.65
1775850861.847,-32891.60,-32957.90,-31985.65
1775850861.861,-32891.60,-32957.90,-31985.65
1775850861.875,-32891.60,-32957.90,-31985.65
1775850861.889,-32891.60,-32957.90,-31985.65
1775850861.903,-32891.60,-32957.90,-31985.65
1775850861.917,-32891.60,-32957.90,-31985.65
1775850861.930,-32891.60,-32957.90,-31985.65
1775850861.944,-32891.60,-32957.90,-31985.65
1775850861.957,-32891.60,-32957.90,-31985.65
1775850861.973,-32891.60,-32957.90,-31985.65
1775850861.978,-32891.60,-32957.90,-31985.65
1775850861.993,-32891.60,-32957.90,-31985.65
1775850862.024,-32891.60,-32957.90,-31985.65
1775850862.051,-32891.60,-32957.90,-31985.65
1775850862.063,-32891.60,-32957.90,-31985.65
1775850862.074,-32891.60,-32957.90,-31985.65
1775850862.090,-32891.60,-32957.90,-31985.65
1775850862.109,-32891.60,-32957.90,-31985.65
1775850862.123,-32891.60,-32957.90,-31985.65
1775850862.136,-32891.60,-32957.90,-31985.65
1775850862.152,-32891.60,-32957.90,-31985.65
1775850862.152,-32891.60,-32957.90,-31985.65
1775850862.191,-32891.60,-32957.90,-31985.65
1775850862.200,-32891.60,-32957.90,-31985.65
1775850862.218,-32891.60,-32957.90,-31985.65
1775850862.235,-32891.60,-32957.90,-31985.65
1775850862.249,-32891.60,-32957.90,-31985.65
1775850862.259,-32891.60,-32957.90,-31985.65
1775850862.264,-32891.60,-32957.90,-31985.65
1775850862.303,-32891.60,-32957.90,-31985.65
1775850862.317,-32891.60,-32957.90,-31985.65
1775850862.331,-32891.60,-32957.90,-31985.65
1775850862.343,-32891.60,-32957.90,-31985.65
1775850862.359,-32891.60,-32957.90,-31985.65
1775850862.366,-32891.60,-32957.90,-31985.65
1775850862.389,-32891.60,-32957.90,-31985.65
1775850862.406,-32891.60,-32957.90,-31985.65
1775850862.417,-32891.60,-32957.90,-31985.65
1775850862.428,-32891.60,-32957.90,-31985.65
1775850862.445,-32891.60,-32957.90,-31985.65
1775850862.452,-32891.60,-32957.90,-31985.65
1775850862.473,-32891.60,-32957.90,-31985.65
1775850862.493,-32891.60,-32957.90,-31985.65
1775850862.510,-32891.60,-32957.90,-31985.65
1775850862.517,-32891.60,-32957.90,-31985.65
1775850862.532,-32891.60,-32957.90,-31985.65
1775850862.555,-32891.60,-32957.90,-31985.65
1775850862.578,-32891.60,-32957.90,-31985.65
1775850862.595,-32891.60,-32957.90,-31985.65
1775850862.595,-32891.60,-32957.90,-31985.65
1775850862.634,-32891.60,-32957.90,-31985.65
1775850862.642,-32891.60,-32957.90,-31985.65
1775850862.661,-32891.60,-32957.90,-31985.65
1775850862.678,-32891.60,-32957.90,-31985.65
1775850862.692,-32891.60,-32957.90,-31985.65
1775850862.706,-32891.60,-32957.90,-31985.65
1775850862.717,-32891.60,-32957.90,-31985.65
1775850862.726,-32891.60,-32957.90,-31985.65
1775850862.746,-32891.60,-32957.90,-31985.65
1775850862.762,-32891.60,-32957.90,-31985.65
1775850862.769,-32891.60,-32957.90,-31985.65
1775850862.787,-32891.60,-32957.90,-31985.65
1775850862.810,-32891.60,-32957.90,-31985.65
1775850862.833,-32891.60,-32957.90,-31985.65
1775850862.841,-32891.60,-32957.90,-31985.65
1775850862.865,-32891.60,-32957.90,-31985.65
1775850862.870,-32891.60,-32957.90,-31985.65
1775850862.897,-32891.60,-32957.90,-31985.65
1775850862.911,-32891.60,-32957.90,-31985.65
1775850862.928,-32891.60,-32957.90,-31985.65
1775850862.935,-32891.60,-32957.90,-31985.65
1775850862.958,-32891.60,-32957.90,-31985.65
1775850862.974,-32891.60,-32957.90,-31985.65
1775850862.989,-32891.60,-32957.90,-31985.65
1775850862.998,-32891.60,-32957.90,-31985.65
1775850863.017,-32891.60,-32957.90,-31985.65
1775850863.029,-32891.60,-32957.90,-31985.65
1775850863.038,-32891.60,-32957.90,-31985.65
1775850863.061,-32891.60,-32957.90,-31985.65
1775850863.080,-32891.60,-32957.90,-31985.65
1775850863.087,-32891.60,-32957.90,-31985.65
1775850863.103,-32891.60,-32957.90,-31985.65
1775850863.128,-32891.60,-32957.90,-31985.65
1775850863.141,-32891.60,-32957.90,-31985.65
1775850863.149,-32891.60,-32957.90,-31985.65
1775850863.166,-32891.60,-32957.90,-31985.65
1775850863.197,-32891.60,-32957.90,-31985.65
1775850863.205,-32891.60,-32957.90,-31985.65
1775850863.218,-32891.60,-32957.90,-31985.65
1775850863.250,-32891.60,-32957.90,-31985.65
1775850863.264,-32891.60,-32957.90,-31985.65
1775850863.278,-32891.60,-32957.90,-31985.65
1775850863.281,-32891.60,-32957.90,-31985.65
1775850863.314,-32891.60,-32957.90,-31985.65
1775850863.328,-32891.60,-32957.90,-31985.65
1775850863.342,-32891.60,-32957.90,-31985.65
1775850863.344,-32891.60,-32957.90,-31985.65
1775850863.380,-32891.60,-32957.90,-31985.65
1775850863.394,-32891.60,-32957.90,-31985.65
1775850863.408,-32891.60,-32957.90,-31985.65
1775850863.421,-32891.60,-32957.90,-31985.65
1775850863.432,-32891.60,-32957.90,-31985.65
1775850863.444,-32891.60,-32957.90,-31985.65
1775850863.461,-32891.60,-32957.90,-31985.65
1775850863.471,-32891.60,-32957.90,-31985.65
1775850863.484,-32891.60,-32957.90,-31985.65
1775850863.506,-32891.60,-32957.90,-31985.65
1775850863.520,-32891.60,-32957.90,-31985.65
1775850863.532,-32891.60,-32957.90,-31985.65
1775850863.548,-32891.60,-32957.90,-31985.65
1775850863.556,-32891.60,-32957.90,-31985.65
1775850863.579,-32891.60,-32957.90,-31985.65
1775850863.588,-32891.60,-32957.90,-31985.65
1775850863.611,-32891.60,-32957.90,-31985.65
1775850863.618,-32891.60,-32957.90,-31985.65
1775850863.642,-32891.60,-32957.90,-31985.65
1775850863.650,-32891.60,-32957.90,-31985.65
1775850863.674,-32891.60,-32957.90,-31985.65
1775850863.674,-32891.60,-32957.90,-31985.65
1775850863.714,-32891.60,-32957.90,-31985.65
1775850863.723,-32891.60,-32957.90,-31985.65
1775850863.742,-32891.60,-32957.90,-31985.65
1775850863.757,-32891.60,-32957.90,-31985.65
1775850863.770,-32891.60,-32957.90,-31985.65
1775850863.780,-32891.60,-32957.90,-31985.65
1775850863.801,-32891.60,-32957.90,-31985.65
1775850863.801,-32891.60,-32957.90,-31985.65
1775850863.841,-32891.60,-32957.90,-31985.65
1775850863.852,-32891.60,-32957.90,-31985.65
1775850863.866,-32891.60,-32957.90,-31985.65
1775850863.883,-32891.60,-32957.90,-31985.65
1775850863.897,-32891.60,-32957.90,-31985.65
1775850863.908,-32891.60,-32957.90,-31985.65
1775850863.918,-32891.60,-32957.90,-31985.65
1775850863.934,-32891.60,-32957.90,-31985.65
1775850863.955,-32891.60,-32957.90,-31985.65
1775850863.969,-32891.60,-32957.90,-31985.65
1775850863.975,-32891.60,-32957.90,-31985.65
1775850863.992,-32891.60,-32957.90,-31985.65
1775850864.018,-32891.60,-32957.90,-31985.65
1775850864.032,-32891.60,-32957.90,-31985.65
1775850864.048,-32891.60,-32957.90,-31985.65
1775850864.055,-32891.60,-32957.90,-31985.65
1775850864.079,-32891.60,-32957.90,-31985.65
1775850864.096,-32891.60,-32957.90,-31985.65
1775850864.110,-32891.60,-32957.90,-31985.65
1775850864.119,-32891.60,-32957.90,-31985.65
1775850864.139,-32891.60,-32957.90,-31985.65
1775850864.153,-32891.60,-32957.90,-31985.65
1775850864.167,-32891.60,-32957.90,-31985.65
1775850864.174,-32891.60,-32957.90,-31985.65
1775850864.198,-32891.60,-32957.90,-31985.65
1775850864.204,-32891.60,-32957.90,-31985.65
1775850864.230,-32891.60,-32957.90,-31985.65
1775850864.230,-32891.60,-32957.90,-31985.65
1775850864.271,-32891.60,-32957.90,-31985.65
1775850864.284,-32891.60,-32957.90,-31985.65
1775850864.298,-32891.60,-32957.90,-31985.65
1775850864.309,-32891.60,-32957.90,-31985.65
1775850864.326,-32891.60,-32957.90,-31985.65
1775850864.341,-32891.60,-32957.90,-31985.65
1775850864.350,-32891.60,-32957.90,-31985.65
1775850864.359,-32891.60,-32957.90,-31985.65
1775850864.395,-32891.60,-32957.90,-31985.65
1775850864.409,-32891.60,-32957.90,-31985.65
1775850864.422,-32891.60,-32957.90,-31985.65
1775850864.437,-32891.60,-32957.90,-31985.65
1775850864.438,-32891.60,-32957.90,-31985.65
1775850864.479,-32891.60,-32957.90,-31985.65
1775850864.493,-32891.60,-32957.90,-31985.65
1775850864.500,-32891.60,-32957.90,-31985.65
1775850864.520,-32891.60,-32957.90,-31985.65
1775850864.533,-32891.60,-32957.90,-31985.65
1775850864.550,-32891.60,-32957.90,-31985.65
1775850864.564,-32891.60,-32957.90,-31985.65
1775850864.582,-32891.60,-32957.90,-31985.65
1775850864.596,-32891.60,-32957.90,-31985.65
1775850864.596,-32891.60,-32957.90,-31985.65
1775850864.630,-32891.60,-32957.90,-31985.65
1775850864.649,-32891.60,-32957.90,-31985.65
1775850864.662,-32891.60,-32957.90,-31985.65
1775850864.678,-32891.60,-32957.90,-31985.65
1775850864.711,-32891.60,-32957.90,-31985.65
1775850864.725,-32891.60,-32957.90,-31985.65
1775850864.740,-32891.60,-32957.90,-31985.65
1775850864.754,-32891.60,-32957.90,-31985.65
1775850864.768,-32891.60,-32957.90,-31985.65
1775850864.775,-32891.60,-32957.90,-31985.65
1775850864.786,-32891.60,-32957.90,-31985.65
1775850864.820,-32891.60,-32957.90,-31985.65
1775850864.834,-32891.60,-32957.90,-31985.65
1775850864.849,-32891.60,-32957.90,-31985.65
1775850864.866,-32891.60,-32957.90,-31985.65
1775850864.897,-32891.60,-32957.90,-31985.65
1775850864.897,-32891.60,-32957.90,-31985.65
1775850864.928,-32891.60,-32957.90,-31985.65
1775850864.944,-32891.60,-32957.90,-31985.65
1775850864.977,-32891.60,-32957.90,-31985.65
1775850864.977,-32891.60,-32957.90,-31985.65
1775850865.010,-32891.60,-32957.90,-31985.65
1775850865.026,-32891.60,-32957.90,-31985.65
1775850865.042,-32891.60,-32957.90,-31985.65
1775850865.073,-32891.60,-32957.90,-31985.65
1775850865.090,-32891.60,-32957.90,-31985.65
1775850865.105,-32891.60,-32957.90,-31985.65
1775850865.105,-32891.60,-32957.90,-31985.65
1775850865.137,-32891.60,-32957.90,-31985.65
1775850865.154,-32891.60,-32957.90,-31985.65
1775850865.172,-32891.60,-32957.90,-31985.65
1775850865.200,-32891.60,-32957.90,-31985.65
1775850865.201,-32891.60,-32957.90,-31985.65
1775850865.232,-32891.60,-32957.90,-31985.65
1775850865.249,-32891.60,-32957.90,-31985.65
1775850865.263,-32891.60,-32957.90,-31985.65
1775850865.282,-32891.60,-32957.90,-31985.65
1775850865.313,-32891.60,-32957.90,-31985.65
1775850865.326,-32891.60,-32957.90,-31985.65
1775850865.342,-32891.60,-32957.90,-31985.65
1775850865.347,-32891.60,-32957.90,-31985.65
1775850865.377,-32891.60,-32957.90,-31985.65
1775850865.390,-32891.60,-32957.90,-31985.65
1775850865.406,-32891.60,-32957.90,-31985.65
1775850865.411,-32891.60,-32957.90,-31985.65
1775850865.439,-32891.60,-32957.90,-31985.65
1775850865.454,-32891.60,-32957.90,-31985.65
1775850865.469,-32891.60,-32957.90,-31985.65
1775850865.473,-32891.60,-32957.90,-31985.65
1775850865.503,-32891.60,-32957.90,-31985.65
1775850865.517,-32891.60,-32957.90,-31985.65
1775850865.521,-32891.60,-32957.90,-31985.65
1775850865.549,-32891.60,-32957.90,-31985.65
1775850865.566,-32891.60,-32957.90,-31985.65
1775850865.567,-32891.60,-32957.90,-31985.65
1775850865.600,-32891.60,-32957.90,-31985.65
1775850865.615,-32891.60,-32957.90,-31985.65
1775850865.631,-32891.60,-32957.90,-31985.65
1775850865.645,-32891.60,-32957.90,-31985.65
1775850865.663,-32891.60,-32957.90,-31985.65
1775850865.686,-32891.60,-32957.90,-31985.65
1775850865.694,-32891.60,-32957.90,-31985.65
1775850865.722,-32891.60,-32957.90,-31985.65
1775850865.725,-32891.60,-32957.90,-31985.65
1775850865.757,-32891.60,-32957.90,-31985.65
1775850865.772,-32891.60,-32957.90,-31985.65
1775850865.773,-32891.60,-32957.90,-31985.65
1775850865.805,-32891.60,-32957.90,-31985.65
1775850865.823,-32891.60,-32957.90,-31985.65
1775850865.836,-32891.60,-32957.90,-31985.65
1775850865.854,-32891.60,-32957.90,-31985.65
1775850865.869,-32891.60,-32957.90,-31985.65
1775850865.900,-32891.60,-32957.90,-31985.65
1775850865.922,-32891.60,-32957.90,-31985.65
1775850865.934,-32891.60,-32957.90,-31985.65
1775850865.963,-32891.60,-32957.90,-31985.65
1775850865.963,-32891.60,-32957.90,-31985.65
1775850865.996,-32891.60,-32957.90,-31985.65
1775850866.011,-32891.60,-32957.90,-31985.65
1775850866.040,-32891.60,-32957.90,-31985.65
1775850866.053,-32891.60,-32957.90,-31985.65
1775850866.061,-32891.60,-32957.90,-31985.65
1775850866.077,-32891.60,-32957.90,-31985.65
1775850866.109,-32891.60,-32957.90,-31985.65
1775850866.122,-32891.60,-32957.90,-31985.65
1775850866.140,-32891.60,-32957.90,-31985.65
1775850866.154,-32891.60,-32957.90,-31985.65
1775850866.171,-32891.60,-32957.90,-31985.65
1775850866.185,-32891.60,-32957.90,-31985.65
1775850866.188,-32891.60,-32957.90,-31985.65
1775850866.218,-32891.60,-32957.90,-31985.65
1775850866.235,-32891.60,-32957.90,-31985.65
1775850866.249,-32891.60,-32957.90,-31985.65
1775850866.250,-32891.60,-32957.90,-31985.65
1775850866.282,-32891.60,-32957.90,-31985.65
1775850866.300,-32891.60,-32957.90,-31985.65
1775850866.314,-32891.60,-32957.90,-31985.65
1775850866.330,-32891.60,-32957.90,-31985.65
1775850866.333,-32891.60,-32957.90,-31985.65
1775850866.363,-32891.60,-32957.90,-31985.65
1775850866.377,-32891.60,-32957.90,-31985.65
1775850866.394,-32891.60,-32957.90,-31985.65
1775850866.409,-32891.60,-32957.90,-31985.65
1775850866.424,-32891.60,-32957.90,-31985.65
1775850866.426,-32891.60,-32957.90,-31985.65
1775850866.455,-32891.60,-32957.90,-31985.65
1775850866.472,-32891.60,-32957.90,-31985.65
1775850866.489,-32891.60,-32957.90,-31985.65
1775850866.505,-32891.60,-32957.90,-31985.65
1775850866.520,-32891.60,-32957.90,-31985.65
1775850866.535,-32891.60,-32957.90,-31985.65
1775850866.535,-32891.60,-32957.90,-31985.65
1775850866.569,-32891.60,-32957.90,-31985.65
1775850866.586,-32891.60,-32957.90,-31985.65
1775850866.599,-32891.60,-32957.90,-31985.65
1775850866.623,-32891.60,-32957.90,-31985.65
1775850866.647,-32891.60,-32957.90,-31985.65
1775850866.649,-32891.60,-32957.90,-31985.65
1775850866.680,-32891.60,-32957.90,-31985.65
1775850866.695,-32891.60,-32957.90,-31985.65
1775850866.713,-32891.60,-32957.90,-31985.65
1775850866.727,-32891.60,-32957.90,-31985.65
1775850866.743,-32891.60,-32957.90,-31985.65
1775850866.746,-32891.60,-32957.90,-31985.65
1775850866.776,-32891.60,-32957.90,-31985.65
1775850866.792,-32891.60,-32957.90,-31985.65
1775850866.807,-32891.60,-32957.90,-31985.65
1775850866.812,-32891.60,-32957.90,-31985.65
1775850866.842,-32891.60,-32957.90,-31985.65
1775851074.875,-32891.60,-32957.90,-31985.65
1775851074.893,-32891.60,-32957.90,-31985.65
1775851074.906,-32891.60,-32957.90,-31985.65
1775851074.921,-32891.60,-32957.90,-31985.65
1775851074.934,-32891.60,-32957.90,-31985.65
1775851074.949,-32891.60,-32957.90,-31985.65
1775851074.960,-32891.60,-32957.90,-31985.65
1775851074.971,-32891.60,-32957.90,-31985.65
1775851074.986,-32891.60,-32957.90,-31985.65
1775851075.002,-32891.60,-32957.90,-31985.65
1775851075.020,-32891.60,-32957.90,-31985.65
1775851075.034,-32891.60,-32957.90,-31985.65
1775851075.046,-32891.60,-32957.90,-31985.65
1775851075.060,-32891.60,-32957.90,-31985.65
1775851075.075,-32891.60,-32957.90,-31985.65
1775851075.088,-32891.60,-32957.90,-31985.65
1775851075.104,-32891.60,-32957.90,-31985.65
1775851075.118,-32891.60,-32957.90,-31985.65
1775851075.131,-32891.60,-32957.90,-31985.65
1775851075.145,-32891.60,-32957.90,-31985.65
1775851075.158,-32891.60,-32957.90,-31985.65
1775851075.173,-32891.60,-32957.90,-31985.65
1775851075.182,-32891.60,-32957.90,-31985.65
1775851075.202,-32891.60,-32957.90,-31985.65
1775851075.217,-32891.60,-32957.90,-31985.65
1775851075.231,-32891.60,-32957.90,-31985.65
1775851075.245,-32891.60,-32957.90,-31985.65
1775851075.258,-32891.60,-32957.90,-31985.65
1775851075.272,-32891.60,-32957.90,-31985.65
1775851075.282,-32891.60,-32957.90,-31985.65
1775851075.302,-32891.60,-32957.90,-31985.65
1775851075.316,-32891.60,-32957.90,-31985.65
1775851075.330,-32891.60,-32957.90,-31985.65
1775851075.342,-32891.60,-32957.90,-31985.65
1775851075.352,-32891.60,-32957.90,-31985.65
1775851075.372,-32891.60,-32957.90,-31985.65
1775851075.383,-32891.60,-32957.90,-31985.65
1775851075.400,-32891.60,-32957.90,-31985.65
1775851075.412,-32891.60,-32957.90,-31985.65
1775851075.422,-32891.60,-32957.90,-31985.65
1775851075.442,-32891.60,-32957.90,-31985.65
1775851075.452,-32891.60,-32957.90,-31985.65
1775851075.465,-32891.60,-32957.90,-31985.65
1775851075.482,-32891.60,-32957.90,-31985.65
1775851075.493,-32891.60,-32957.90,-31985.65
1775851075.512,-32891.60,-32957.90,-31985.65
1775851075.527,-32891.60,-32957.90,-31985.65
1775851075.542,-32891.60,-32957.90,-31985.65
1775851075.555,-32891.60,-32957.90,-31985.65
1775851075.569,-32891.60,-32957.90,-31985.65
1775851075.584,-32891.60,-32957.90,-31985.65
1775851075.595,-32891.60,-32957.90,-31985.65
1775851075.612,-32891.60,-32957.90,-31985.65
1775851075.625,-32891.60,-32957.90,-31985.65
1775851075.637,-32891.60,-32957.90,-31985.65
1775851075.654,-32891.60,-32957.90,-31985.65
1775851075.668,-32891.60,-32957.90,-31985.65
1775851075.682,-32891.60,-32957.90,-31985.65
1775851075.694,-32891.60,-32957.90,-31985.65
1775851075.712,-32891.60,-32957.90,-31985.65
1775851075.722,-32891.60,-32957.90,-31985.65
1775851075.739,-32891.60,-32957.90,-31985.65
1775851075.753,-32891.60,-32957.90,-31985.65
1775851075.763,-32891.60,-32957.90,-31985.65
1775851075.782,-32891.60,-32957.90,-31985.65
1775851075.797,-32891.60,-32957.90,-31985.65
1775851075.810,-32891.60,-32957.90,-31985.65
1775851075.824,-32891.60,-32957.90,-31985.65
1775851075.839,-32891.60,-32957.90,-31985.65
1775851075.852,-32891.60,-32957.90,-31985.65
1775851075.861,-32891.60,-32957.90,-31985.65
1775851075.882,-32891.60,-32957.90,-31985.65
1775851075.891,-32891.60,-32957.90,-31985.65
1775851075.912,-32891.60,-32957.90,-31985.65
1775851075.925,-32891.60,-32957.90,-31985.65
1775851075.938,-32891.60,-32957.90,-31985.65
1775851075.955,-32891.60,-32957.90,-31985.65
1775851075.970,-32891.60,-32957.90,-31985.65
1775851075.985,-32891.60,-32957.90,-31985.65
1775851075.987,-32891.60,-32957.90,-31985.65
1775851076.017,-32891.60,-32957.90,-31985.65
1775851076.034,-32891.60,-32957.90,-31985.65
1775851076.051,-32891.60,-32957.90,-31985.65
1775851076.065,-32891.60,-32957.90,-31985.65
1775851076.080,-32891.60,-32957.90,-31985.65
1775851076.088,-32891.60,-32957.90,-31985.65
1775851076.112,-32891.60,-32957.90,-31985.65
1775851076.121,-32891.60,-32957.90,-31985.65
1775851076.142,-32891.60,-32957.90,-31985.65
1775851076.146,-32891.60,-32957.90,-31985.65
1775851076.174,-32891.60,-32957.90,-31985.65
1775851076.191,-32891.60,-32957.90,-31985.65
1775851076.206,-32891.60,-32957.90,-31985.65
1775851076.221,-32891.60,-32957.90,-31985.65
1775851076.228,-32891.60,-32957.90,-31985.65
1775851076.246,-32891.60,-32957.90,-31985.65
1775851076.271,-32891.60,-32957.90,-31985.65
1775851076.271,-32891.60,-32957.90,-31985.65
1775851076.303,-32891.60,-32957.90,-31985.65
1775851076.319,-32891.60,-32957.90,-31985.65
1775851076.342,-32891.60,-32957.90,-31985.65
1775851076.356,-32891.60,-32957.90,-31985.65
1775851076.371,-32891.60,-32957.90,-31985.65
1775851076.383,-32891.60,-32957.90,-31985.65
1775851076.399,-32891.60,-32957.90,-31985.65
1775851076.415,-32891.60,-32957.90,-31985.65
1775851076.427,-32891.60,-32957.90,-31985.65
1775851076.434,-32891.60,-32957.90,-31985.65
1775851076.446,-32891.60,-32957.90,-31985.65
1775851076.481,-32891.60,-32957.90,-31985.65
1775851076.494,-32891.60,-32957.90,-31985.65
1775851076.514,-32891.60,-32957.90,-31985.65
1775851076.530,-32891.60,-32957.90,-31985.65
1775851076.557,-32891.60,-32957.90,-31985.65
1775851076.573,-32891.60,-32957.90,-31985.65
1775851076.577,-32891.60,-32957.90,-31985.65
1775851076.608,-32891.60,-32957.90,-31985.65
1775851076.622,-32891.60,-32957.90,-31985.65
1775851076.636,-32891.60,-32957.90,-31985.65
1775851076.647,-32891.60,-32957.90,-31985.65
1775851076.657,-32891.60,-32957.90,-31985.65
1775851076.677,-32891.60,-32957.90,-31985.65
1775851076.684,-32891.60,-32957.90,-31985.65
1775851076.707,-32891.60,-32957.90,-31985.65
1775851076.720,-32891.60,-32957.90,-31985.65
1775851076.735,-32891.60,-32957.90,-31985.65
1775851076.747,-32891.60,-32957.90,-31985.65
1775851076.763,-32891.60,-32957.90,-31985.65
1775851076.780,-32891.60,-32957.90,-31985.65
1775851076.796,-32891.60,-32957.90,-31985.65
1775851076.810,-32891.60,-32957.90,-31985.65
1775851076.810,-32891.60,-32957.90,-31985.65
1775851076.847,-32891.60,-32957.90,-31985.65
1775851076.862,-32891.60,-32957.90,-31985.65
1775851076.875,-32891.60,-32957.90,-31985.65
1775851076.890,-32891.60,-32957.90,-31985.65
1775851076.908,-32891.60,-32957.90,-31985.65
1775851076.922,-32891.60,-32957.90,-31985.65
1775851076.937,-32891.60,-32957.90,-31985.65
1775851076.947,-32891.60,-32957.90,-31985.65
1775851076.964,-32891.60,-32957.90,-31985.65
1775851076.978,-32891.60,-32957.90,-31985.65
1775851076.993,-32891.60,-32957.90,-31985.65
1775851077.006,-32891.60,-32957.90,-31985.65
1775851077.019,-32891.60,-32957.90,-31985.65
1775851077.032,-32891.60,-32957.90,-31985.65
1775851077.048,-32891.60,-32957.90,-31985.65
1775851077.062,-32891.60,-32957.90,-31985.65
1775851077.077,-32891.60,-32957.90,-31985.65
1775851077.079,-32891.60,-32957.90,-31985.65
1775851077.113,-32891.60,-32957.90,-31985.65
1775851077.127,-32891.60,-32957.90,-31985.65
1775851077.142,-32891.60,-32957.90,-31985.65
1775851077.155,-32891.60,-32957.90,-31985.65
1775851077.169,-32891.60,-32957.90,-31985.65
1775851077.183,-32891.60,-32957.90,-31985.65
1775851077.197,-32891.60,-32957.90,-31985.65
1775851077.212,-32891.60,-32957.90,-31985.65
1775851077.225,-32891.60,-32957.90,-31985.65
1775851077.239,-32891.60,-32957.90,-31985.65
1775851077.253,-32891.60,-32957.90,-31985.65
1775851077.269,-32891.60,-32957.90,-31985.65
1775851077.278,-32891.60,-32957.90,-31985.65
1775851077.299,-32891.60,-32957.90,-31985.65
1775851077.305,-32891.60,-32957.90,-31985.65
1775851077.317,-32891.60,-32957.90,-31985.65
1775851077.351,-32891.60,-32957.90,-31985.65
1775851077.367,-32891.60,-32957.90,-31985.65
1775851077.383,-32891.60,-32957.90,-31985.65
1775851077.396,-32891.60,-32957.90,-31985.65
1775851077.412,-32891.60,-32957.90,-31985.65
1775851077.427,-32891.60,-32957.90,-31985.65
1775851077.430,-32891.60,-32957.90,-31985.65
1775851077.459,-32891.60,-32957.90,-31985.65
1775851077.475,-32891.60,-32957.90,-31985.65
1775851077.494,-32891.60,-32957.90,-31985.65
1775851077.507,-32891.60,-32957.90,-31985.65
1775851077.523,-32891.60,-32957.90,-31985.65
1775851077.539,-32891.60,-32957.90,-31985.65
1775851077.548,-32891.60,-32957.90,-31985.65
1775851077.571,-32891.60,-32957.90,-31985.65
1775851077.586,-32891.60,-32957.90,-31985.65
1775851077.589,-32891.60,-32957.90,-31985.65
1775851077.622,-32891.60,-32957.90,-31985.65
1775851077.635,-32891.60,-32957.90,-31985.65
1775851077.651,-32891.60,-32957.90,-31985.65
1775851077.666,-32891.60,-32957.90,-31985.65
1775851077.670,-32891.60,-32957.90,-31985.65
1775851077.698,-32891.60,-32957.90,-31985.65
1775851077.714,-32891.60,-32957.90,-31985.65
1775851077.719,-32891.60,-32957.90,-31985.65
1775851077.749,-32891.60,-32957.90,-31985.65
1775851077.762,-32891.60,-32957.90,-31985.65
1775851077.778,-32891.60,-32957.90,-31985.65
1775851077.778,-32891.60,-32957.90,-31985.65
1775851077.817,-32891.60,-32957.90,-31985.65
1775851077.831,-32891.60,-32957.90,-31985.65
1775851077.843,-32891.60,-32957.90,-31985.65
1775851077.859,-32891.60,-32957.90,-31985.65
1775851077.874,-32891.60,-32957.90,-31985.65
1775851077.886,-32891.60,-32957.90,-31985.65
1775851077.890,-32891.60,-32957.90,-31985.65
1775851077.924,-32891.60,-32957.90,-31985.65
1775851077.937,-32891.60,-32957.90,-31985.65
1775851077.949,-32891.60,-32957.90,-31985.65
1775851077.959,-32891.60,-32957.90,-31985.65
1775851077.970,-32891.60,-32957.90,-31985.65
1775851078.003,-32891.60,-32957.90,-31985.65
1775851078.017,-32891.60,-32957.90,-31985.65
1775851078.017,-32891.60,-32957.90,-31985.65
1775851078.052,-32891.60,-32957.90,-31985.65
1775851078.068,-32891.60,-32957.90,-31985.65
1775851078.079,-32891.60,-32957.90,-31985.65
1775851078.095,-32891.60,-32957.90,-31985.65
1775851078.111,-32891.60,-32957.90,-31985.65
1775851078.122,-32891.60,-32957.90,-31985.65
1775851078.137,-32891.60,-32957.90,-31985.65
1775851078.148,-32891.60,-32957.90,-31985.65
1775851078.159,-32891.60,-32957.90,-31985.65
1775851078.181,-32891.60,-32957.90,-31985.65
1775851078.195,-32891.60,-32957.90,-31985.65
1775851078.207,-32891.60,-32957.90,-31985.65
1775851078.222,-32891.60,-32957.90,-31985.65
1775851078.222,-32891.60,-32957.90,-31985.65
1775851078.261,-32891.60,-32957.90,-31985.65
1775851078.276,-32891.60,-32957.90,-31985.65
1775851078.286,-32891.60,-32957.90,-31985.65
1775851078.305,-32891.60,-32957.90,-31985.65
1775851078.319,-32891.60,-32957.90,-31985.65
1775851078.332,-32891.60,-32957.90,-31985.65
1775851078.334,-32891.60,-32957.90,-31985.65
1775851078.371,-32891.60,-32957.90,-31985.65
1775851078.386,-32891.60,-32957.90,-31985.65
1775851078.398,-32891.60,-32957.90,-31985.65
1775851078.413,-32891.60,-32957.90,-31985.65
1775851078.413,-32891.60,-32957.90,-31985.65
1775851078.451,-32891.60,-32957.90,-31985.65
1775851078.463,-32891.60,-32957.90,-31985.65
1775851078.477,-32891.60,-32957.90,-31985.65
1775851078.494,-32891.60,-32957.90,-31985.65
1775851078.496,-32891.60,-32957.90,-31985.65
1775851078.525,-32891.60,-32957.90,-31985.65
1775851078.541,-32891.60,-32957.90,-31985.65
1775851078.559,-32891.60,-32957.90,-31985.65
1775851078.576,-32891.60,-32957.90,-31985.65
1775851078.589,-32891.60,-32957.90,-31985.65
1775851078.589,-32891.60,-32957.90,-31985.65
1775851078.628,-32891.60,-32957.90,-31985.65
1775851078.642,-32891.60,-32957.90,-31985.65
1775851078.653,-32891.60,-32957.90,-31985.65
1775851078.670,-32891.60,-32957.90,-31985.65
1775851078.686,-32891.60,-32957.90,-31985.65
1775851078.688,-32891.60,-32957.90,-31985.65
1775851078.717,-32891.60,-32957.90,-31985.65
1775851078.737,-32891.60,-32957.90,-31985.65
1775851078.753,-32891.60,-32957.90,-31985.65
1775851078.768,-32891.60,-32957.90,-31985.65
1775851078.782,-32891.60,-32957.90,-31985.65
1775851078.796,-32891.60,-32957.90,-31985.65
1775851078.811,-32891.60,-32957.90,-31985.65
1775851078.814,-32891.60,-32957.90,-31985.65
1775851078.843,-32891.60,-32957.90,-31985.65
1775851078.859,-32891.60,-32957.90,-31985.65
1775851078.875,-32891.60,-32957.90,-31985.65
1775851078.875,-32891.60,-32957.90,-31985.65
1775851078.906,-32891.60,-32957.90,-31985.65
1775851078.934,-32891.60,-32957.90,-31985.65
1775851078.949,-32891.60,-32957.90,-31985.65
1775851078.955,-32891.60,-32957.90,-31985.65
1775851078.973,-32891.60,-32957.90,-31985.65
1775851079.003,-32891.60,-32957.90,-31985.65
1775851079.019,-32891.60,-32957.90,-31985.65
1775851079.034,-32891.60,-32957.90,-31985.65
1775851079.049,-32891.60,-32957.90,-31985.65
1775851079.050,-32891.60,-32957.90,-31985.65
1775851079.087,-32891.60,-32957.90,-31985.65
1775851079.098,-32891.60,-32957.90,-31985.65
1775851079.114,-32891.60,-32957.90,-31985.65
1775851079.131,-32891.60,-32957.90,-31985.65
1775851079.146,-32891.60,-32957.90,-31985.65
1775851079.149,-32891.60,-32957.90,-31985.65
1775851079.179,-32891.60,-32957.90,-31985.65
1775851079.195,-32891.60,-32957.90,-31985.65
1775851079.210,-32891.60,-32957.90,-31985.65
1775851079.219,-32891.60,-32957.90,-31985.65
1775851079.225,-32891.60,-32957.90,-31985.65
1775851079.258,-32891.60,-32957.90,-31985.65
1775851079.277,-32891.60,-32957.90,-31985.65
1775851079.292,-32891.60,-32957.90,-31985.65
1775851079.307,-32891.60,-32957.90,-31985.65
1775851079.320,-32891.60,-32957.90,-31985.65
1775851079.337,-32891.60,-32957.90,-31985.65
1775851079.350,-32891.60,-32957.90,-31985.65
1775851079.352,-32891.60,-32957.90,-31985.65
1775851079.385,-32891.60,-32957.90,-31985.65
1775851079.403,-32891.60,-32957.90,-31985.65
1775851079.415,-32891.60,-32957.90,-31985.65
1775851079.432,-32891.60,-32957.90,-31985.65
1775851079.432,-32891.60,-32957.90,-31985.65
1775851079.470,-32891.60,-32957.90,-31985.65
1775851079.480,-32891.60,-32957.90,-31985.65
1775851079.497,-32891.60,-32957.90,-31985.65
1775851079.514,-32891.60,-32957.90,-31985.65
1775851079.529,-32891.60,-32957.90,-31985.65
1775851079.543,-32891.60,-32957.90,-31985.65
1775851079.550,-32891.60,-32957.90,-31985.65
1775851079.575,-32891.60,-32957.90,-31985.65
1775851079.579,-32891.60,-32957.90,-31985.65
1775851079.608,-32891.60,-32957.90,-31985.65
1775851079.626,-32891.60,-32957.90,-31985.65
1775851079.639,-32891.60,-32957.90,-31985.65
1775851079.650,-32891.60,-32957.90,-31985.65
1775851079.665,-32891.60,-32957.90,-31985.65
1775851079.672,-32891.60,-32957.90,-31985.65
1775851079.686,-32891.60,-32957.90,-31985.65
1775851079.724,-32891.60,-32957.90,-31985.65
1775851079.734,-32891.60,-32957.90,-31985.65
1775851079.753,-32891.60,-32957.90,-31985.65
1775851079.768,-32891.60,-32957.90,-31985.65
1775851079.782,-32891.60,-32957.90,-31985.65
1775851079.793,-32891.60,-32957.90,-31985.65
1775851079.804,-32891.60,-32957.90,-31985.65
1775851079.814,-32891.60,-32957.90,-31985.65
1775851079.838,-32891.60,-32957.90,-31985.65
1775851079.852,-32891.60,-32957.90,-31985.65
1775851079.864,-32891.60,-32957.90,-31985.65
1775851079.878,-32891.60,-32957.90,-31985.65
1775851079.895,-32891.60,-32957.90,-31985.65
1775851079.910,-32891.60,-32957.90,-31985.65
1775851079.920,-32891.60,-32957.90,-31985.65
1775851079.926,-32891.60,-32957.90,-31985.65
1775851079.957,-32891.60,-32957.90,-31985.65
1775851079.961,-32891.60,-32957.90,-31985.65
1775851079.989,-32891.60,-32957.90,-31985.65
1775851080.007,-32891.60,-32957.90,-31985.65
1775851080.022,-32891.60,-32957.90,-31985.65
1775851080.036,-32891.60,-32957.90,-31985.65
1775851080.049,-32891.60,-32957.90,-31985.65
1775851080.053,-32891.60,-32957.90,-31985.65
1775851080.084,-32891.60,-32957.90,-31985.65
1775851080.086,-32891.60,-32957.90,-31985.65
1775851080.117,-32891.60,-32957.90,-31985.65
1775851080.132,-32891.60,-32957.90,-31985.65
1775851080.151,-32891.60,-32957.90,-31985.65
1775851080.168,-32891.60,-32957.90,-31985.65
1775851080.180,-32891.60,-32957.90,-31985.65
1775851080.195,-32891.60,-32957.90,-31985.65
1775851080.211,-32891.60,-32957.90,-31985.65
1775851080.213,-32891.60,-32957.90,-31985.65
1775851080.243,-32891.60,-32957.90,-31985.65
1775851080.259,-32891.60,-32957.90,-31985.65
1775851080.276,-32891.60,-32957.90,-31985.65
1775851080.307,-32891.60,-32957.90,-31985.65
1775851080.323,-32891.60,-32957.90,-31985.65
1775851080.323,-32891.60,-32957.90,-31985.65
1775851080.361,-32891.60,-32957.90,-31985.65
1775851080.375,-32891.60,-32957.90,-31985.65
1775851080.387,-32891.60,-32957.90,-31985.65
1775851080.405,-32891.60,-32957.90,-31985.65
1775851080.419,-32891.60,-32957.90,-31985.65
1775851080.432,-32891.60,-32957.90,-31985.65
1775851080.437,-32891.60,-32957.90,-31985.65
1775851080.467,-32891.60,-32957.90,-31985.65
1775851080.470,-32891.60,-32957.90,-31985.65
1775851080.503,-32891.60,-32957.90,-31985.65
1775851080.516,-32891.60,-32957.90,-31985.65
1775851080.531,-32891.60,-32957.90,-31985.65
1775851080.539,-32891.60,-32957.90,-31985.65
1775851080.560,-32891.60,-32957.90,-31985.65
1775851080.575,-32891.60,-32957.90,-31985.65
1775851080.587,-32891.60,-32957.90,-31985.65
1775851080.602,-32891.60,-32957.90,-31985.65
1775851080.615,-32891.60,-32957.90,-31985.65
1775851080.625,-32891.60,-32957.90,-31985.65
1775851080.641,-32891.60,-32957.90,-31985.65
1775851080.660,-32891.60,-32957.90,-31985.65
1775851080.675,-32891.60,-32957.90,-31985.65
1775851080.688,-32891.60,-32957.90,-31985.65
1775851080.704,-32891.60,-32957.90,-31985.65
1775851080.704,-32891.60,-32957.90,-31985.65
1775851080.741,-32891.60,-32957.90,-31985.65
1775851080.753,-32891.60,-32957.90,-31985.65
1775851080.768,-32891.60,-32957.90,-31985.65
1775851080.784,-32891.60,-32957.90,-31985.65
1775851080.801,-32891.60,-32957.90,-31985.65
1775851080.816,-32891.60,-32957.90,-31985.65
1775851080.816,-32891.60,-32957.90,-31985.65
1775851080.853,-32891.60,-32957.90,-31985.65
1775851080.866,-32891.60,-32957.90,-31985.65
1775851080.880,-32891.60,-32957.90,-31985.65
1775851080.899,-32891.60,-32957.90,-31985.65
1775851080.912,-32891.60,-32957.90,-31985.65
1775851080.928,-32891.60,-32957.90,-31985.65
1775851080.933,-32891.60,-32957.90,-31985.65
1775851080.962,-32891.60,-32957.90,-31985.65
1775851080.977,-32891.60,-32957.90,-31985.65
1775851080.991,-32891.60,-32957.90,-31985.65
1775851080.995,-32891.60,-32957.90,-31985.65
1775851081.023,-32891.60,-32957.90,-31985.65
1775851081.039,-32891.60,-32957.90,-31985.65
1775851081.056,-32891.60,-32957.90,-31985.65
1775851081.060,-32891.60,-32957.90,-31985.65
1775851081.087,-32891.60,-32957.90,-31985.65
1775851081.106,-32891.60,-32957.90,-31985.65
1775851081.119,-32891.60,-32957.90,-31985.65
1775851081.135,-32891.60,-32957.90,-31985.65
1775851081.135,-32891.60,-32957.90,-31985.65
1775851081.173,-32891.60,-32957.90,-31985.65
1775851081.187,-32891.60,-32957.90,-31985.65
1775851081.199,-32891.60,-32957.90,-31985.65
1775851081.216,-32891.60,-32957.90,-31985.65
1775851081.231,-32891.60,-32957.90,-31985.65
1775851081.247,-32891.60,-32957.90,-31985.65
1775851081.259,-32891.60,-32957.90,-31985.65
1775851081.263,-32891.60,-32957.90,-31985.65
1775851081.297,-32891.60,-32957.90,-31985.65
1775851081.310,-32891.60,-32957.90,-31985.65
1775851081.324,-32891.60,-32957.90,-31985.65
1775851081.337,-32891.60,-32957.90,-31985.65
1775851081.342,-32891.60,-32957.90,-31985.65
1775851081.367,-32891.60,-32957.90,-31985.65
1775851081.389,-32891.60,-32957.90,-31985.65
1775851081.389,-32891.60,-32957.90,-31985.65
1775851081.429,-32891.60,-32957.90,-31985.65
1775851081.442,-32891.60,-32957.90,-31985.65
1775851081.456,-32891.60,-32957.90,-31985.65
1775851081.470,-32891.60,-32957.90,-31985.65
1775851081.485,-32891.60,-32957.90,-31985.65
1775851081.500,-32891.60,-32957.90,-31985.65
1775851081.512,-32891.60,-32957.90,-31985.65
1775851081.519,-32891.60,-32957.90,-31985.65
1775851081.545,-32891.60,-32957.90,-31985.65
1775851081.554,-32891.60,-32957.90,-31985.65
1775851081.574,-32891.60,-32957.90,-31985.65
1775851081.580,-32891.60,-32957.90,-31985.65
1775851081.596,-32891.60,-32957.90,-31985.65
1775851081.632,-32891.60,-32957.90,-31985.65
1775851081.643,-32891.60,-32957.90,-31985.65
1775851081.659,-32891.60,-32957.90,-31985.65
1775851081.675,-32891.60,-32957.90,-31985.65
1775851081.682,-32891.60,-32957.90,-31985.65
1775851081.706,-32891.60,-32957.90,-31985.65
1775851081.722,-32891.60,-32957.90,-31985.65
1775851081.722,-32891.60,-32957.90,-31985.65
1775851081.761,-32891.60,-32957.90,-31985.65
1775851081.771,-32891.60,-32957.90,-31985.65
1775851081.787,-32891.60,-32957.90,-31985.65
1775851081.805,-32891.60,-32957.90,-31985.65
1775851081.820,-32891.60,-32957.90,-31985.65
1775851081.834,-32891.60,-32957.90,-31985.65
1775851081.834,-32891.60,-32957.90,-31985.65
1775851081.870,-32891.60,-32957.90,-31985.65
1775851081.886,-32891.60,-32957.90,-31985.65
1775851081.898,-32891.60,-32957.90,-31985.65
1775851081.915,-32891.60,-32957.90,-31985.65
1775851081.930,-32891.60,-32957.90,-31985.65
1775851081.934,-32891.60,-32957.90,-31985.65
1775851081.965,-32891.60,-32957.90,-31985.65
1775851081.979,-32891.60,-32957.90,-31985.65
1775851081.994,-32891.60,-32957.90,-31985.65
1775851081.996,-32891.60,-32957.90,-31985.65
1775851082.028,-32891.60,-32957.90,-31985.65
1775851082.043,-32891.60,-32957.90,-31985.65
1775851082.059,-32891.60,-32957.90,-31985.65
1775851082.062,-32891.60,-32957.90,-31985.65
1775851082.091,-32891.60,-32957.90,-31985.65
1775851082.108,-32891.60,-32957.90,-31985.65
1775851082.123,-32891.60,-32957.90,-31985.65
1775851082.125,-32891.60,-32957.90,-31985.65
1775851082.160,-32891.60,-32957.90,-31985.65
1775851082.171,-32891.60,-32957.90,-31985.65
1775851082.188,-32891.60,-32957.90,-31985.65
1775851082.202,-32891.60,-32957.90,-31985.65
1775851082.213,-32891.60,-32957.90,-31985.65
1775851082.218,-32891.60,-32957.90,-31985.65
1775851082.249,-32891.60,-32957.90,-31985.65
1775851082.256,-32891.60,-32957.90,-31985.65
1775851082.282,-32891.60,-32957.90,-31985.65
1775851082.282,-32891.60,-32957.90,-31985.65
1775851082.321,-32891.60,-32957.90,-31985.65
1775851082.334,-32891.60,-32957.90,-31985.65
1775851082.346,-32891.60,-32957.90,-31985.65
1775851082.363,-32891.60,-32957.90,-31985.65
1775851082.378,-32891.60,-32957.90,-31985.65
1775851082.393,-32891.60,-32957.90,-31985.65
1775851082.405,-32891.60,-32957.90,-31985.65
1775851082.410,-32891.60,-32957.90,-31985.65
1775851082.443,-32891.60,-32957.90,-31985.65
1775851082.457,-32891.60,-32957.90,-31985.65
1775851082.473,-32891.60,-32957.90,-31985.65
1775851082.473,-32891.60,-32957.90,-31985.65
1775851082.512,-32891.60,-32957.90,-31985.65
1775851082.525,-32891.60,-32957.90,-31985.65
1775851082.540,-32891.60,-32957.90,-31985.65
1775851082.552,-32891.60,-32957.90,-31985.65
1775851082.568,-32891.60,-32957.90,-31985.65
1775851082.571,-32891.60,-32957.90,-31985.65
1775851082.599,-32891.60,-32957.90,-31985.65
1775851082.615,-32891.60,-32957.90,-31985.65
1775851082.632,-32891.60,-32957.90,-31985.65
1775851082.647,-32891.60,-32957.90,-31985.65
1775851082.659,-32891.60,-32957.90,-31985.65
1775851082.673,-32891.60,-32957.90,-31985.65
1775851082.679,-32891.60,-32957.90,-31985.65
1775851082.701,-32891.60,-32957.90,-31985.65
1775851082.727,-32891.60,-32957.90,-31985.65
1775851082.743,-32891.60,-32957.90,-31985.65
1775851082.755,-32891.60,-32957.90,-31985.65
1775851082.762,-32891.60,-32957.90,-31985.65
1775851082.788,-32891.60,-32957.90,-31985.65
1775851082.790,-32891.60,-32957.90,-31985.65
1775851082.822,-32891.60,-32957.90,-31985.65
1775851082.840,-32891.60,-32957.90,-31985.65
1775851082.855,-32891.60,-32957.90,-31985.65
1775851082.868,-32891.60,-32957.90,-31985.65
1775851082.870,-32891.60,-32957.90,-31985.65
1775851082.906,-32891.60,-32957.90,-31985.65
1775851082.920,-32891.60,-32957.90,-31985.65
1775851082.934,-32891.60,-32957.90,-31985.65
1775851082.940,-32891.60,-32957.90,-31985.65
1775851082.970,-32891.60,-32957.90,-31985.65
1775851082.983,-32891.60,-32957.90,-31985.65
1775851082.997,-32891.60,-32957.90,-31985.65
1775851082.997,-32891.60,-32957.90,-31985.65
1775851083.032,-32891.60,-32957.90,-31985.65
1775851083.052,-32891.60,-32957.90,-31985.65
1775851083.065,-32891.60,-32957.90,-31985.65
1775851083.077,-32891.60,-32957.90,-31985.65
1775851083.093,-32891.60,-32957.90,-31985.65
1775851083.108,-32891.60,-32957.90,-31985.65
1775851083.111,-32891.60,-32957.90,-31985.65
1775851083.139,-32891.60,-32957.90,-31985.65
1775851083.156,-32891.60,-32957.90,-31985.65
1775851083.175,-32891.60,-32957.90,-31985.65
1775851083.189,-32891.60,-32957.90,-31985.65
1775851083.203,-32891.60,-32957.90,-31985.65
1775851083.219,-32891.60,-32957.90,-31985.65
1775851083.221,-32891.60,-32957.90,-31985.65
1775851083.256,-32891.60,-32957.90,-31985.65
1775851083.267,-32891.60,-32957.90,-31985.65
1775851083.284,-32891.60,-32957.90,-31985.65
1775851083.300,-32891.60,-32957.90,-31985.65
1775851083.314,-32891.60,-32957.90,-31985.65
1775851083.315,-32891.60,-32957.90,-31985.65
1775851083.347,-32891.60,-32957.90,-31985.65
1775851083.368,-32891.60,-32957.90,-31985.65
1775851083.378,-32891.60,-32957.90,-31985.65
1775851083.395,-32891.60,-32957.90,-31985.65
1775851083.412,-32891.60,-32957.90,-31985.65
1775851083.427,-32891.60,-32957.90,-31985.65
1775851083.431,-32891.60,-32957.90,-31985.65
1775851083.457,-32891.60,-32957.90,-31985.65
1775851083.473,-32891.60,-32957.90,-31985.65
1775851083.489,-32891.60,-32957.90,-31985.65
1775851083.505,-32891.60,-32957.90,-31985.65
1775851083.505,-32891.60,-32957.90,-31985.65
1775851083.540,-32891.60,-32957.90,-31985.65
1775851083.560,-32891.60,-32957.90,-31985.65
1775851083.568,-32891.60,-32957.90,-31985.65
1775851083.584,-32891.60,-32957.90,-31985.65
1775851083.604,-32891.60,-32957.90,-31985.65
1775851083.624,-32891.60,-32957.90,-31985.65
1775851083.633,-32891.60,-32957.90,-31985.65
1775851083.648,-32891.60,-32957.90,-31985.65
1775851083.668,-32891.60,-32957.90,-31985.65
1775851083.681,-32891.60,-32957.90,-31985.65
1775851083.696,-32891.60,-32957.90,-31985.65
1775851083.711,-32891.60,-32957.90,-31985.65
1775851083.711,-32891.60,-32957.90,-31985.65
1775851083.744,-32891.60,-32957.90,-31985.65
1775851083.759,-32891.60,-32957.90,-31985.65
1775851083.775,-32891.60,-32957.90,-31985.65
1775851083.807,-32891.60,-32957.90,-31985.65
1775851083.810,-32891.60,-32957.90,-31985.65
1775851083.839,-32891.60,-32957.90,-31985.65
1775851083.858,-32891.60,-32957.90,-31985.65
1775851083.873,-32891.60,-32957.90,-31985.65
1775851083.886,-32891.60,-32957.90,-31985.65
1775851083.902,-32891.60,-32957.90,-31985.65
1775851083.919,-32891.60,-32957.90,-31985.65
1775851083.934,-32891.60,-32957.90,-31985.65
1775851083.936,-32891.60,-32957.90,-31985.65
1775851083.967,-32891.60,-32957.90,-31985.65
1775851083.988,-32891.60,-32957.90,-31985.65
1775851084.000,-32891.60,-32957.90,-31985.65
1775851084.015,-32891.60,-32957.90,-31985.65
1775851084.029,-32891.60,-32957.90,-31985.65
1775851084.045,-32891.60,-32957.90,-31985.65
1775851084.058,-32891.60,-32957.90,-31985.65
1775851084.067,-32891.60,-32957.90,-31985.65
1775851084.078,-32891.60,-32957.90,-31985.65
1775851084.113,-32891.60,-32957.90,-31985.65
1775851084.125,-32891.60,-32957.90,-31985.65
1775851084.141,-32891.60,-32957.90,-31985.65
1775851084.141,-32891.60,-32957.90,-31985.65
1775851084.174,-32891.60,-32957.90,-31985.65
1775851084.194,-32891.60,-32957.90,-31985.65
1775851084.209,-32891.60,-32957.90,-31985.65
1775851084.221,-32891.60,-32957.90,-31985.65
1775851084.238,-32891.60,-32957.90,-31985.65
1775851084.253,-32891.60,-32957.90,-31985.65
1775851084.258,-32891.60,-32957.90,-31985.65
1775851084.285,-32891.60,-32957.90,-31985.65
1775851084.302,-32891.60,-32957.90,-31985.65
1775851084.318,-32891.60,-32957.90,-31985.65
1775851084.320,-32891.60,-32957.90,-31985.65
1775851084.349,-32891.60,-32957.90,-31985.65
1775851084.367,-32891.60,-32957.90,-31985.65
1775851084.387,-32891.60,-32957.90,-31985.65
1775851084.397,-32891.60,-32957.90,-31985.65
1775851084.414,-32891.60,-32957.90,-31985.65
1775851084.431,-32891.60,-32957.90,-31985.65
1775851084.446,-32891.60,-32957.90,-31985.65
1775851084.459,-32891.60,-32957.90,-31985.65
1775851084.461,-32891.60,-32957.90,-31985.65
1775851084.497,-32891.60,-32957.90,-31985.65
1775851084.510,-32891.60,-32957.90,-31985.65
1775851084.526,-32891.60,-32957.90,-31985.65
1775851084.541,-32891.60,-32957.90,-31985.65
1775851084.541,-32891.60,-32957.90,-31985.65
1775851084.580,-32891.60,-32957.90,-31985.65
1775851084.589,-32891.60,-32957.90,-31985.65
1775851084.606,-32891.60,-32957.90,-31985.65
1775851084.624,-32891.60,-32957.90,-31985.65
1775851084.641,-32891.60,-32957.90,-31985.65
1775851084.654,-32891.60,-32957.90,-31985.65
1775851084.669,-32891.60,-32957.90,-31985.65
1775851084.669,-32891.60,-32957.90,-31985.65
1775851084.706,-32891.60,-32957.90,-31985.65
1775851084.721,-32891.60,-32957.90,-31985.65
1775851084.733,-32891.60,-32957.90,-31985.65
1775851084.749,-32891.60,-32957.90,-31985.65
1775851084.763,-32891.60,-32957.90,-31985.65
1775851084.766,-32891.60,-32957.90,-31985.65
1775851084.795,-32891.60,-32957.90,-31985.65
1775851084.811,-32891.60,-32957.90,-31985.65
1775851084.829,-32891.60,-32957.90,-31985.65
1775851084.843,-32891.60,-32957.90,-31985.65
1775851084.860,-32891.60,-32957.90,-31985.65
1775851084.875,-32891.60,-32957.90,-31985.65
1775851084.885,-32891.60,-32957.90,-31985.65
1775851084.895,-32891.60,-32957.90,-31985.65
1775851084.923,-32891.60,-32957.90,-31985.65
1775851084.940,-32891.60,-32957.90,-31985.65
1775851084.940,-32891.60,-32957.90,-31985.65
1775851084.971,-32891.60,-32957.90,-31985.65
1775851084.987,-32891.60,-32957.90,-31985.65
1775851085.021,-32891.60,-32957.90,-31985.65
1775851085.034,-32891.60,-32957.90,-31985.65
1775851085.050,-32891.60,-32957.90,-31985.65
1775851085.067,-32891.60,-32957.90,-31985.65
1775851085.067,-32891.60,-32957.90,-31985.65
1775851085.098,-32891.60,-32957.90,-31985.65
1775851085.115,-32891.60,-32957.90,-31985.65
1775851085.145,-32891.60,-32957.90,-31985.65
1775851085.160,-32891.60,-32957.90,-31985.65
1775851085.168,-32891.60,-32957.90,-31985.65
1775851085.191,-32891.60,-32957.90,-31985.65
1775851085.204,-32891.60,-32957.90,-31985.65
1775851085.217,-32891.60,-32957.90,-31985.65
1775851085.233,-32891.60,-32957.90,-31985.65
1775851085.241,-32891.60,-32957.90,-31985.65
1775851085.261,-32891.60,-32957.90,-31985.65
1775851085.271,-32891.60,-32957.90,-31985.65
1775851085.285,-32891.60,-32957.90,-31985.65
1775851085.301,-32891.60,-32957.90,-31985.65
1775851085.317,-32891.60,-32957.90,-31985.65
1775851085.333,-32891.60,-32957.90,-31985.65
1775851085.337,-32891.60,-32957.90,-31985.65
1775851085.365,-32891.60,-32957.90,-31985.65
1775851085.381,-32891.60,-32957.90,-31985.65
1775851085.398,-32891.60,-32957.90,-31985.65
1775851085.412,-32891.60,-32957.90,-31985.65
1775851085.428,-32891.60,-32957.90,-31985.65
1775851085.434,-32891.60,-32957.90,-31985.65
1775851085.462,-32891.60,-32957.90,-31985.65
1775851085.475,-32891.60,-32957.90,-31985.65
1775851085.475,-32891.60,-32957.90,-31985.65
1775851085.508,-32891.60,-32957.90,-31985.65
1775851085.532,-32891.60,-32957.90,-31985.65
1775851085.543,-32891.60,-32957.90,-31985.65
1775851085.561,-32891.60,-32957.90,-31985.65
1775851085.571,-32891.60,-32957.90,-31985.65
1775851085.588,-32891.60,-32957.90,-31985.65
1775851085.603,-32891.60,-32957.90,-31985.65
1775851085.618,-32891.60,-32957.90,-31985.65
1775851085.618,-32891.60,-32957.90,-31985.65
1775851085.655,-32891.60,-32957.90,-31985.65
1775851085.666,-32891.60,-32957.90,-31985.65
1775851085.681,-32891.60,-32957.90,-31985.65
1775851085.697,-32891.60,-32957.90,-31985.65
1775851085.717,-32891.60,-32957.90,-31985.65
1775851085.731,-32891.60,-32957.90,-31985.65
1775851085.745,-32891.60,-32957.90,-31985.65
1775851085.757,-32891.60,-32957.90,-31985.65
1775851085.762,-32891.60,-32957.90,-31985.65
1775851085.793,-32891.60,-32957.90,-31985.65
1775851085.794,-32891.60,-32957.90,-31985.65
1775851085.825,-32891.60,-32957.90,-31985.65
1775851085.841,-32891.60,-32957.90,-31985.65
1775851085.873,-32891.60,-32957.90,-31985.65
1775851085.873,-32891.60,-32957.90,-31985.65
1775851085.905,-32891.60,-32957.90,-31985.65
1775851085.921,-32891.60,-32957.90,-31985.65
1775851085.938,-32891.60,-32957.90,-31985.65
1775851085.969,-32891.60,-32957.90,-31985.65
1775851085.985,-32891.60,-32957.90,-31985.65
1775851086.002,-32891.60,-32957.90,-31985.65
1775851086.033,-32891.60,-32957.90,-31985.65
1775851086.049,-32891.60,-32957.90,-31985.65
1775851086.081,-32891.60,-32957.90,-31985.65
1775851086.097,-32891.60,-32957.90,-31985.65
1775851086.097,-32891.60,-32957.90,-31985.65
1775851086.130,-32891.60,-32957.90,-31985.65
1775851086.153,-32891.60,-32957.90,-31985.65
1775851086.168,-32891.60,-32957.90,-31985.65
1775851086.178,-32891.60,-32957.90,-31985.65
1775851086.195,-32891.60,-32957.90,-31985.65
1775851086.208,-32891.60,-32957.90,-31985.65
1775851086.225,-32891.60,-32957.90,-31985.65
1775851086.239,-32891.60,-32957.90,-31985.65
1775851086.243,-32891.60,-32957.90,-31985.65
1775851086.272,-32891.60,-32957.90,-31985.65
1775851086.287,-32891.60,-32957.90,-31985.65
1775851086.301,-32891.60,-32957.90,-31985.65
1775851086.305,-32891.60,-32957.90,-31985.65
1775851086.335,-32891.60,-32957.90,-31985.65
1775851086.351,-32891.60,-32957.90,-31985.65
1775851086.365,-32891.60,-32957.90,-31985.65
1775851086.374,-32891.60,-32957.90,-31985.65
1775851086.383,-32891.60,-32957.90,-31985.65
1775851086.416,-32891.60,-32957.90,-31985.65
1775851086.430,-32891.60,-32957.90,-31985.65
1775851086.446,-32891.60,-32957.90,-31985.65
1775851086.447,-32891.60,-32957.90,-31985.65
1775851086.479,-32891.60,-32957.90,-31985.65
1775851086.493,-32891.60,-32957.90,-31985.65
1775851086.509,-32891.60,-32957.90,-31985.65
1775851086.544,-32891.60,-32957.90,-31985.65
1775851086.559,-32891.60,-32957.90,-31985.65
1775851086.573,-32891.60,-32957.90,-31985.65
1775851086.573,-32891.60,-32957.90,-31985.65
1775851086.612,-32891.60,-32957.90,-31985.65
1775851086.623,-32891.60,-32957.90,-31985.65
1775851086.638,-32891.60,-32957.90,-31985.65
1775851086.652,-32891.60,-32957.90,-31985.65
1775851086.667,-32891.60,-32957.90,-31985.65
1775851086.683,-32891.60,-32957.90,-31985.65
1775851086.683,-32891.60,-32957.90,-31985.65
1775851086.715,-32891.60,-32957.90,-31985.65
1775851086.738,-32891.60,-32957.90,-31985.65
1775851086.747,-32891.60,-32957.90,-31985.65
1775851086.780,-32891.60,-32957.90,-31985.65
1775851086.795,-32891.60,-32957.90,-31985.65
1775851086.798,-32891.60,-32957.90,-31985.65
1775851086.826,-32891.60,-32957.90,-31985.65
1775851086.842,-32891.60,-32957.90,-31985.65
1775851086.859,-32891.60,-32957.90,-31985.65
1775851086.873,-32891.60,-32957.90,-31985.65
1775851086.874,-32891.60,-32957.90,-31985.65
1775851086.905,-32891.60,-32957.90,-31985.65
1775851086.923,-32891.60,-32957.90,-31985.65
1775851086.938,-32891.60,-32957.90,-31985.65
1775851086.970,-32891.60,-32957.90,-31985.65
1775851086.970,-32891.60,-32957.90,-31985.65
1775851087.001,-32891.60,-32957.90,-31985.65
1775851087.018,-32891.60,-32957.90,-31985.65
1775851087.050,-32891.60,-32957.90,-31985.65
1775851087.065,-32891.60,-32957.90,-31985.65
1775851087.078,-32891.60,-32957.90,-31985.65
1775851087.080,-32891.60,-32957.90,-31985.65
1775851087.115,-32891.60,-32957.90,-31985.65
1775851087.129,-32891.60,-32957.90,-31985.65
1775851087.144,-32891.60,-32957.90,-31985.65
1775851087.145,-32891.60,-32957.90,-31985.65
1775851087.180,-32891.60,-32957.90,-31985.65
1775851087.194,-32891.60,-32957.90,-31985.65
1775851087.208,-32891.60,-32957.90,-31985.65
1775851087.224,-32891.60,-32957.90,-31985.65
1775851087.239,-32891.60,-32957.90,-31985.65
1775851087.255,-32891.60,-32957.90,-31985.65
1775851087.265,-32891.60,-32957.90,-31985.65
1775851087.277,-32891.60,-32957.90,-31985.65
1775851087.288,-32891.60,-32957.90,-31985.65
1775851087.320,-32891.60,-32957.90,-31985.65
1775851087.334,-32891.60,-32957.90,-31985.65
1775851087.368,-32891.60,-32957.90,-31985.65
1775851239.460,590.66,52.46,-13.53
1775851239.497,586.66,46.21,-15.03
1775851239.528,590.29,41.34,-14.21
1775851239.568,589.16,42.71,-12.09
1775851239.605,590.04,38.65,-9.90
1775851239.640,592.23,39.28,-11.84
1775851239.676,589.35,41.28,-12.15
1775851239.713,591.66,41.03,-12.03
1775851239.747,585.85,44.28,-14.15
1775851239.785,591.79,40.34,-12.71
1775851239.820,591.54,33.96,-10.78
1775851239.851,591.91,39.34,-10.09
1775851239.893,590.10,39.09,-11.84
1775851239.923,591.10,45.65,-15.09
1775851239.963,592.41,41.21,-12.84
1775851240.001,591.73,38.09,-13.34
1775851240.034,591.85,39.40,-11.40
1775851240.071,591.48,40.09,-10.84
1775851240.108,594.04,36.65,-9.40
1775851240.145,591.48,44.28,-12.03
1775851240.181,591.16,40.03,-14.21
1775851240.211,591.16,42.53,-15.09
1775851240.251,592.91,38.46,-12.71
1775851240.289,591.35,30.34,-10.59
1775851240.321,593.10,41.96,-9.96
1775851240.361,592.23,39.90,-11.15
1775851240.395,590.66,41.84,-12.65
1775851240.434,591.29,37.96,-12.09
1775851240.469,591.35,34.03,-11.84
1775851240.504,591.16,40.84,-10.65
1775851240.541,592.54,38.65,-11.96
1775851240.576,591.98,41.59,-11.65
1775851240.608,588.85,39.28,-11.15
1775851240.643,592.16,43.21,-12.46
1775851240.687,591.98,36.03,-10.09
1775851240.721,593.04,38.84,-9.71
1775851240.755,596.48,36.90,-11.28
1775851240.784,589.10,35.40,-10.90
1775851240.831,592.23,39.40,-12.53
1775851240.868,594.85,37.71,-11.03
1775851240.904,590.91,33.46,-10.71
1775851240.941,590.48,35.71,-11.34
1775851240.975,592.04,37.34,-11.90
1775851241.004,591.98,39.28,-14.53
1775851241.052,593.23,41.96,-12.84
1775851241.087,592.04,43.21,-11.53
1775851241.116,590.79,41.53,-15.84
1775851241.165,589.23,42.78,-13.59
1775851241.196,590.91,40.84,-13.40
1775851241.231,593.60,40.78,-11.03
1775851241.275,593.35,37.71,-10.59
1775851241.307,591.48,42.78,-14.28
1775851241.343,589.98,41.09,-14.15
1775851241.370,590.91,38.34,-12.90
1775851241.419,593.66,32.28,-10.53
1775851241.449,594.23,40.78,-9.71
1775851241.489,592.79,36.78,-13.90
1775851241.529,589.60,39.40,-13.03
1775851241.560,592.41,40.03,-14.21
1775851241.595,592.41,40.53,-11.09
1775851241.634,586.79,37.96,-13.90
1775851241.672,592.79,38.65,-8.96
1775851241.707,591.79,38.34,-9.03
1775851241.736,593.35,39.90,-12.84
1775851241.767,590.85,38.21,-10.84
1775851241.815,592.54,38.96,-11.15
1775851241.847,590.91,38.84,-11.96
1775851241.878,595.66,40.53,-9.46
1775851241.926,593.85,37.03,-11.53
1775851241.957,592.35,42.59,-10.71
1775851241.992,594.41,41.53,-12.71
1775851242.023,590.60,36.53,-10.46
1775851242.070,592.16,41.03,-9.28
1775851242.106,589.98,39.59,-12.90
1775851242.134,595.35,40.90,-13.21
1775851242.180,592.29,42.21,-11.34
1775851242.212,591.79,39.65,-13.28
1775851242.246,592.29,43.40,-11.40
1775851242.276,590.73,37.71,-10.65
1775851242.325,590.54,41.21,-14.03
1775851242.356,591.29,44.21,-15.03
1775851242.402,590.48,33.34,-13.40
1775851242.435,590.79,40.65,-11.90
1775851242.468,591.10,39.28,-12.90
1775851242.506,589.48,42.78,-12.90
1775851242.548,587.66,39.34,-13.65
1775851242.576,591.10,39.09,-14.71
1775851242.618,593.16,39.53,-11.46
1775851242.656,593.66,40.53,-10.09
1775851242.691,590.85,41.09,-10.34
1775851242.721,589.79,39.15,-12.78
1775851242.768,588.98,35.40,-12.59
1775851242.801,591.91,39.53,-9.53
1775851242.832,596.60,39.59,-8.90
1775851242.879,590.29,39.15,-11.53
1775851242.913,591.91,38.65,-13.34
1775851242.945,589.48,37.71,-13.21
1775851242.977,593.66,40.53,-10.34
1775851243.024,591.60,38.59,-11.96
1775851243.056,590.91,38.15,-12.40
1775851243.087,591.35,44.28,-11.46
1775851243.136,591.04,45.40,-12.34
1775851243.168,590.48,41.28,-9.71
1775851243.208,594.23,39.78,-9.09
1775851243.247,587.66,39.15,-14.34
1775851243.282,591.73,40.28,-12.65
1775851243.310,591.66,38.34,-12.21
1775851243.342,587.73,39.90,-9.71
1775851243.390,591.85,39.09,-11.84
1775851243.423,592.60,42.78,-13.71
1775851243.458,588.79,38.15,-10.21
1775851243.501,588.29,41.71,-11.21
1775851243.533,589.98,29.84,-11.03
1775851243.565,593.10,47.65,-9.71
1775851243.613,588.85,40.59,-11.65
1775851243.648,592.10,41.28,-11.96
1775851243.677,591.66,35.78,-11.65
1775851243.723,591.16,42.03,-8.21
1775851243.756,589.73,36.03,-11.03
1775851243.787,590.85,39.40,-14.15
1775851243.819,590.23,38.40,-10.40
1775851243.867,593.54,37.34,-10.59
1775851243.899,591.41,38.34,-10.78
1775851243.930,595.16,40.53,-10.78
1775851243.976,591.35,46.46,-10.59
1775851244.009,594.04,39.34,-12.34
1775851244.040,592.23,38.40,-12.78
1775851244.088,590.54,36.28,-9.34
1775851244.121,590.29,34.46,-10.15
1775851244.154,589.73,41.28,-11.78
1775851244.186,589.41,40.34,-11.65
1775851244.233,590.91,36.28,-13.84
1775851244.266,592.04,36.15,-11.59
1775851244.306,590.04,38.84,-10.03
1775851244.345,596.04,43.21,-13.90
1775851244.376,592.79,45.09,-13.03
1775851244.410,591.79,39.84,-11.15
1775851244.455,588.16,37.65,-8.96
1775851244.487,592.54,43.90,-12.71
1775851244.520,590.73,39.28,-14.34
1775851244.567,590.66,40.84,-9.90
1775851244.601,590.35,35.40,-4.09
1775851244.630,590.60,38.90,-9.71
1775851244.664,593.98,39.40,-8.96
1775851244.710,592.35,39.90,-13.09
1775851244.741,592.41,34.78,-13.28
1775851244.773,596.48,40.40,-12.84
1775851244.820,591.60,36.40,-9.15
1775851244.854,590.98,43.15,-11.34
1775851244.884,593.85,39.28,-10.09
1775851244.918,591.10,41.59,-9.84
1775851244.964,590.73,40.40,-11.34
1775851244.995,591.10,37.21,-10.90
1775851245.030,591.54,38.15,-8.53
1775851245.074,592.60,39.78,-11.09
1775851245.111,591.41,41.84,-10.46
1775851245.143,593.91,37.84,-10.21
1775851245.182,593.66,35.15,-11.15
1775851245.218,591.23,36.53,-10.78
1775851245.250,592.35,37.59,-11.34
1775851245.283,589.35,40.28,-10.71
1775851245.328,589.23,39.40,-13.59
1775851245.364,589.04,43.21,-14.28
1775851245.392,588.41,36.96,-13.78
1775851245.427,588.10,40.28,-11.03
1775851245.473,591.48,36.40,-8.65
1775851245.502,591.98,42.09,-11.34
1775851245.535,590.98,42.59,-13.78
1775851245.584,588.73,41.59,-10.28
1775851245.619,588.85,39.40,-12.40
1775851245.646,589.66,43.53,-10.71
1775851245.683,592.48,41.28,-12.84
1775851245.725,590.91,41.21,-12.03
1775851245.757,588.79,42.03,-10.90
1775851245.789,589.54,36.78,-14.34
1775851245.836,591.41,39.84,-9.84
1775851245.871,588.41,37.84,-8.34
1775851245.907,590.29,40.53,-9.65
1775851245.933,590.29,37.34,-10.53
1775851245.980,590.29,38.65,-11.90
1775851246.011,590.41,38.46,-11.46
1775851246.051,591.04,31.78,-9.21
1775851246.075,591.10,37.90,-10.65
1775851246.123,591.66,42.03,-9.09
1775851246.155,587.79,39.84,-10.78
1775851246.192,593.91,39.65,-11.96
1775851246.219,590.60,40.09,-11.15
1775851246.266,591.48,39.90,-11.40
1775851246.299,591.16,36.15,-10.03
1775851246.331,592.10,41.59,-9.71
1775851246.377,590.48,42.09,-12.03
1775851246.413,591.85,44.28,-13.03
1775851246.446,592.48,31.34,-10.84
1775851246.473,591.04,41.03,-8.96
1775851246.519,594.66,37.15,-12.15
1775851246.553,592.23,41.46,-10.09
1775851246.585,592.04,39.65,-12.28
1775851246.634,590.98,39.90,-10.59
1775851246.663,594.98,39.78,-11.09
1775851246.703,589.10,33.84,-11.59
1775851246.744,589.04,38.84,-12.65
1775851246.774,592.85,41.59,-12.21
1775851246.814,590.79,35.46,-14.96
1775851246.847,593.48,35.90,-9.53
1775851246.887,590.91,39.53,-9.53
1775851246.925,589.10,33.53,-12.71
1775851246.960,591.54,40.65,-9.34
1775851246.998,590.35,43.78,-11.09
1775851247.034,591.60,38.59,-11.09
1775851247.064,589.48,36.40,-10.59
1775851247.100,591.85,35.03,-9.46
1775851247.142,593.66,42.71,-12.90
1775851247.174,590.73,39.28,-14.09
1775851247.214,594.48,38.40,-12.65
1775851247.237,592.85,39.78,-11.84
1775851247.286,592.54,41.34,-10.46
1775851247.319,590.73,38.71,-12.21
1775851247.355,592.79,38.84,-10.78
1775851247.395,589.54,44.03,-13.28
1775851247.432,589.54,35.46,-10.71
1775851247.464,591.29,41.34,-14.84
1775851247.495,593.35,37.59,-9.96
1775851247.540,591.60,40.40,-10.46
1775851247.575,591.91,37.96,-11.15
1775851247.610,592.16,39.34,-13.15
1775851247.639,593.04,38.84,-11.28
1775851247.684,587.48,37.40,-13.78
1775851247.715,590.29,38.65,-11.53
1775851247.751,587.85,42.46,-12.09
1775851247.794,589.66,40.53,-12.40
1775851247.827,591.29,45.09,-13.84
1775851247.861,588.79,38.84,-14.34
1775851247.891,590.73,34.03,-9.53
1775851247.939,592.60,39.28,-11.53
1775851247.970,592.29,41.71,-11.90
1775851248.013,593.85,37.71,-12.96
1775851248.050,589.91,40.15,-12.40
1775851248.083,591.73,39.40,-9.96
1775851248.116,587.98,38.59,-12.28
1775851248.151,593.60,36.21,-7.46
1775851248.194,592.85,39.40,-11.40
1775851248.226,588.41,41.53,-11.96
1775851248.268,591.66,36.28,-7.71
1775851248.306,589.91,32.90,-9.90
1775851248.339,589.35,39.78,-12.03
1775851248.373,594.41,42.53,-9.21
1775851248.409,589.29,40.84,-13.03
1775851248.450,589.48,38.71,-11.84
1775851248.480,590.54,34.78,-11.46
1775851248.522,590.60,37.90,-10.03
1775851248.543,589.98,37.59,-12.15
1775851248.592,591.73,39.28,-11.84
1775851248.624,592.91,37.34,-13.03
1775851248.658,587.73,44.78,-14.15
1775851248.705,591.66,37.46,-7.96
1775851248.734,593.98,38.71,-8.90
1775851248.771,591.48,43.96,-13.40
1775851248.814,592.16,38.65,-12.71
1775851248.846,589.04,33.78,-11.21
1775851248.881,591.54,38.65,-11.03
1775851248.916,589.48,37.59,-9.46
1775851248.958,591.60,40.90,-10.53
1775851248.988,591.73,41.96,-14.53
1775851249.022,589.48,38.21,-14.21
1775851249.068,587.29,34.96,-10.21
1775851249.101,594.35,38.09,-9.84
1775851249.131,590.16,39.53,-12.90
1775851249.163,591.54,35.46,-11.78
1775851249.214,590.73,35.90,-10.46
1775851249.244,590.73,36.03,-10.15
1775851249.281,592.35,32.53,-13.46
1775851249.323,594.79,30.09,-10.03
1775851249.355,590.85,36.40,-9.65
1775851249.385,588.41,40.53,-11.96
1775851249.419,589.29,34.59,-12.46
1775851249.467,592.91,37.15,-10.96
1775851249.499,594.35,31.65,-8.15
1775851249.531,591.54,37.84,-10.96
1775851249.577,594.10,43.46,-10.28
1775851249.608,587.16,39.65,-14.28
1775851249.639,589.85,38.09,-13.28
1775851249.687,590.85,37.40,-8.09
1775851249.723,592.16,41.21,-10.46
1775851249.751,592.66,40.15,-11.15
1775851249.799,592.91,40.84,-13.46
1775851249.830,593.54,33.78,-10.65
1775851249.863,591.04,42.53,-10.09
1775851249.909,594.23,35.03,-13.15
1775851249.941,589.91,44.21,-11.84
1775851249.978,592.54,39.15,-11.34
1775851250.018,590.29,40.65,-11.96
1775851250.054,591.29,37.34,-10.34
1775851250.085,592.85,39.28,-9.65
1775851250.130,591.54,35.96,-9.84
1775851250.165,592.79,40.34,-13.34
1775851250.196,589.10,35.03,-6.90
1775851250.233,589.04,37.65,-8.84
1775851250.276,591.73,41.59,-8.78
1775851250.310,591.10,37.71,-12.15
1775851250.339,590.23,36.53,-12.28
1775851250.386,592.23,33.53,-10.09
1775851250.422,590.98,40.28,-12.21
1775851250.449,586.91,38.46,-9.21
1775851250.487,591.10,40.78,-9.90
1775851250.529,591.73,34.34,-12.84
1775851250.561,591.98,35.90,-10.21
1775851250.593,592.16,39.65,-9.71
1775851250.641,592.04,43.90,-10.46
1775851250.673,592.41,39.15,-12.15
1775851250.711,594.54,40.84,-12.09
1775851250.749,590.48,37.90,-11.78
1775851250.785,592.79,36.78,-11.21
1775851250.820,591.16,33.09,-10.65
1775851250.847,593.98,38.71,-11.46
1775851250.894,591.91,39.84,-11.09
1775851250.930,588.48,37.90,-12.46
1775851250.957,591.10,38.40,-12.65
1775851251.003,595.29,42.34,-8.84
1775851251.039,591.54,37.84,-10.65
1775851251.069,590.60,42.78,-10.09
1775851251.111,591.66,39.15,-12.46
1775851251.148,591.23,36.53,-12.59
1775851251.184,589.41,33.09,-12.59
1775851251.221,592.48,36.90,-9.21
1775851251.256,591.66,43.90,-9.84
1775851251.292,590.48,39.40,-9.90
1775851251.328,590.98,42.09,-13.28
1775851251.355,592.79,41.03,-12.46
1775851251.388,591.60,39.28,-9.34
1775851251.437,590.10,38.40,-6.84
1775851251.466,593.60,40.28,-9.03
1775851251.509,592.23,39.40,-11.46
1775851251.546,590.35,39.78,-12.46
1775851251.579,591.85,37.71,-11.96
1775851251.609,587.04,37.15,-8.09
1775851251.644,590.35,35.40,-10.34
1775851251.691,593.66,41.71,-9.09
1775851251.723,593.10,37.40,-13.09
1775851251.763,592.29,38.65,-13.09
1775851251.800,591.29,39.34,-11.46
1775851251.833,588.79,34.96,-10.96
1775851251.863,590.35,40.90,-13.65
1775851251.896,592.29,43.40,-11.21
1775851251.945,587.60,39.40,-13.96
1775851251.975,593.29,33.59,-11.09
1775851252.009,592.91,37.15,-12.34
1775851252.054,591.29,43.03,-11.21
1775851252.087,590.04,41.71,-11.28
1775851252.127,586.98,41.46,-9.59
1775851252.152,589.48,35.40,-13.03
1775851252.217,591.54,38.96,-10.53
1775851252.246,591.16,36.28,-10.65
1775851252.285,591.85,37.21,-9.28
1775851252.325,591.16,40.65,-11.59
1775851252.356,589.98,41.09,-9.78
1775851252.387,590.66,36.15,-13.03
1775851252.435,592.60,36.21,-9.21
1775851252.472,590.66,37.34,-9.96
1775851252.499,589.23,34.71,-11.90
1775851252.546,595.48,36.21,-11.78
1775851252.580,591.91,33.96,-10.53
1775851252.611,590.23,33.84,-8.90
1775851252.648,590.35,37.59,-8.84
1775851252.689,587.91,35.28,-8.84
1775851252.727,589.04,42.53,-13.65
1775851252.753,591.85,36.21,-13.03
1775851252.801,594.85,39.78,-9.71
1775851252.832,591.23,32.34,-8.65
1775851252.867,594.35,39.78,-8.90
1775851252.897,590.66,39.15,-11.90
1775851252.943,592.10,38.40,-12.59
1775851252.981,591.41,40.65,-12.09
1775851253.028,591.48,38.59,-12.78
1775851253.066,592.23,43.65,-11.59
1775851253.103,593.60,43.65,-10.40
1775851253.136,592.85,42.09,-13.09
1775851253.172,589.60,33.71,-11.96
1775851253.199,591.35,35.90,-11.09
1775851253.248,589.79,40.53,-12.65
1775851253.278,592.85,37.40,-11.15
1775851253.318,594.16,38.65,-11.96
1775851253.357,594.54,42.84,-10.90
1775851253.388,587.85,40.09,-11.96
1775851253.425,591.73,35.71,-13.46
1775851253.452,592.04,44.21,-10.90
1775851253.501,593.04,36.46,-9.96
1775851253.536,592.66,39.65,-11.03
1775851253.572,592.35,39.40,-12.46
1775851253.611,592.10,37.21,-13.40
1775851253.643,593.91,40.53,-12.09
1775851253.674,590.54,34.09,-9.71
1775851253.723,589.98,38.90,-11.28
1775851253.757,589.60,36.71,-13.53
1775851253.787,588.60,37.90,-12.34
1775851253.825,589.66,36.65,-12.90
1775851253.870,594.66,39.65,-9.84
1775851253.903,593.79,38.84,-12.78
1775851253.942,589.73,39.09,-9.15
1775851253.977,591.35,38.71,-12.40
1775851254.012,593.54,35.15,-10.84
1775851254.051,590.98,31.84,-12.21
1775851254.087,591.85,39.90,-10.65
1775851254.111,590.04,40.53,-13.28
1775851254.160,591.79,39.84,-12.03
1775851254.195,594.04,38.15,-11.28
1775851254.226,591.23,38.09,-12.15
1775851254.261,592.54,37.96,-12.09
1775851254.302,593.91,38.34,-10.96
1775851254.343,593.85,44.28,-11.09
1775851254.373,592.35,38.71,-10.53
1775851254.415,590.04,36.78,-11.40
1775851254.452,590.16,37.96,-9.09
1775851254.488,590.85,39.28,-11.84
1775851254.523,589.29,38.34,-8.84
1775851254.563,589.85,39.78,-11.59
1775851254.603,591.10,33.34,-11.96
1775851254.639,592.29,40.53,-12.96
1775851254.680,591.10,37.21,-9.90
1775851254.717,591.16,37.65,-9.21
1775851254.743,592.79,40.03,-10.59
1775851254.791,591.85,37.40,-11.21
1775851254.827,590.85,37.59,-10.78
1775851254.858,591.91,34.78,-12.03
1775851254.888,590.16,36.15,-12.09
1775851254.936,591.16,35.78,-8.03
1775851254.973,591.35,46.15,-11.53
1775851255.008,591.16,42.53,-14.21
1775851255.043,591.79,38.84,-13.40
1775851255.080,591.35,37.21,-11.15
1775851255.116,589.91,33.96,-12.78
1775851255.153,591.91,38.96,-12.09
1775851255.189,589.48,41.59,-10.03
1775851255.230,591.98,42.59,-11.21
1775851255.266,588.66,41.53,-10.71
1775851255.297,593.29,36.15,-10.21
1775851255.341,589.29,40.34,-9.40
1775851255.374,591.10,46.15,-14.15
1775851255.409,592.16,34.46,-11.09
1775851255.446,591.29,37.34,-11.78
1775851255.486,591.85,39.09,-12.34
1775851255.523,592.29,35.46,-9.46
1775851255.559,591.54,40.34,-10.53
1775851255.586,590.16,40.34,-11.21
1775851255.634,592.04,32.59,-11.71
1775851255.668,592.91,37.46,-10.59
1775851255.707,589.60,35.71,-10.90
1775851255.747,589.98,37.71,-10.21
1775851255.784,591.85,35.53,-9.09
1775851255.820,591.91,35.46,-10.59
1775851255.856,592.16,34.59,-4.78
1775851255.878,588.91,39.34,-13.40
1775851255.927,588.41,40.15,-12.53
1775851255.950,593.98,36.71,-11.28
1775851256.002,589.23,37.90,-9.21
1775851256.038,594.60,37.59,-11.65
1775851256.070,590.91,40.34,-10.65
1775851256.102,593.16,36.65,-12.53
1775851256.134,592.85,38.90,-13.53
1775851256.182,590.29,37.96,-10.46
1775851256.214,591.91,38.96,-10.03
1775851256.246,594.79,40.65,-12.59
1775851256.278,592.10,40.40,-13.28
1775851256.326,590.35,43.46,-13.96
1775851256.358,590.16,38.96,-13.71
1775851256.389,590.91,36.15,-10.65
1775851256.438,592.66,38.65,-11.09
1775851256.473,592.91,38.84,-13.21
1775851256.504,588.85,43.78,-13.53
1775851256.534,590.60,40.09,-13.53
1775851256.581,592.73,39.09,-10.59
1775851256.622,594.79,39.15,-12.46
1775851256.651,588.60,40.40,-14.21
1775851256.695,591.54,37.96,-10.28
1775851256.731,592.54,40.03,-10.09
1775851256.759,591.73,35.53,-10.15
1775851256.807,587.41,40.53,-11.96
1775851256.839,591.73,41.78,-13.15
1775851256.874,589.79,37.84,-11.15
1775851256.903,587.85,34.21,-9.96
1775851256.951,589.79,41.34,-10.40
1775851256.982,595.60,39.09,-10.65
1775851257.014,591.10,39.90,-10.28
1775851257.062,590.41,38.65,-15.46
1775851257.096,593.16,37.96,-9.28
1775851257.132,590.85,38.90,-12.40
1775851257.162,592.85,37.71,-6.65
1775851257.206,592.60,38.90,-10.71
1775851257.238,591.10,36.90,-12.78
1775851257.271,589.10,38.90,-12.96
1775851257.302,592.60,39.40,-10.03
1775851257.351,589.54,40.34,-13.71
1775851257.384,591.73,35.40,-10.28
1775851257.414,591.35,37.59,-14.53
1775851257.462,592.41,43.40,-14.96
1775851257.495,589.73,39.90,-11.71
1775851257.533,591.48,37.21,-9.78
1775851257.573,593.04,40.34,-14.71
1775851257.603,590.29,38.96,-14.34
1775851257.633,589.23,35.71,-13.03
1775851257.682,591.23,38.71,-9.84
1775851257.722,592.10,37.03,-10.34
1775851257.746,593.48,43.28,-12.59
1775851257.792,587.04,40.65,-12.34
1775851257.824,591.60,35.03,-13.84
1775851257.855,594.23,33.71,-10.03
1775851257.904,589.98,35.03,-9.09
1775851257.935,590.66,37.15,-10.40
1775851257.976,592.91,43.53,-13.34
1775851258.001,592.85,36.03,-14.28
1775851258.046,589.16,39.34,-10.46
1775851258.079,591.91,36.28,-10.84
1775851258.120,594.91,34.09,-10.09
1775851258.148,593.98,38.40,-10.03
1775851258.185,595.04,42.53,-13.78
1775851258.229,591.04,37.96,-14.34
1775851258.261,590.79,39.65,-9.28
1775851258.291,594.79,40.65,-11.78
1775851258.340,592.98,46.46,-10.90
1775851258.372,591.04,38.96,-13.96
1775851258.415,592.04,32.28,-10.71
1775851258.440,593.35,34.03,-11.46
1775851258.487,591.35,40.78,-14.21
1775851258.520,590.66,34.78,-11.59
1775851258.563,587.91,41.53,-13.03
1775851258.592,591.54,38.34,-11.15
1775851258.636,591.48,35.90,-11.90
1775851258.661,588.54,36.78,-11.59
1775851258.697,595.41,40.03,-13.03
1775851258.742,590.16,39.53,-12.09
1775851258.782,590.98,38.71,-10.03
1775851258.814,593.85,42.59,-6.71
1775851258.846,593.98,44.46,-11.03
1775851258.891,592.48,39.90,-12.84
1775851258.928,592.54,38.34,-12.28
1775851258.961,588.98,36.40,-12.78
1775851259.000,591.60,40.90,-12.65
1775851259.036,592.23,39.78,-9.46
1775851259.073,591.29,37.96,-13.21
1775851259.105,587.91,38.15,-13.59
1775851259.138,591.10,37.71,-9.90
1775851259.183,591.60,39.59,-12.59
1775851259.218,592.48,36.21,-10.96
1775851259.250,590.66,39.84,-8.15
1775851259.280,594.10,40.40,-10.03
1775851259.328,588.16,38.96,-14.15
1775851259.360,592.23,35.21,-11.84
1775851259.401,592.60,39.28,-8.46
1775851259.437,591.54,34.09,-11.09
1775851259.472,592.73,40.90,-10.46
1775851259.504,585.66,43.40,-14.28
1775851259.537,590.04,38.96,-12.96
1775851259.583,590.91,37.15,-10.09
1775851259.616,591.04,36.65,-11.65
1775851259.651,590.91,36.96,-9.84
1775851259.690,589.35,45.46,-13.21
1775851259.729,591.23,37.90,-11.90
1775851259.752,592.41,37.46,-11.65
1775851259.799,590.04,36.65,-11.40
1775851259.837,591.29,38.15,-7.84
1775851259.863,591.16,38.96,-13.65
1775851259.913,590.91,36.96,-13.21
1775851259.943,592.23,35.90,-8.46
1775851259.983,589.29,34.78,-12.21
1775851260.023,591.16,34.59,-8.96
1775851260.046,588.91,37.96,-11.96
1775851260.096,592.73,39.90,-13.40
1775851260.129,593.98,36.21,-10.84
1775851260.162,588.73,36.40,-10.15
1775851260.206,588.85,38.90,-11.34
1775851260.241,592.16,42.03,-11.28
1775851260.270,589.16,37.46,-9.71
1775851260.317,589.48,39.78,-10.28
1775851260.349,593.35,34.71,-9.96
1775851260.381,592.73,43.96,-10.96
1775851260.423,591.10,38.59,-13.21
1775851260.461,590.91,36.65,-15.28
1775851260.499,589.73,37.90,-12.03
1775851260.533,590.91,38.15,-9.21
1775851260.563,590.66,43.71,-12.46
1775851260.595,593.73,34.53,-12.65
1775851260.643,588.85,37.90,-11.90
1775851260.676,590.98,40.59,-12.09
1775851260.719,591.41,38.15,-9.53
1775851260.754,590.79,36.65,-10.28
1775851260.791,593.16,40.53,-11.84
1775851260.821,591.23,37.03,-15.09
1775851260.856,589.91,42.34,-13.46
1775851260.901,590.85,35.90,-7.84
1775851260.933,591.41,39.84,-9.34
1775851260.974,593.91,38.15,-11.09
1775851260.998,592.10,40.59,-13.59
1775851261.047,592.29,38.34,-11.28
1775851261.083,593.16,38.84,-10.21
1775851261.121,590.98,36.90,-10.59
1775851261.158,592.23,37.59,-11.65
1775851261.188,588.10,37.59,-11.96
1775851261.232,592.91,37.46,-12.40
1775851261.263,594.29,38.96,-9.09
1775851261.304,593.35,34.84,-11.09
1775851261.340,594.85,34.34,-10.65
1775851261.372,592.29,40.03,-11.53
1775851261.410,591.60,36.71,-10.84
1775851261.447,592.98,41.09,-11.53
1775851261.472,589.41,34.28,-7.96
1775851261.522,592.54,34.78,-11.40
1775851261.557,592.91,34.78,-14.96
1775851261.585,591.41,42.21,-13.59
1775851261.617,593.79,39.84,-10.90
1775851261.665,591.41,40.84,-10.84
1775851261.701,593.41,37.34,-12.15
1775851261.738,590.48,40.59,-9.90
1775851261.775,592.41,39.53,-13.03
1775851261.810,592.48,40.09,-13.65
1775851261.841,595.16,37.84,-10.96
1775851261.875,591.16,42.03,-12.59
1775851261.916,593.23,31.84,-10.15
1775851261.957,592.98,37.03,-10.59
1775851261.988,589.85,34.21,-10.90
1775851262.020,587.41,40.53,-9.46
1775851262.069,591.29,33.09,-7.15
1775851262.103,594.10,36.53,-8.53
1775851262.141,588.29,39.34,-9.40
1775851262.177,593.04,35.65,-10.84
1775851262.215,590.54,35.96,-7.65
1775851262.250,593.60,36.40,-7.34
1775851262.288,590.48,44.78,-11.21
1775851262.324,589.35,35.03,-11.84
1775851262.361,591.85,34.21,-8.96
1775851262.393,590.66,37.15,-9.84
1775851262.426,590.48,37.71,-10.09
1775851262.470,594.35,37.71,-9.71
1775851262.507,589.60,42.78,-12.71
1775851262.544,589.41,44.03,-13.53
1775851262.578,590.23,38.90,-11.71
1775851262.608,592.23,38.09,-10.59
1775851262.641,592.35,38.21,-11.65
1775851262.689,593.23,40.28,-13.09
1775851262.721,590.35,38.90,-14.15
1775851262.754,589.66,37.46,-12.46
1775851262.799,590.91,35.96,-9.34
1775851262.821,593.79,36.78,-13.78
1775851262.870,587.85,41.59,-11.96
1775851262.909,591.85,39.78,-13.53
1775851262.942,590.41,38.34,-12.53
1775851262.981,590.16,36.46,-11.15
1775851263.017,592.85,39.78,-9.40
1775851263.053,589.60,36.71,-12.65
1775851263.090,592.41,38.65,-9.34
1775851263.122,590.10,36.40,-13.15
1775851263.163,589.10,34.21,-10.84
1775851263.194,589.73,38.21,-7.96
1775851263.226,593.16,37.46,-11.40
1775851263.272,590.66,40.15,-10.53
1775851263.304,591.73,40.28,-12.96
1775851263.342,590.35,32.65,-12.21
1775851263.382,595.10,34.84,-10.84
1775851263.417,591.79,37.34,-7.28
1775851263.442,593.35,32.53,-10.59
1775851263.487,588.23,42.96,-11.84
1775851263.523,592.79,40.03,-12.34
1775851263.564,590.29,38.15,-12.59
1775851263.591,590.98,35.03,-10.21
1775851263.623,591.54,43.71,-10.03
1775851263.671,591.73,38.90,-15.09
1775851263.710,591.29,45.59,-13.03
1775851263.745,590.10,40.09,-12.84
1775851263.786,593.85,34.53,-13.03
1775851263.817,590.23,41.46,-12.90
1775851263.844,588.60,40.90,-12.96
1775851263.892,591.48,37.40,-11.78
1775851263.930,588.54,36.96,-10.96
1775851263.965,589.98,36.21,-9.90
1775851264.004,589.91,44.53,-9.78
1775851264.031,590.04,41.03,-11.90
1775851264.075,592.48,39.78,-12.46
1775851264.102,591.16,40.03,-10.15
1775851264.148,591.60,37.90,-10.65
1775851264.188,593.04,41.34,-9.40
1775851264.225,589.29,40.34,-11.59
1775851264.253,589.48,39.09,-12.03
1775851264.298,591.16,34.28,-10.84
1775851264.330,591.23,36.90,-9.34
1775851264.361,591.29,33.09,-10.59
1775851264.407,591.16,38.15,-13.34
1775851264.442,592.04,44.03,-12.09
1775851264.477,594.48,36.21,-9.84
1775851264.508,593.85,34.53,-7.96
1775851264.553,595.16,38.34,-10.21
1775851264.586,591.35,38.59,-12.21
1775851264.618,592.10,40.78,-11.84
1775851264.654,591.73,33.34,-12.28
1775851264.700,592.54,41.71,-13.46
1775851264.727,590.35,37.03,-8.53
1775851264.772,589.98,41.78,-11.03
1775851264.805,592.10,39.90,-13.09
1775851264.836,593.79,42.84,-11.96
1775851264.883,591.29,37.96,-11.15
1775851264.920,592.91,44.71,-12.46
1775851264.959,589.48,40.59,-12.21
1775851264.986,592.98,42.78,-13.65
1775851265.028,588.98,42.59,-12.40
1775851265.057,592.29,40.15,-11.03
1775851265.108,590.48,39.09,-11.21
1775851265.144,591.16,43.03,-14.59
1775851265.179,588.41,37.15,-12.78
1775851265.216,590.48,35.71,-9.71
1775851265.256,593.66,39.84,-10.84
1775851265.285,589.79,41.21,-14.65
1775851265.317,589.23,33.84,-12.40
1775851265.369,591.48,35.21,-12.21
1775851265.401,591.73,43.46,-12.40
1775851265.447,589.54,38.96,-12.28
1775851265.476,591.98,32.03,-8.71
1775851265.523,593.91,38.15,-10.84
1775851265.561,592.04,40.34,-10.71
1775851265.594,594.29,40.34,-11.40
1775851265.626,594.73,38.71,-7.59
1775851265.671,594.16,43.53,-7.71
1775851265.711,593.29,42.34,-11.21
1775851265.747,590.73,36.03,-11.34
1775851265.781,593.29,35.96,-11.53
1775851265.820,590.79,40.34,-10.09
1775851265.859,588.54,38.96,-11.46
1775851265.887,589.85,38.21,-11.40
1775851265.926,593.23,37.40,-10.65
1775851265.958,593.79,39.84,-9.96
1775851266.007,590.73,43.46,-13.78
1775851266.037,593.73,42.28,-10.34
1775851266.086,592.29,36.28,-15.40
1775851266.124,591.23,42.78,-12.53
1775851266.164,587.23,38.09,-10.46
1775851266.201,592.98,39.78,-10.59
1775851266.241,592.66,44.21,-13.15
1775851266.278,592.98,38.40,-12.15
1775851266.314,591.29,41.53,-11.53
1775851266.344,588.98,36.90,-10.40
1775851266.378,590.85,36.71,-11.15
1775851266.421,590.10,38.09,-10.78
1775851266.455,590.48,35.71,-13.28
1775851266.484,591.29,40.15,-11.40
1775851266.531,592.48,34.03,-6.34
1775851266.562,593.16,38.34,-9.84
1775851266.607,590.66,38.15,-8.71
1775851266.647,586.91,38.46,-11.65
1775851266.677,592.60,36.53,-10.65
1775851266.710,594.48,38.40,-9.71
1775851266.756,589.98,43.28,-14.78
1775851266.793,592.48,38.09,-12.71
1775851266.829,592.98,39.59,-10.78
1775851266.864,590.29,37.96,-11.53
1775851266.902,590.29,35.96,-11.15
1775851266.961,592.41,39.15,-9.09
1775851266.999,594.35,39.28,-10.40
1775851267.033,593.48,38.09,-11.90
1775851267.072,594.23,38.71,-13.78
1775851267.109,594.35,42.96,-11.78
1775851267.143,590.91,40.84,-14.84
1775851267.182,593.98,42.46,-12.34
1775851267.218,591.60,35.53,-12.90
1775851267.254,597.91,39.53,-9.40
1775851267.291,590.04,40.34,-12.84
1775851267.326,592.48,45.15,-11.71
1775851267.362,591.91,35.65,-9.96
1775851267.398,591.16,41.71,-10.90
1775851267.435,592.73,37.40,-11.78
1775851267.472,592.60,33.71,-12.15
1775851267.507,587.41,37.65,-13.09
1775851267.543,592.23,35.90,-13.65
1775851267.580,591.04,36.96,-10.09
1775851267.615,591.04,36.96,-11.34
1775851267.652,589.23,37.21,-10.28
1775851267.688,591.10,37.90,-8.28
1775851267.724,590.29,41.21,-11.53
1775851267.760,588.91,36.96,-12.59
1775851267.791,591.16,34.46,-11.65
1775851267.828,593.79,37.84,-9.53
1775851267.864,593.54,38.46,-8.09
1775851267.900,594.35,40.28,-12.09
1775851267.942,595.48,45.46,-14.65
1775851267.973,591.04,38.46,-12.65
1775851268.010,588.91,39.34,-9.53
1775851268.046,594.48,36.21,-7.53
1775851268.085,590.79,40.34,-10.65
1775851268.118,592.54,36.78,-13.28
1775851268.155,591.91,41.53,-15.53
1775851268.191,590.29,36.78,-13.78
1775851268.227,590.60,38.71,-12.46
1775851268.266,593.66,38.34,-10.40
1775851268.300,594.04,38.15,-11.59
1775851268.337,593.73,34.34,-12.53
1775851268.373,589.04,37.96,-12.84
1775851268.409,587.91,36.65,-12.65
1775851268.446,592.04,38.34,-11.46
1775851268.484,593.16,35.15,-10.34
1775851268.520,597.41,37.96,-7.84
1775851268.557,590.79,38.65,-10.53
1775851268.594,592.48,37.90,-8.34
1775851268.631,591.10,38.21,-10.65
1775851268.666,591.91,38.46,-10.71
1775851268.703,594.54,36.46,-8.96
1775851268.738,591.91,45.90,-11.59
1775851268.773,589.98,42.28,-12.90
1775851268.809,591.29,33.78,-10.96
1775851268.846,591.23,36.03,-12.40
1775851268.882,595.85,39.09,-14.34
1775851268.918,591.48,38.59,-11.15
1775851268.955,591.79,41.34,-10.90
1775851268.991,591.04,36.65,-12.53
1775851269.028,591.23,36.03,-14.65
1775851269.064,592.85,37.90,-11.90
1775851269.100,594.16,38.15,-11.40
1775851269.137,592.66,39.15,-10.78
1775851269.173,591.16,37.96,-12.71
1775851269.208,591.10,40.40,-13.34
1775851269.245,591.98,37.21,-11.96
1775851269.281,589.10,37.59,-14.53
1775851269.312,591.48,37.03,-12.53
1775851269.354,593.41,36.65,-11.53
1775851269.390,589.41,39.53,-12.96
1775851269.427,589.91,40.34,-14.28
1775851269.463,589.98,39.09,-13.09
1775851269.499,593.41,37.15,-9.46
1775851269.536,593.29,34.78,-10.53
1775851269.573,588.29,36.65,-10.96
1775851269.609,586.66,37.65,-14.21
1775851269.645,588.79,38.96,-11.78
1775851269.681,589.60,38.71,-12.15
1775851269.718,591.79,37.34,-9.65
1775851269.754,592.04,39.65,-10.53
1775851269.791,590.66,40.34,-9.65
1775851269.827,590.73,39.09,-13.34
1775851269.863,590.41,40.84,-13.46
1775851269.900,590.79,37.46,-8.34
1775851269.936,590.16,37.65,-9.96
1775851269.972,593.41,42.84,-10.03
1775851270.008,590.35,40.09,-12.09
1775851270.041,593.10,42.78,-12.40
1775851270.080,589.10,39.78,-15.15
1775851270.112,595.79,35.78,-12.84
1775851270.148,592.60,34.03,-8.90
1775851270.191,592.79,37.15,-10.34
1775851270.227,592.85,41.78,-14.65
1775851270.263,590.29,36.78,-11.46
1775851270.299,593.41,40.34,-7.84
1775851270.343,592.29,36.46,-12.21
1775851270.378,589.23,44.28,-10.03
1775851270.414,591.29,37.46,-10.90
1775851270.452,593.98,41.78,-11.15
1775851270.487,592.60,34.71,-12.59
1775851270.524,591.10,41.46,-12.90
1775851270.560,590.29,35.78,-9.40
1775851270.597,594.54,35.78,-14.15
1775851270.632,592.04,33.09,-9.96
1775851270.669,592.35,38.90,-9.78
1775851270.705,592.04,39.84,-8.96
1775851270.734,593.35,35.71,-11.46
1775851270.778,589.98,39.40,-10.71
1775851270.813,592.23,37.03,-11.03
1775851270.851,592.10,38.59,-12.78
1775851270.890,588.48,35.40,-11.90
1775851270.926,591.85,38.40,-11.96
1775851270.961,591.91,38.15,-10.65
1775851270.997,588.98,37.90,-12.40
1775851271.032,591.10,33.84,-7.90
1775851271.069,590.04,32.28,-11.03
1775851271.106,591.48,42.28,-12.53
1775851271.141,591.73,39.78,-11.65
1775851271.178,590.35,38.71,-12.84
1775851271.214,592.66,38.34,-12.78
1775851271.247,591.04,35.96,-10.84
1775851271.287,594.29,36.65,-9.21
1775851271.323,590.16,37.96,-11.40
1775851271.358,591.98,46.15,-12.15
1775851271.393,589.54,43.53,-13.34
1775851271.432,591.35,36.71,-7.03
1775851271.467,593.35,35.53,-11.15
1775851271.501,594.35,41.78,-12.03
1775851271.535,591.79,40.84,-12.59
1775851271.572,591.73,39.78,-14.59
1775851271.611,588.73,38.40,-10.03
1775851271.650,589.79,35.46,-12.03
1775851271.687,590.73,36.40,-11.96
1775851271.723,591.41,39.53,-9.78
1775851271.826,592.60,41.28,-11.96
1775851271.863,593.35,40.90,-13.28
1775851271.899,591.16,34.78,-12.21
1775851271.935,591.16,35.96,-10.90
1775851271.968,590.73,43.28,-13.71
1775851272.007,591.29,39.34,-10.78
1775851272.039,592.48,37.21,-13.28
1775851272.076,590.60,38.21,-13.59
1775851272.112,588.91,38.46,-10.15
1775851272.149,590.54,39.65,-10.71
1775851272.184,592.16,36.78,-12.28
1775851272.221,593.66,38.65,-11.28
1775851272.257,593.66,40.03,-13.09
1775851272.295,592.10,38.71,-11.65
1775851272.330,593.98,33.53,-9.40
1775851272.366,595.35,35.53,-10.59
1775851272.402,591.73,35.21,-11.03
1775851272.439,589.85,39.28,-11.40
1775851272.475,595.04,37.96,-10.28
1775851272.511,592.60,41.28,-11.71
1775851272.547,592.85,34.71,-11.78
1775851272.583,588.23,32.53,-10.28
1775851272.620,590.16,35.96,-11.21
1775851272.656,590.54,37.65,-12.34
1775851272.693,588.48,40.78,-10.46
1775851272.729,588.16,43.90,-13.34
1775851272.765,589.35,35.03,-8.71
1775851272.796,592.85,45.34,-8.65
1775851272.834,587.16,39.15,-10.53
1775851272.870,589.85,39.28,-10.09
1775851272.905,592.73,36.03,-12.96
1775851272.942,591.35,38.09,-10.84
1775851272.978,590.41,38.34,-11.78
1775851273.014,591.73,35.03,-9.15
1775851273.053,591.48,37.59,-5.46
1775851273.087,592.41,36.28,-11.53
1775851273.124,590.54,38.34,-11.21
1775851273.160,593.66,40.34,-10.78
1775851273.195,591.54,40.03,-10.71
1775851273.233,590.29,37.84,-9.96
1775851273.269,593.98,37.40,-11.90
1775851273.305,590.91,39.34,-8.84
1775851273.342,589.60,39.78,-12.84
1775851273.377,592.98,34.71,-10.84
1775851273.414,589.54,35.28,-13.40
1775851273.450,593.29,38.15,-11.65
1775851273.481,591.54,42.34,-8.09
1775851273.517,589.85,39.78,-9.65
1775851273.554,589.98,40.09,-13.03
1775851273.591,591.98,38.40,-11.03
1775851273.626,592.35,32.03,-11.34
1775851273.665,589.79,40.03,-12.46
1775851273.700,592.73,39.59,-11.96
1775851273.736,594.16,41.71,-13.09
1775851273.774,594.10,44.46,-13.40
1775851273.809,592.91,38.96,-11.09
1775851273.845,592.04,32.59,-10.90
1775851273.880,591.60,36.40,-10.40
1775851273.917,590.04,38.15,-6.96
1775851273.954,591.98,36.71,-9.90
1775851273.991,589.35,40.90,-12.65
1775851274.027,593.60,40.59,-13.34
1775851274.062,591.16,37.46,-11.15
1775851274.099,592.41,37.65,-7.96
1775851274.135,592.23,35.90,-8.59
1775851274.171,592.04,40.84,-11.40
1775851274.207,590.23,39.28,-11.53
1775851274.244,592.35,43.28,-11.59
1775851274.274,592.29,37.65,-13.46
1775851274.314,587.73,32.03,-8.03
1775851274.349,593.73,33.34,-7.90
1775851274.390,591.35,37.21,-10.78
1775851274.426,592.23,39.59,-12.84
1775851274.464,591.29,40.34,-12.28
1775851274.499,591.79,34.09,-9.53
1775851274.535,591.85,36.71,-9.65
1775851274.572,594.10,42.09,-11.34
1775851274.607,589.48,39.40,-13.40
1775851274.648,590.60,38.40,-15.03
1775851274.682,592.91,36.65,-10.53
1775851274.717,590.35,36.53,-10.71
1775851274.753,593.41,39.15,-10.28
1775851274.790,589.66,40.65,-12.46
1775851274.826,591.48,38.59,-10.59
1775851274.863,591.10,37.21,-11.59
1775851274.899,592.66,38.15,-10.09
1775851274.935,593.54,38.65,-9.15
1775851274.973,591.23,37.90,-12.28
1775851275.008,591.54,39.15,-12.71
1775851275.040,591.91,36.28,-11.53
1775851275.080,594.10,38.90,-11.03
1775851275.120,590.98,35.40,-8.21
1775851275.154,589.41,40.15,-13.34
1775851275.193,591.54,34.78,-13.53
1775851275.226,589.79,36.78,-13.03
1775851275.263,590.48,35.90,-10.15
1775851275.299,596.04,35.15,-8.40
1775851275.340,593.79,36.65,-10.09
1775851275.377,588.79,39.15,-11.28
1775851275.413,591.91,40.34,-13.34
1775851275.444,588.23,36.90,-11.28
1775851275.481,590.10,39.90,-10.34
1775851275.522,591.98,39.28,-10.78
1775851275.553,588.54,35.65,-11.71
1775851275.590,592.29,41.84,-14.65
1775851275.626,592.98,36.90,-11.84
1775851275.663,592.04,34.96,-11.53
1775851275.702,590.41,37.96,-8.65
1775851275.735,592.04,38.15,-9.34
1775851275.774,593.91,38.96,-12.03
1775851275.808,588.48,36.40,-11.84
1775851275.844,591.48,36.53,-11.46
1775851275.881,590.16,37.34,-9.71
1775851275.912,592.98,32.03,-12.21
1775851275.953,592.98,38.90,-9.34
1775851275.989,591.23,44.15,-13.15
1775851276.027,591.35,38.59,-11.40
1775851276.062,590.48,35.21,-11.53
1775851276.099,588.54,30.21,-10.71
1775851276.137,590.85,36.03,-12.65
1775851276.173,591.66,40.65,-12.09
1775851276.209,589.79,35.46,-9.15
1775851276.246,590.54,35.15,-10.34
1775851276.283,590.10,37.40,-9.65
1775851276.318,590.85,38.40,-10.34
1775851276.353,593.98,39.09,-9.65
1775851276.389,591.60,35.40,-11.03
1775851276.425,588.60,36.90,-10.90
1775851276.463,593.29,33.59,-11.59
1775851276.498,591.54,34.78,-11.40
1775851276.535,591.29,38.46,-8.09
1775851276.571,593.54,39.65,-10.59
1775851276.607,588.79,41.84,-12.09
1775851276.643,589.10,44.46,-12.96
1775851276.674,589.10,35.21,-13.40
1775851276.710,592.16,38.34,-11.71
1775851276.749,590.10,39.59,-10.65
1775851276.784,594.16,36.65,-8.46
1775851276.821,591.41,36.96,-11.28
1775851276.856,591.85,37.40,-12.84
1775851276.894,591.60,41.09,-14.21
1775851276.931,590.73,36.40,-11.09
1775851276.967,592.66,36.15,-10.96
1775851277.001,592.73,36.03,-10.78
1775851277.038,590.85,37.71,-10.15
1775851277.074,592.29,40.53,-14.21
1775851277.110,592.85,39.09,-11.71
1775851277.146,589.91,35.15,-11.09
1775851277.183,588.54,40.53,-10.15
1775851277.219,590.16,35.96,-12.09
1775851277.256,589.98,33.21,-9.65
1775851277.292,591.79,39.53,-10.96
1775851277.328,589.35,39.78,-11.59
1775851277.364,589.04,37.15,-9.84
1775851277.395,589.48,34.71,-9.71
1775851277.435,593.23,34.71,-10.59
1775851277.471,590.98,36.21,-7.03
1775851277.506,589.73,35.40,-10.09
1775851277.541,592.16,35.46,-9.71
1775851277.578,589.60,37.90,-12.03
1775851277.613,590.91,35.78,-11.09
1775851277.650,590.48,37.40,-10.21
1775851277.688,590.60,40.59,-12.34
1775851277.722,593.54,34.28,-11.03
1775851277.762,593.29,37.46,-11.21
1775851277.796,592.35,35.71,-11.34
1775851277.831,591.91,36.96,-10.21
1775851277.870,592.41,34.28,-10.90
1775851277.905,590.91,41.53,-11.28
1775851277.942,591.48,38.71,-12.34
1775851277.977,592.10,37.59,-13.03
1775851278.013,589.85,30.46,-10.03
1775851278.050,594.41,42.03,-8.09
1775851278.086,593.04,42.21,-10.34
1775851278.122,588.35,38.21,-11.09
1775851278.158,591.16,31.90,-6.09
1775851278.194,589.54,40.03,-13.53
1775851278.231,591.54,37.34,-11.34
1775851278.262,592.23,38.59,-10.71
1775851278.303,588.98,33.84,-9.28
1775851278.335,589.04,37.34,-9.34
1775851278.373,593.79,39.34,-9.53
1775851278.411,589.66,38.46,-12.59
1775851278.444,590.79,36.65,-11.65
1775851278.481,589.04,33.46,-8.90
1775851278.516,591.48,41.96,-10.65
1775851278.553,594.29,40.84,-10.09
1775851278.589,589.91,40.53,-11.09
1775851278.627,592.23,38.21,-11.21
1775851278.662,593.41,36.28,-10.09
1775851278.698,592.04,33.09,-11.46
1775851278.734,594.79,41.53,-11.46
1775851278.771,595.04,38.65,-11.09
1775851278.806,592.16,40.84,-12.03
1775851278.843,589.41,37.65,-12.21
1775851278.879,590.48,33.71,-12.90
1775851278.915,591.73,34.21,-10.15
1775851278.946,592.35,38.21,-7.90
1775851278.987,594.91,36.28,-8.15
1775851279.019,590.23,39.28,-13.90
1775851279.055,592.10,40.78,-12.90
1775851279.096,593.79,34.78,-13.28
1775851279.123,589.66,34.96,-10.03
1775851279.170,596.41,35.65,-9.96
1775851279.206,588.60,36.03,-10.65
1775851279.239,591.35,38.59,-11.40
1775851279.277,590.91,34.59,-15.09
1775851279.303,589.35,37.90,-11.21
1775851279.339,588.85,35.71,-9.28
1775851279.388,591.73,40.59,-9.46
1775851279.424,593.04,37.15,-10.90
1775851279.455,591.35,38.09,-11.03
1775851279.495,589.60,37.40,-11.90
1775851279.527,591.85,35.03,-10.40
1775851279.562,589.48,37.21,-7.96
1775851279.602,593.23,39.28,-13.09
1775851279.637,589.16,37.34,-10.84
1775851279.675,590.98,36.03,-10.65
1775851279.705,590.10,40.78,-12.59
1775851279.745,589.98,37.59,-10.59
1775851279.786,590.98,37.40,-10.15
1775851279.819,591.10,40.59,-12.46
1775851279.853,590.35,37.40,-12.15
1775851279.891,593.60,40.78,-12.15
1775851279.927,588.04,33.59,-12.78
1775851279.967,594.85,37.90,-9.15
1775851280.002,588.66,38.84,-11.09
1775851280.036,589.10,33.34,-11.40
1775851280.075,591.16,39.15,-12.90
1775851280.109,591.35,37.59,-13.84
1775851280.146,589.23,30.96,-12.21
1775851280.176,589.85,37.71,-10.34
1775851280.212,593.66,39.65,-12.34
1775851280.254,590.66,37.34,-9.65
1775851280.291,593.04,40.34,-14.53
1775851280.324,592.60,41.46,-13.71
1775851280.351,591.16,36.46,-10.78
1775851280.394,592.35,38.21,-8.15
1775851280.433,591.35,40.40,-9.59
1775851280.460,591.60,37.90,-11.65
1775851280.504,590.29,32.90,-12.15
1775851280.543,587.60,37.59,-12.53
1775851280.577,591.41,34.59,-11.53
1775851280.615,591.66,34.96,-11.28
1775851280.648,590.16,37.15,-8.46
1775851280.686,592.16,35.46,-12.28
1775851280.725,590.23,38.40,-9.90
1775851280.760,592.48,36.71,-10.03
1775851280.794,591.10,40.28,-13.34
1775851280.830,589.73,36.03,-9.71
1775851280.866,591.04,36.78,-12.34
1775851280.894,591.10,36.71,-11.34
1775851280.939,591.16,36.46,-12.78
1775851280.978,588.98,37.21,-12.90
1775851281.012,588.91,40.65,-14.46
1775851281.046,593.04,34.59,-13.28
1775851281.079,592.35,36.21,-10.78
1775851281.115,589.66,41.71,-11.53
1775851281.157,588.41,38.65,-9.21
1775851281.194,591.98,38.59,-12.15
1775851281.229,590.35,41.59,-13.53
1775851281.266,593.48,35.90,-11.96
1775851281.300,592.66,35.28,-12.28
1775851281.333,593.66,35.46,-8.90
1775851281.363,588.98,36.03,-10.21
1775851281.406,590.66,44.40,-12.21
1775851281.442,593.91,35.15,-12.46
1775851281.479,590.66,37.46,-8.90
1775851281.507,595.23,35.71,-9.09
1775851281.555,593.85,34.71,-8.21
1775851281.591,593.91,37.65,-10.84
1775851281.626,589.66,40.03,-15.96
1775851281.652,591.41,37.65,-12.59
1775851281.690,593.60,35.53,-8.65
1775851281.733,589.48,35.53,-6.71
1775851281.769,589.29,38.96,-10.40
1775851281.805,592.41,43.90,-13.59
1775851281.842,588.91,40.34,-13.03
1775851281.878,592.23,41.96,-14.59
1775851281.915,590.85,34.53,-11.96
1775851281.951,592.29,40.15,-8.65
1775851281.987,590.79,37.46,-11.90
1775851282.014,590.66,44.21,-14.59
1775851282.052,593.35,36.90,-12.90
1775851282.084,592.29,34.96,-12.09
1775851282.130,592.29,40.03,-11.84
1775851282.163,592.98,34.21,-10.03
1775851282.202,590.54,37.65,-10.71
1775851282.232,593.48,39.40,-11.71
1775851282.274,592.98,38.40,-14.28
1775851282.302,591.54,38.15,-10.59
1775851282.347,589.66,38.15,-12.65
1775851282.381,594.60,34.53,-9.84
1775851282.417,592.04,34.59,-10.21
1775851282.454,590.35,39.40,-10.96
1775851282.491,586.66,33.59,-14.34
1775851282.520,592.79,41.71,-13.09
1775851282.561,591.41,35.78,-13.09
1775851282.591,588.23,40.78,-9.15
1775851282.634,591.16,38.46,-9.46
1775851282.660,590.73,39.59,-11.84
1775851282.703,590.66,38.65,-11.46
1775851282.739,594.16,39.53,-12.53
1775851282.775,589.35,40.90,-9.96
1775851282.803,592.73,36.53,-11.03
1775851282.842,592.04,35.65,-10.53
1775851282.882,591.16,40.65,-11.78
1775851282.921,589.98,41.28,-12.03
1775851282.951,591.85,37.21,-12.65
1775851282.994,592.04,37.15,-10.28
1775851283.024,591.91,38.96,-9.46
1775851283.068,589.98,36.21,-10.59
1775851283.098,594.04,38.46,-12.03
1775851283.130,592.91,42.21,-11.78
1775851283.175,595.29,33.28,-13.34
1775851283.212,588.35,44.65,-10.59
1775851283.243,592.98,34.71,-11.40
1775851283.284,592.98,36.71,-11.96
1775851283.321,589.23,36.40,-10.90
1775851283.351,591.48,38.71,-11.59
1775851283.388,591.73,39.90,-12.34
1775851283.429,591.66,33.96,-9.21
1775851283.466,593.91,37.96,-12.46
1775851283.496,592.85,37.21,-12.15
1775851283.533,590.98,38.71,-10.78
1775851283.575,591.79,38.34,-12.46
1775851283.612,591.73,42.28,-11.28
1775851283.650,589.29,35.28,-8.59
1775851283.685,591.23,35.71,-12.53
1775851283.722,592.91,36.15,-12.34
1775851283.759,593.79,35.28,-11.78
1775851283.794,593.98,36.03,-11.71
1775851283.830,588.91,38.65,-11.34
1775851283.860,590.73,35.03,-7.90
1775851283.896,589.60,34.53,-11.28
1775851283.939,592.29,36.28,-9.65
1775851283.963,590.23,36.90,-10.90
1775851284.013,587.85,40.59,-12.03
1775851284.053,593.41,38.96,-11.40
1775851284.085,590.73,37.03,-11.78
1775851284.117,590.85,36.53,-11.90
1775851284.157,590.60,33.71,-10.71
1775851284.192,591.29,37.34,-9.96
1775851284.237,591.23,42.09,-8.96
1775851284.268,589.85,38.59,-13.34
1775851284.300,589.10,38.09,-13.21
1775851284.347,591.35,33.84,-13.53
1775851284.383,591.04,32.90,-8.90
1775851284.411,590.79,33.78,-10.90
1775851284.450,590.66,36.78,-13.09
1775851284.490,591.29,40.53,-13.71
1775851284.530,591.54,37.46,-11.53
1775851284.567,592.10,37.71,-9.15
1775851284.594,593.79,34.78,-11.03
1775851284.641,591.16,36.78,-12.09
1775851284.674,590.16,36.78,-11.96
1775851284.705,595.35,35.21,-11.90
1775851284.753,589.98,39.40,-8.28
1775851284.787,591.04,40.15,-11.46
1775851284.825,588.41,35.78,-12.40
1775851284.849,591.66,32.59,-11.28
1775851284.898,591.23,36.40,-7.84
1775851284.928,591.60,38.09,-10.28
1775851284.960,593.73,39.09,-12.40
1775851285.010,592.73,36.21,-9.84
1775851285.041,592.79,37.46,-11.59
1775851285.084,594.66,36.46,-12.78
1775851285.115,592.85,42.09,-11.71
1775851285.160,590.66,40.15,-10.78
1775851285.193,588.60,35.40,-12.96
1775851285.223,590.16,35.78,-9.34
1775851285.271,592.79,43.21,-10.84
1775851285.307,588.98,38.21,-13.53
1775851285.343,591.35,36.03,-13.78
1775851285.366,593.29,34.28,-10.40
1775851285.414,590.35,34.84,-9.46
1775851285.448,591.41,38.46,-10.34
1775851285.489,589.23,42.59,-10.65
1775851285.527,589.79,34.59,-8.59
1775851285.559,589.16,37.96,-9.03
1775851285.595,593.16,41.53,-13.28
1775851285.635,588.48,40.78,-10.90
1775851285.671,592.79,38.96,-12.84
1775851285.699,592.29,37.46,-14.03
1775851285.746,591.35,34.34,-10.78
1775851285.781,592.35,35.03,-8.34
1775851285.812,593.41,36.46,-11.09
1775851285.843,595.29,36.28,-11.84
1775851285.889,594.41,39.53,-12.71
1775851285.924,593.48,34.84,-11.71
1775851285.953,592.73,36.40,-10.46
1775851286.002,591.54,40.84,-7.84
1775851286.033,593.85,45.15,-10.90
1775851286.065,590.48,37.21,-11.65
1775851286.113,588.54,35.78,-13.03
1775851286.146,591.73,37.40,-6.28
1775851286.182,594.73,40.09,-9.28
1775851286.211,593.91,38.65,-13.65
1775851286.260,590.91,38.96,-11.03
1775851286.291,592.73,34.84,-8.53
1775851286.324,593.73,37.40,-11.78
1775851286.370,591.73,37.03,-12.09
1775851286.408,592.23,36.40,-14.90
1775851286.433,593.54,42.84,-10.84
1775851286.482,590.79,38.34,-10.21
1775851286.515,592.10,35.90,-9.78
1775851286.543,593.23,39.78,-9.53
1775851286.591,590.85,35.03,-13.21
1775851286.624,591.73,33.21,-11.34
1775851286.663,590.41,35.65,-9.34
1775851286.690,591.23,37.71,-9.28
1775851286.735,593.29,39.84,-8.78
1775851286.772,591.10,38.40,-12.53
1775851286.815,588.60,40.09,-8.28
1775851286.847,591.60,33.71,-10.53
1775851286.880,588.10,33.84,-8.03
1775851286.925,591.48,38.90,-15.40
1775851286.958,591.73,36.40,-11.15
1775851286.990,591.73,38.09,-13.46
1775851287.037,595.23,32.53,-11.78
1775851287.072,591.60,40.90,-12.21
1775851287.102,591.29,39.65,-12.46
1775851287.135,591.54,33.96,-8.90
1775851287.182,589.60,37.90,-9.09
1775851287.223,592.29,39.34,-10.09
1775851287.254,592.98,33.21,-12.34
1775851287.291,592.04,33.59,-12.15
1775851287.324,590.85,39.09,-12.71
1775851287.367,588.54,38.84,-9.21
1775851287.399,588.54,39.34,-13.84
1775851287.429,594.10,37.21,-12.28
1775851287.477,592.29,40.15,-11.96
1775851287.513,593.04,34.59,-12.59
1775851287.542,594.04,36.65,-7.84
1775851287.580,591.35,37.59,-9.15
1775851287.620,591.98,37.40,-12.65
1775851287.658,592.85,40.09,-14.65
1775851287.691,590.79,37.34,-12.46
1775851287.724,592.79,35.96,-11.21
1775851287.756,592.10,37.59,-10.71
1775851287.805,589.85,42.59,-12.15
1775851287.842,590.35,40.09,-9.15
1775851287.877,589.54,32.59,-10.90
1775851287.911,592.35,34.21,-5.84
1775851287.948,589.98,30.65,-7.59
1775851287.985,591.41,35.46,-8.84
1775851288.020,593.85,33.84,-10.59
1775851288.059,592.23,35.90,-12.34
1775851288.097,592.29,27.90,-6.15
1775851288.122,589.66,32.28,-6.40
1775851288.170,592.04,32.59,-7.59
1775851288.202,589.98,37.71,-11.15
1775851288.242,591.98,39.78,-10.65
1775851288.266,591.91,33.28,-11.78
1775851288.314,588.66,29.71,-9.40
1775851288.349,591.23,31.53,-7.96
1775851288.382,590.54,38.34,-10.90
1775851288.424,591.10,37.21,-9.21
1775851288.465,588.85,28.96,-5.46
1775851288.501,591.04,28.21,-6.53
1775851288.539,594.41,35.78,-6.46
1775851288.575,588.66,25.03,-0.90
1775851288.611,591.54,28.53,-1.09
1775851288.647,588.48,27.96,-3.46
1775851288.683,592.04,26.21,-0.28
1775851288.711,590.66,26.84,-3.34
1775851288.747,592.29,23.53,-0.34
1775851288.794,588.91,33.09,-5.15
1775851288.817,588.41,29.59,-2.21
1775851288.866,589.23,31.65,-1.71
1775851288.897,588.23,28.78,-4.78
1775851288.936,593.41,34.59,-6.40
1775851288.974,589.85,39.09,-7.03
1775851289.010,590.79,34.09,-9.53
1775851289.049,591.98,32.03,-3.65
1775851289.082,589.98,29.34,-3.84
1775851289.121,591.16,31.28,-4.53
1775851289.156,589.16,35.96,-2.90
1775851289.193,593.54,36.96,-8.90
1775851289.229,592.73,32.03,-8.84
1775851289.264,587.60,27.28,-5.96
1775851289.301,592.98,34.03,-5.03
1775851289.337,593.73,38.09,-8.96
1775851289.373,590.04,37.65,-12.53
1775851289.408,590.23,39.28,-12.15
1775851289.445,590.85,39.28,-11.03
1775851289.481,592.91,31.40,-9.09
1775851289.515,595.54,33.96,-9.21
1775851289.553,591.04,30.21,-0.59
1775851289.588,592.91,31.90,-7.53
1775851289.622,589.73,39.59,-13.34
1775851289.660,591.60,36.71,-10.03
1775851289.694,594.41,32.28,-7.96
1775851289.734,591.60,33.21,-9.28
1775851289.769,588.85,32.15,-9.40
1775851289.809,593.79,41.34,-7.09
1775851289.845,587.98,39.78,-12.09
1775851289.909,591.04,37.84,-11.46
1775851289.944,592.41,39.84,-12.21
1775851289.981,591.79,36.15,-8.59
1775851290.016,592.60,37.03,-8.46
1775851290.052,591.10,39.59,-9.28
1775851290.088,590.98,37.59,-10.40
1775851290.125,593.10,37.40,-13.84
1775851290.161,593.29,33.46,-11.71
1775851290.197,588.91,32.59,-10.34
1775851290.233,593.54,40.03,-9.53
1775851290.270,591.10,34.84,-11.15
1775851290.306,591.23,35.53,-10.28
1775851290.339,589.35,37.21,-11.28
1775851290.375,588.23,38.59,-11.59
1775851290.415,594.10,38.90,-9.84
1775851290.452,595.23,34.84,-11.46
1775851290.488,594.10,38.21,-10.40
1775851290.521,589.60,38.90,-14.21
1775851290.560,588.91,40.34,-11.09
1775851290.596,591.98,38.71,-11.28
1775851290.633,592.79,39.65,-10.28
1775851290.666,592.73,38.21,-9.59
1775851290.706,591.98,34.21,-13.21
1775851290.737,591.35,40.40,-13.03
1775851290.777,593.35,32.53,-12.28
1775851290.813,591.54,38.15,-11.09
1775851290.847,592.73,43.96,-9.71
1775851290.886,592.54,44.71,-12.84
1775851290.918,594.66,39.53,-10.65
1775851290.950,589.48,34.03,-11.59
1775851290.998,592.10,39.40,-11.15
1775851291.038,593.91,36.46,-11.84
1775851291.072,591.41,38.46,-12.71
1775851291.102,589.85,40.78,-10.21
1775851291.138,592.41,32.40,-11.78
1775851291.182,591.29,37.84,-9.96
1775851291.214,592.79,38.84,-10.09
1775851291.246,594.60,38.59,-10.96
1775851291.293,590.73,37.71,-11.28
1775851291.328,592.10,35.03,-8.15
1775851291.362,593.98,37.03,-9.34
1775851291.397,589.10,36.21,-10.28
1775851291.438,593.04,36.96,-12.09
1775851291.474,591.60,40.09,-11.40
1775851291.507,591.04,33.78,-12.90
1775851291.547,593.48,35.53,-11.53
1775851291.580,595.04,36.28,-9.21
1775851291.620,591.16,37.84,-12.09
1775851291.652,589.85,36.40,-11.71
1775851291.689,590.60,38.59,-11.90
1775851291.729,591.91,40.03,-12.15
1775851291.755,593.91,38.46,-11.84
1775851291.800,589.79,35.65,-9.59
1775851291.838,592.48,37.40,-12.28
1775851291.864,591.98,35.71,-14.34
1775851291.914,592.10,37.21,-15.03
1775851291.948,592.98,33.34,-8.96
1775851291.986,593.04,38.15,-11.15
1775851292.024,588.35,38.40,-14.09
1775851292.059,592.48,40.28,-12.34
1775851292.095,589.23,37.21,-12.40
1775851292.131,592.79,33.96,-9.28
1775851292.167,588.16,36.96,-10.28
1775851292.207,589.79,39.53,-11.59
1775851292.240,589.04,38.65,-13.03
1775851292.276,592.10,33.53,-9.21
1775851292.316,590.35,34.53,-8.84
1775851292.350,591.98,37.71,-7.71
1775851292.385,591.35,34.53,-9.84
1775851292.424,589.66,39.65,-11.03
1775851292.458,593.29,39.65,-12.03
1775851292.494,593.16,36.65,-11.53
1775851292.533,589.79,35.28,-9.46
1775851292.569,591.35,35.53,-11.84
1775851292.604,592.66,37.34,-10.59
1775851292.641,589.79,37.96,-12.96
1775851292.676,591.10,35.53,-13.03
1775851292.712,595.16,36.15,-11.65
1775851292.749,591.66,33.28,-10.78
1775851292.786,591.73,36.40,-10.34
1775851292.822,589.85,43.65,-14.90
1775851292.858,590.98,38.59,-11.71
1775851292.894,590.98,36.53,-14.15
1775851292.931,590.23,35.40,-12.21
1775851292.966,594.48,42.28,-10.53
1775851293.003,590.04,35.46,-12.53
1775851293.041,589.16,40.65,-11.90
1775851293.075,592.35,39.40,-9.46
1775851293.113,591.54,37.46,-11.96
1775851293.148,589.91,34.96,-12.46
1775851293.185,594.41,36.46,-10.09
1775851293.221,592.29,36.46,-10.65
1775851293.257,588.48,36.03,-10.03
1775851293.295,590.79,36.78,-10.46
1775851293.331,591.98,35.21,-10.65
1775851293.367,591.41,35.96,-9.78
1775851293.400,590.60,36.21,-8.21
1775851293.435,590.79,37.15,-12.34
1775851293.476,592.41,40.15,-12.15
1775851293.512,588.54,36.65,-11.15
1775851293.548,593.41,36.65,-11.78
1775851293.585,592.04,34.28,-7.84
1775851293.612,590.23,35.40,-9.65
1775851293.656,591.29,34.96,-10.78
1775851293.689,591.85,41.78,-14.03
1775851293.720,591.41,40.84,-13.28
1775851293.767,590.54,36.46,-9.90
1775851293.801,592.35,31.34,-11.40
1775851293.834,587.66,39.15,-12.90
1775851293.879,590.29,38.84,-13.78
1775851293.911,593.98,30.46,-7.78
1775851293.949,592.23,30.96,-4.21
1775851293.989,591.60,34.03,-9.71
1775851294.023,591.16,31.28,-5.96
1775851294.061,592.79,32.09,-4.96
1775851294.098,592.98,29.46,-7.71
1775851294.130,590.04,36.15,-7.53
1775851294.170,588.41,42.21,-9.96
1775851294.205,589.79,40.53,-11.40
1775851294.239,591.04,38.34,-13.96
1775851294.277,591.10,38.59,-10.46
1775851294.305,590.60,35.71,-10.71
1775851294.351,591.79,30.09,-5.59
1775851294.384,586.23,33.03,-5.84
1775851294.425,592.10,35.90,-9.40
1775851294.461,591.41,31.90,-8.46
1775851294.487,589.60,34.34,-7.53
1775851294.532,593.10,36.53,-5.34
1775851294.572,593.35,32.53,-6.96
1775851294.605,589.91,36.28,-8.78
1775851294.642,591.73,39.78,-11.03
1775851294.674,591.60,37.59,-10.71
1775851294.708,593.04,33.09,-7.53
1775851294.756,590.91,36.46,-8.09
1775851294.787,589.23,37.03,-12.96
1775851294.818,592.16,38.84,-11.34
1775851294.865,592.16,40.34,-9.65
1775851294.898,590.79,36.46,-10.21
1775851294.929,595.60,42.09,-12.21
1775851294.976,591.79,36.28,-12.65
1775851295.009,590.66,35.28,-13.21
1775851295.039,591.73,35.21,-11.53
1775851295.087,590.60,40.40,-10.28
1775851295.119,592.85,33.84,-13.28
1775851295.161,590.16,38.34,-13.65
1775851295.198,594.73,38.90,-10.53
1775851295.233,592.60,31.53,-8.15
1775851295.269,590.41,40.34,-11.96
1775851295.305,591.54,36.46,-13.53
1775851295.338,592.91,32.40,-11.53
1775851295.380,589.35,34.84,-8.59
1775851295.409,591.60,36.53,-8.46
1775851295.448,588.35,39.78,-11.71
1775851295.484,591.41,41.34,-12.90
1775851295.527,591.98,38.40,-13.65
1775851295.563,592.41,33.46,-10.46
1775851295.597,591.48,37.40,-10.21
1775851295.638,591.91,37.96,-11.15
1775851295.675,594.16,41.03,-15.28
1775851295.712,592.35,37.21,-12.71
1775851295.735,588.73,39.78,-11.40
1775851295.784,591.10,38.71,-9.96
1775851295.821,592.98,35.40,-8.46
1775851295.857,591.23,39.28,-11.09
1775851295.888,590.35,39.90,-12.15
1775851295.920,588.79,34.46,-12.40
1775851295.961,592.41,37.15,-9.84
1775851295.998,591.66,36.96,-10.34
1775851296.039,591.98,36.21,-12.78
1775851296.075,591.23,35.90,-14.21
1775851296.112,594.54,37.96,-12.90
1775851296.145,589.79,30.40,-11.09
1775851296.184,589.79,37.65,-9.71
1775851296.209,588.85,38.90,-10.59
1775851296.258,589.98,32.84,-12.34
1775851296.288,595.04,37.46,-12.15
1775851296.321,594.60,37.21,-10.78
1775851296.367,592.16,35.65,-10.28
1775851296.405,588.48,40.40,-13.46
1775851296.431,592.04,36.78,-12.59
1775851296.480,592.10,39.40,-9.65
1775851296.516,590.35,34.21,-11.46
1775851296.545,593.48,37.40,-9.21
1775851296.576,593.54,43.40,-12.28
1775851296.623,593.29,35.28,-11.15
1775851296.655,594.73,35.90,-10.28
1775851296.687,590.35,39.28,-9.28
1775851296.733,591.48,35.03,-10.34
1775851296.773,591.98,35.53,-9.46
1775851296.806,592.79,31.78,-6.84
1775851296.839,590.79,35.15,-10.90
1775851296.885,594.23,36.03,-12.46
1775851296.918,592.23,34.34,-9.90
1775851296.949,591.60,39.28,-12.71
1775851296.981,590.16,36.78,-13.21
1775851297.030,592.66,36.96,-11.21
1775851297.060,591.29,36.65,-10.71
1775851297.098,592.85,38.40,-11.84
1775851297.138,593.04,40.53,-12.84
1775851297.178,592.98,35.21,-12.15
1775851297.214,593.16,37.15,-10.40
1775851297.250,594.60,36.90,-9.96
1775851297.285,592.29,35.96,-11.28
1775851297.321,592.29,40.53,-12.03
1775851297.353,588.66,38.65,-12.46
1775851297.392,590.98,37.90,-9.53
1775851297.420,592.66,38.65,-10.53
1775851297.467,590.54,34.96,-10.90
1775851297.495,588.60,33.84,-9.46
1775851297.531,590.60,36.90,-12.03
1775851297.577,590.41,36.46,-11.90
1775851297.608,591.41,35.46,-12.03
1775851297.639,593.54,39.34,-11.53
1775851297.672,594.23,34.34,-11.34
1775851297.712,592.41,34.96,-11.65
1775851297.759,593.60,35.90,-10.90
1775851297.792,593.54,35.28,-11.59
1775851297.831,593.41,36.96,-8.15
1775851297.864,594.29,33.09,-9.78
1775851297.909,589.66,38.65,-11.65
1775851297.944,593.91,36.28,-10.78
1775851297.979,590.29,33.09,-9.40
1775851298.009,591.73,42.09,-8.53
1775851298.054,589.85,38.90,-13.15
1775851298.089,590.29,33.46,-10.84
1775851298.118,592.35,40.40,-10.28
1775851298.163,593.85,37.21,-11.65
1775851298.199,592.60,38.59,-10.03
1775851298.234,591.54,37.96,-9.65
1775851298.262,590.23,36.21,-8.40
1775851298.309,594.29,40.34,-13.03
1775851298.342,592.29,37.65,-11.96
1775851298.383,590.23,34.84,-8.90
1775851298.420,593.48,38.71,-10.09
1775851298.456,590.85,34.84,-13.84
1775851298.493,592.16,42.03,-12.65
1775851298.529,592.10,38.40,-10.84
1775851298.565,591.04,38.96,-9.46
1775851298.601,595.16,35.96,-10.65
1775851298.636,593.98,33.71,-10.84
1775851298.674,589.60,40.09,-14.15
1775851298.710,591.60,38.09,-11.09
1775851298.747,591.54,37.34,-10.59
1775851298.777,590.60,36.21,-9.15
1775851298.811,593.66,35.28,-10.09
1775851298.856,591.66,37.15,-13.34
1775851298.893,592.16,40.03,-11.46
1775851298.929,594.60,34.34,-12.21
1775851298.965,590.60,35.03,-10.90
1775851299.002,590.85,37.71,-6.46
1775851299.038,592.29,35.46,-8.71
1775851299.074,593.16,35.15,-11.03
1775851299.107,590.60,36.40,-9.90
1775851299.147,592.66,37.65,-12.78
1775851299.183,593.04,36.28,-10.34
1775851299.220,591.73,34.34,-9.40
1775851299.256,590.60,36.71,-12.28
1775851299.292,593.73,39.40,-13.03
1775851299.329,594.29,39.84,-10.65
1775851299.365,591.91,37.46,-10.84
1775851299.401,593.35,40.59,-11.59
1775851299.434,590.10,37.03,-11.90
1775851299.470,590.91,39.53,-11.28
1775851299.510,590.10,32.84,-13.09
1775851299.541,591.91,34.46,-13.71
1775851299.583,591.60,41.78,-11.03
1775851299.619,593.29,39.15,-7.84
1775851299.656,593.48,39.28,-13.21
1775851299.692,590.98,38.09,-13.78
1775851299.730,592.35,35.90,-8.65
1775851299.766,593.79,35.28,-11.03
1775851299.801,592.66,36.28,-10.15
1775851299.837,591.48,39.90,-12.71
1775851299.874,591.41,34.78,-11.21
1775851299.913,594.60,37.40,-13.34
1775851299.949,591.85,35.21,-9.90
1775851299.985,590.35,34.71,-9.71
1775851300.013,593.98,37.03,-10.78
1775851300.057,592.54,38.84,-12.65
1775851300.094,591.48,38.90,-10.59
1775851300.129,593.23,34.21,-11.90
1775851300.165,592.66,37.65,-11.46
1775851300.201,591.66,36.78,-10.28
1775851300.237,589.91,34.28,-12.03
1775851300.274,588.91,37.84,-13.09
1775851300.310,592.60,37.21,-12.09
1775851300.347,590.10,34.84,-10.09
1775851300.377,593.66,31.28,-10.28
1775851300.420,593.35,37.59,-8.46
1775851300.457,591.35,37.71,-11.90
1775851300.492,590.16,41.03,-14.09
1775851300.528,592.66,35.78,-11.59
1775851300.565,591.10,36.40,-11.15
1775851300.601,592.85,33.71,-11.28
1775851300.636,592.48,36.71,-9.59
1775851300.671,590.85,40.40,-14.03
1775851300.705,590.54,37.46,-9.15
1775851300.745,591.98,38.09,-11.21
1775851300.781,590.79,34.78,-11.34
1775851300.816,592.66,33.09,-8.21
1775851300.851,589.85,38.40,-11.46
1775851300.884,591.60,39.40,-11.96
1775851300.922,592.48,36.90,-12.84
1775851300.962,589.79,39.53,-12.28
1775851300.994,591.41,33.78,-9.15
1775851301.026,593.79,38.65,-10.46
1775851301.074,592.48,40.40,-13.96
1775851301.106,593.98,34.21,-14.34
1775851301.144,591.16,33.96,-9.34
1775851301.170,591.23,35.03,-12.09
1775851301.217,591.98,38.21,-11.59
1775851301.250,592.79,40.84,-12.28
1775851301.281,593.54,39.84,-10.59
1775851301.331,592.60,36.21,-9.78
1775851301.361,589.98,34.71,-9.21
1775851301.399,590.60,37.21,-12.84
1775851301.441,592.41,38.34,-11.28
1775851301.480,589.66,31.28,-11.34
1775851301.514,590.29,34.59,-11.09
1775851301.544,592.29,34.28,-10.03
1775851301.576,590.73,36.53,-9.78
1775851301.625,593.29,35.46,-11.46
1775851301.658,591.04,36.46,-8.03
1775851301.688,591.91,38.96,-11.21
1775851301.735,593.23,36.03,-13.84
1775851301.767,589.66,38.15,-11.65
1775851301.799,591.73,35.21,-8.90
1775851301.849,592.85,37.59,-8.78
1775851301.879,588.79,33.78,-10.15
1775851301.915,592.29,41.03,-11.21
1775851301.960,589.85,29.46,-8.53
1775851301.990,592.91,33.59,-10.09
1775851302.030,590.73,36.53,-7.21
1775851302.071,594.91,41.84,-9.34
1775851302.106,589.54,38.65,-9.96
1775851302.135,587.35,39.90,-10.40
1775851302.168,590.41,33.59,-10.96
1775851302.215,590.23,38.71,-7.96
1775851302.246,590.79,38.96,-13.59
1775851302.290,589.35,39.40,-12.03
1775851302.328,591.48,33.21,-10.71
1775851302.364,590.66,37.65,-13.59
1775851302.400,592.91,32.40,-10.96
1775851302.437,592.91,38.15,-11.90
1775851302.473,592.48,38.59,-11.71
1775851302.509,587.73,37.40,-13.15
1775851302.546,588.60,35.90,-9.96
1775851302.577,594.23,38.90,-8.84
1775851302.619,595.23,39.90,-7.90
1775851302.655,592.23,34.84,-10.40
1775851302.692,591.35,39.90,-12.84
1775851302.728,593.29,30.40,-13.28
1775851302.764,592.41,38.34,-11.09
1775851302.798,594.23,38.71,-9.40
1775851302.837,591.98,37.21,-12.15
1775851302.873,586.35,44.46,-11.65
1775851302.910,589.41,30.21,-10.65
1775851302.942,590.85,36.71,-9.09
1775851302.982,591.48,33.71,-10.65
1775851303.017,590.85,37.03,-11.40
1775851303.054,593.48,31.34,-10.84
1775851303.092,587.16,32.40,-12.15
1775851303.124,592.04,38.84,-10.96
1775851303.155,591.60,37.03,-8.84
1775851303.204,592.73,33.34,-13.03
1775851303.239,588.04,36.46,-10.21
1775851303.269,588.91,36.28,-11.90
1775851303.316,590.66,33.09,-10.09
1775851303.347,593.29,35.96,-9.84
1775851303.387,590.23,37.40,-10.78
1775851303.423,593.54,38.96,-12.78
1775851303.455,593.16,37.65,-11.59
1775851303.488,588.16,34.78,-10.28
1775851303.531,592.35,37.90,-10.90
1775851303.563,591.98,40.59,-11.21
1775851303.606,592.54,40.03,-10.90
1775851303.644,593.29,37.15,-12.84
1775851303.675,589.85,27.46,-11.09
1775851303.718,593.48,39.90,-10.90
1775851303.756,587.23,39.09,-13.15
1775851303.787,590.79,34.96,-12.53
1775851303.824,590.23,39.28,-11.46
1775851303.851,588.98,37.40,-9.40
1775851303.898,591.98,34.53,-11.03
1775851303.931,591.48,32.03,-12.46
1775851303.963,589.79,37.65,-9.28
1775851304.011,588.35,31.34,-9.40
1775851304.041,591.29,36.15,-10.90
1775851304.077,594.23,35.71,-9.09
1775851304.120,589.10,40.28,-10.28
1775851304.160,591.04,31.59,-13.40
1775851304.192,591.66,34.78,-10.53
1775851304.225,589.48,34.03,-8.09
1775851304.257,590.91,43.53,-10.71
1775851304.305,593.10,39.40,-13.15
1775851304.340,593.54,30.09,-9.59
1775851304.371,589.48,36.21,-8.71
1775851304.415,592.35,36.40,-11.96
1775851304.448,591.04,37.65,-11.53
1775851304.480,589.98,38.21,-11.40
1775851304.528,593.41,35.96,-10.03
1775851304.558,592.41,34.78,-9.90
1775851304.593,595.54,36.15,-10.09
1775851304.622,595.66,38.84,-11.21
1775851304.670,593.16,36.28,-11.34
1775851304.711,591.79,36.15,-10.28
1775851304.742,594.66,33.59,-10.09
1775851304.784,595.23,37.59,-9.46
1775851304.821,590.73,40.28,-10.28
1775851304.853,589.91,37.15,-11.28
1775851304.884,590.10,39.40,-13.21
1775851304.921,591.79,38.15,-12.09
1775851304.965,591.23,34.03,-11.78
1775851305.000,593.23,37.21,-12.65
1775851305.040,591.73,38.09,-12.21
1775851305.077,594.98,39.90,-13.53
1775851305.112,591.48,38.90,-10.65
1775851305.148,592.54,40.65,-12.28
1775851305.180,592.29,38.34,-9.90
1775851305.220,593.73,42.78,-7.90
1775851305.258,589.85,37.03,-10.40
1775851305.290,588.35,36.21,-12.21
1775851305.329,589.98,33.34,-10.90
1775851305.366,593.73,33.71,-9.09
1775851305.400,592.91,32.28,-12.03
1775851305.438,591.98,36.53,-12.65
1775851305.464,591.48,35.40,-11.09
1775851305.511,591.29,39.65,-11.46
1775851305.543,594.79,35.65,-10.78
1775851305.583,592.23,40.28,-12.34
1775851305.619,592.04,41.53,-11.71
1775851305.655,590.66,37.84,-12.90
1775851305.700,590.23,37.40,-12.46
1775851305.738,592.60,42.59,-10.21
1775851305.771,590.41,38.84,-13.84
1775851305.808,592.98,37.03,-9.09
1775851305.835,590.73,34.84,-12.34
1775851305.883,591.91,37.46,-11.90
1775851305.917,592.85,39.09,-12.15
1775851305.946,593.85,40.28,-13.15
1775851305.996,595.10,38.09,-12.34
1775851306.025,590.91,39.65,-9.34
1775851306.057,596.04,37.65,-10.03
1775851306.112,592.79,34.96,-9.90
1775851306.147,592.73,39.28,-8.59
1775851306.184,591.91,36.15,-8.71
1775851306.216,591.66,33.46,-9.71
1775851306.250,590.54,37.34,-12.09
1775851306.281,593.54,42.34,-10.90
1775851306.329,591.73,37.40,-10.09
1775851306.361,589.16,36.46,-9.40
1775851306.397,594.10,36.03,-9.40
1775851306.440,592.66,38.34,-10.28
1775851306.478,591.85,32.53,-11.96
1775851306.511,592.85,35.40,-7.90
1775851306.546,593.41,34.09,-10.03
1775851306.584,592.16,35.96,-9.71
1775851306.619,590.41,38.96,-13.28
1775851306.660,590.16,36.96,-15.46
1775851306.692,589.85,31.34,-10.34
1775851306.729,592.73,35.21,-9.96
1775851306.763,593.66,36.15,-10.65
1775851306.792,591.41,35.46,-12.96
1775851306.840,589.98,36.53,-12.96
1775851306.875,590.48,37.21,-11.21
1775851306.904,591.29,37.46,-9.03
1775851306.952,590.41,38.96,-12.28
1775851306.984,592.54,40.15,-12.15
1775851307.024,592.29,34.78,-11.84
1775851307.048,591.48,34.21,-8.78
1775851307.096,593.79,28.40,-11.21
1775851307.130,589.35,35.03,-10.09
1775851307.160,592.73,35.71,-13.15
1775851307.210,593.60,35.03,-10.53
1775851307.240,590.60,37.21,-10.03
1775851307.274,590.48,34.34,-9.09
1775851307.321,591.91,34.78,-13.90
1775851307.351,592.23,35.90,-13.15
1775851307.383,590.73,37.59,-13.15
1775851307.425,590.23,29.84,-11.46
1775851307.467,592.54,30.90,-7.59
1775851307.495,592.04,37.96,-10.59
1775851307.530,592.04,38.15,-9.78
1775851307.574,591.91,33.59,-12.40
1775851307.606,590.73,33.03,-7.96
1775851307.638,592.79,38.15,-9.09
1775851307.686,592.35,41.09,-12.34
1775851307.725,594.66,35.96,-13.78
1775851307.753,590.73,37.90,-11.90
1775851307.798,595.10,40.28,-10.78
1775851307.831,591.23,39.40,-13.03
1775851307.862,593.91,36.28,-11.90
1775851307.893,594.16,39.65,-12.90
1775851307.942,593.91,39.53,-9.71
1775851307.982,592.04,36.15,-12.53
1775851308.006,591.23,35.21,-12.15
1775851308.054,592.16,42.21,-12.46
1775851308.086,592.73,37.03,-10.71
1775851308.127,594.16,39.65,-9.78
1775851308.166,591.10,37.21,-11.28
1775851308.198,590.60,37.40,-12.21
1775851308.238,589.66,37.96,-10.46
1775851308.266,592.54,38.15,-8.96
1775851308.310,591.85,41.09,-11.71
1775851308.346,591.35,36.90,-10.28
1775851308.375,591.35,35.40,-10.03
1775851308.406,591.91,40.34,-11.40
1775851308.452,590.85,38.21,-13.03
1775851308.490,590.23,32.15,-12.15
1775851308.515,595.60,37.59,-10.96
1775851308.563,593.23,36.40,-11.71
1775851308.595,594.04,32.40,-7.90
1775851308.630,592.79,35.46,-7.96
1775851308.659,593.98,40.09,-9.84
1775851308.705,593.35,38.09,-10.21
1775851308.744,590.35,36.03,-11.90
1775851308.769,591.41,39.15,-12.53
1775851308.816,594.16,37.84,-10.03
1775851308.848,592.66,36.65,-11.53
1775851308.880,592.98,42.09,-10.59
1775851308.913,592.54,33.59,-13.78
1775851308.959,592.85,38.71,-12.53
1775851308.998,591.66,36.65,-7.96
1775851309.028,591.91,34.78,-13.34
1775851309.071,592.41,36.96,-16.09
1775851309.102,593.29,37.65,-11.59
1775851309.136,591.35,34.34,-10.40
1775851309.184,594.10,34.21,-13.28
1775851309.214,593.23,39.90,-10.71
1775851309.247,593.54,38.96,-12.78
1775851309.293,589.60,34.84,-12.46
1775851309.331,591.91,35.15,-8.09
1775851309.357,594.73,37.71,-10.09
1775851309.405,587.79,42.03,-10.34
1775851309.439,593.04,38.65,-10.15
1775851309.469,592.73,29.15,-10.15
1775851309.510,591.29,38.46,-9.96
1775851309.551,591.54,37.46,-10.21
1775851309.586,593.10,31.84,-10.84
1775851309.614,592.91,41.03,-10.84
1775851309.651,593.10,31.84,-12.90
1775851309.696,589.41,33.28,-9.59
1775851309.730,590.41,35.78,-7.65
1775851309.767,593.29,33.78,-9.46
1775851309.805,593.66,36.96,-12.03
1775851309.841,595.29,35.78,-13.53
1775851309.877,590.85,36.71,-11.40
1775851309.908,591.91,32.28,-11.28
1775851309.950,592.91,33.09,-8.03
1775851309.980,593.10,42.59,-12.71
1775851310.014,589.29,39.53,-12.28
1775851310.059,589.35,34.34,-10.84
1775851310.093,589.35,38.59,-8.34
1775851310.130,595.66,40.15,-9.09
1775851310.157,592.48,34.84,-9.78
1775851310.202,596.04,38.46,-12.53
1775851310.234,592.73,35.53,-9.03
1775851310.267,592.60,40.78,-12.46
1775851310.314,591.16,36.96,-10.53
1775851310.348,592.35,32.34,-10.21
1775851310.380,592.73,39.28,-10.90
1775851310.424,591.41,36.28,-12.09
1775851310.458,592.16,33.96,-12.28
1775851310.487,590.85,32.65,-11.03
1775851310.531,592.60,35.71,-10.40
1775851310.567,592.23,39.78,-12.53
1775851310.600,595.29,39.15,-13.09
1775851310.631,589.29,33.96,-11.40
1775851310.679,591.79,35.15,-9.21
1775851310.713,593.85,40.28,-9.40
1775851310.751,591.04,37.15,-11.03
1775851310.792,592.29,35.46,-14.96
1775851310.828,593.54,38.84,-9.28
1775851310.859,591.35,33.21,-7.21
1775851310.902,592.41,38.65,-11.96
1775851310.934,596.04,40.15,-12.34
1775851310.969,592.29,37.96,-13.21
1775851310.998,593.23,39.90,-11.03
1775851311.046,592.54,33.28,-10.09
1775851311.077,589.85,34.03,-9.34
1775851311.112,593.23,38.40,-13.96
1775851311.158,593.73,40.59,-10.59
1775851311.188,595.23,33.21,-13.84
1775851311.222,591.04,37.65,-10.96
1775851311.253,593.66,33.96,-9.34
1775851311.303,593.98,42.28,-13.21
1775851311.334,589.73,38.21,-14.53
1775851311.367,591.66,40.15,-12.84
1775851311.413,588.04,34.09,-12.96
1775851311.444,591.79,37.34,-9.96
1775851311.483,592.04,41.21,-10.21
1775851311.520,592.04,39.34,-12.03
1775851311.557,592.85,37.03,-11.09
1775851311.587,592.16,38.65,-10.78
1775851311.624,592.73,33.21,-9.65
1775851311.666,591.60,37.40,-9.53
1775851311.703,591.73,41.59,-10.34
1775851311.739,590.85,41.46,-10.59
1775851311.762,590.79,41.53,-12.59
1775851311.813,589.48,34.21,-7.71
1775851311.842,595.10,34.71,-8.28
1775851311.874,591.29,40.65,-9.59
1775851311.921,593.29,30.71,-11.65
1775851311.952,591.91,37.65,-12.09
1775851311.985,588.91,37.96,-11.59
1775851312.016,592.41,30.59,-11.65
1775851312.066,593.04,34.59,-9.59
1775851312.096,591.16,37.96,-9.46
1775851312.133,595.60,36.21,-14.65
1775851312.177,591.85,35.53,-12.15
1775851312.208,593.98,36.71,-7.53
1775851312.243,591.29,38.34,-11.15
1775851312.272,591.60,35.53,-11.46
1775851312.321,592.35,35.21,-13.84
1775851312.360,591.23,38.09,-12.28
1775851312.385,592.16,29.71,-8.59
1775851312.432,595.98,37.71,-10.53
1775851312.463,593.60,36.90,-11.84
1775851312.499,589.48,38.09,-14.21
1775851312.543,589.29,36.15,-10.71
1775851312.579,591.48,36.90,-10.15
1775851312.610,592.73,38.40,-9.78
1775851312.641,593.04,35.78,-7.96
1775851312.686,592.60,34.21,-12.84
1775851312.718,593.98,37.03,-12.21
1775851312.749,593.66,34.78,-10.09
1775851312.797,593.41,35.15,-10.90
1775851312.834,594.85,38.71,-10.03
1775851312.861,591.85,42.09,-10.84
1775851312.897,592.79,37.65,-11.40
1775851312.943,590.60,36.21,-7.78
1775851312.973,591.54,32.40,-9.96
1775851313.007,589.66,36.78,-10.59
1775851313.053,594.98,34.71,-11.96
1775851313.086,588.29,41.34,-16.09
1775851313.116,590.35,39.09,-12.28
1775851313.163,594.04,33.46,-10.71
1775851313.199,590.73,39.28,-9.96
1775851313.235,595.10,35.53,-14.28
1775851313.277,592.85,44.15,-12.09
1775851313.307,588.98,33.03,-9.28
1775851313.339,592.48,33.84,-12.71
1775851313.387,593.35,41.09,-11.65
1775851313.420,591.79,37.46,-11.03
1775851313.459,590.35,30.46,-13.53
1775851313.483,589.73,34.71,-8.34
1775851313.534,591.10,39.40,-8.96
1775851313.563,589.73,40.28,-11.84
1775851313.600,588.10,34.71,-11.15
1775851313.643,589.85,31.53,-14.28
1775851313.679,592.23,37.90,-8.46
1775851313.711,596.91,34.46,-10.21
1775851313.739,592.16,40.53,-10.78
1775851313.789,594.79,38.34,-11.65
1775851313.823,592.48,37.21,-11.09
1775851313.855,593.79,35.15,-12.21
1775851313.898,589.91,34.28,-8.84
1775851313.936,592.85,35.53,-8.34
1775851313.970,593.23,39.78,-12.34
1775851314.009,592.98,38.40,-12.15
1775851314.044,590.79,35.78,-10.15
1775851314.074,589.54,34.59,-10.15
1775851314.110,590.04,37.65,-8.46
1775851314.152,591.79,40.53,-9.21
1775851314.188,592.23,43.78,-12.84
1775851314.221,592.35,35.71,-14.71
1775851314.249,592.23,38.09,-10.59
1775851314.299,593.60,38.90,-9.78
1775851314.331,595.23,36.21,-11.09
1775851314.360,591.98,38.90,-11.96
1775851314.410,593.16,36.96,-9.28
1775851314.439,592.10,37.40,-11.15
1775851314.473,593.41,35.78,-9.40
1775851314.520,591.23,38.90,-11.15
1775851314.552,591.35,38.40,-10.53
1775851314.583,590.41,39.15,-11.03
1775851314.631,593.98,36.71,-10.40
1775851314.666,591.41,35.28,-11.28
1775851314.695,592.60,35.03,-11.40
1775851314.737,590.41,40.53,-9.78
1775851314.776,593.04,31.28,-10.96
1775851314.810,593.29,38.15,-8.21
1775851314.840,593.66,34.59,-9.59
1775851314.886,591.29,39.34,-10.15
1775851314.920,594.04,37.15,-9.90
1775851314.950,590.48,32.65,-11.21
1775851314.997,592.16,35.15,-9.21
1775851315.029,592.41,34.78,-6.84
1775851315.065,590.73,39.90,-11.34
1775851315.093,589.98,39.09,-9.96
1775851315.141,592.41,35.96,-12.09
1775851315.176,593.48,38.09,-9.15
1775851315.220,592.73,39.90,-10.84
1775851315.256,592.35,37.59,-11.59
1775851315.284,592.54,38.15,-12.71
1775851315.317,591.35,40.59,-10.71
1775851315.366,592.04,35.46,-10.65
1775851315.395,590.60,35.03,-11.15
1775851315.438,590.66,40.15,-12.09
1775851315.475,588.04,38.65,-14.78
1775851315.508,589.66,37.46,-10.46
1775851315.538,591.29,40.03,-10.28
1775851315.572,593.60,38.71,-7.71
1775851315.622,593.66,42.03,-11.21
1775851315.650,591.91,30.90,-12.28
1775851315.690,591.35,36.90,-12.53
1775851315.729,592.98,33.84,-10.59
1775851315.762,591.04,35.78,-8.71
1775851315.797,589.41,34.28,-11.21
1775851315.839,590.23,39.78,-14.15
1775851315.874,595.16,38.84,-13.59
1775851315.904,591.91,39.84,-8.03
1775851315.939,593.73,36.90,-9.53
1775851315.986,590.10,39.90,-12.21
1775851316.016,593.10,39.40,-10.90
1775851316.047,589.98,36.03,-12.96
1775851316.095,591.16,37.34,-9.46
1775851316.127,593.79,36.15,-11.03
1775851316.167,592.48,39.09,-10.21
1775851316.192,592.79,39.15,-10.15
1775851316.240,592.66,34.28,-12.21
1775851316.273,592.85,37.71,-13.90
1775851316.317,591.35,34.53,-9.15
1775851316.349,594.54,39.53,-12.28
1775851316.383,592.60,41.46,-14.96
1775851316.411,591.23,32.34,-9.65
1775851316.461,591.48,40.28,-10.03
1775851316.491,593.35,38.59,-11.84
1775851316.526,589.66,39.65,-10.96
1775851316.574,589.73,42.28,-13.71
1775851316.607,594.41,40.15,-11.90
1775851316.640,594.60,35.71,-11.21
1775851316.683,592.54,40.53,-9.65
1775851316.717,591.98,37.40,-12.15
1775851316.747,591.98,34.71,-12.90
1775851316.795,594.29,33.59,-11.21
1775851316.832,590.98,39.78,-11.71
1775851316.859,591.98,35.90,-12.78
1775851316.906,593.10,38.40,-13.71
1775851316.940,591.23,35.40,-10.65
1775851316.977,592.91,36.96,-11.15
1775851317.004,594.79,39.53,-11.59
1775851317.049,596.60,40.90,-11.15
1775851317.082,594.04,39.15,-10.78
1775851317.114,590.54,38.34,-11.15
1775851317.161,591.79,34.59,-11.21
1775851317.193,590.73,38.90,-8.34
1775851317.225,591.10,31.15,-9.15
1775851317.257,589.79,40.53,-12.03
1775851317.307,593.79,36.65,-10.90
1775851317.341,592.35,39.90,-11.40
1775851317.377,590.91,38.46,-10.96
1775851317.416,592.48,37.71,-14.09
1775851317.452,592.85,38.59,-13.03
1775851317.480,592.66,46.09,-10.78
1775851317.517,593.79,36.65,-13.90
1775851317.561,591.10,38.90,-11.21
1775851317.593,592.79,40.65,-7.96
1775851317.628,593.54,37.96,-13.34
1775851317.656,591.16,38.84,-12.15
1775851317.705,592.16,40.03,-10.78
1775851317.742,591.48,37.71,-13.71
1775851317.778,591.16,31.59,-10.34
1775851317.816,593.79,37.46,-10.03
1775851317.852,591.16,45.09,-14.03
1775851317.881,592.48,39.90,-13.53
1775851317.925,591.73,40.78,-11.53
1775851317.961,589.23,35.21,-12.90
1775851317.995,592.73,33.71,-10.84
1775851318.033,593.54,34.09,-10.53
1775851318.070,595.48,43.65,-10.78
1775851318.101,593.23,40.40,-13.09
1775851318.143,594.60,36.71,-11.78
1775851318.165,591.98,32.34,-12.09
1775851318.213,592.23,40.28,-11.15
1775851318.245,592.29,36.96,-10.96
1775851318.278,591.16,37.84,-12.59
1775851318.323,593.23,37.03,-14.53
1775851318.360,592.91,35.78,-10.59
1775851318.390,590.29,35.65,-10.78
1775851318.434,594.73,35.53,-10.28
1775851318.465,593.10,42.46,-11.96
1775851318.506,593.04,38.34,-13.84
1775851318.543,592.04,34.09,-12.71
1775851318.577,591.10,39.40,-10.34
1775851318.613,592.04,34.28,-11.78
1775851318.643,589.16,38.65,-11.09
1775851318.687,595.10,38.90,-15.46
1775851318.721,593.60,41.96,-15.96
1775851318.751,591.29,32.40,-13.03
1775851318.782,594.85,35.90,-9.90
1775851318.831,596.48,37.59,-11.53
1775851318.867,592.60,33.84,-12.65
1775851318.895,591.04,36.28,-14.46
1775851318.944,589.73,35.40,-12.34
1775851318.974,592.91,36.65,-11.09
1775851319.015,593.29,35.78,-10.71
1775851319.054,591.98,38.71,-12.34
1775851319.086,594.79,37.96,-11.53
1775851319.123,589.79,37.96,-12.40
1775851319.151,590.41,37.46,-8.96
1775851319.197,594.48,31.34,-7.46
1775851319.228,593.23,40.40,-9.53
1775851319.260,590.48,36.40,-10.65
1775851319.308,591.10,37.03,-10.46
1775851319.344,589.66,34.78,-10.78
1775851319.375,594.16,37.15,-10.90
1775851319.404,593.04,33.46,-11.78
1775851319.452,590.23,36.03,-11.15
1775851319.493,591.91,35.46,-13.59
1775851319.526,590.41,36.96,-13.09
1775851319.565,591.98,39.78,-9.71
1775851319.595,594.16,36.46,-10.09
1775851319.630,590.98,39.59,-14.03
1775851319.674,591.60,32.65,-9.90
1775851319.707,594.85,30.84,-9.84
1775851319.745,589.91,40.15,-10.65
1775851319.786,595.98,39.59,-12.59
1775851319.821,593.60,36.90,-12.34
1775851319.851,592.48,36.71,-13.46
1775851319.887,594.73,33.71,-11.84
1775851319.930,591.98,34.71,-8.59
1775851319.962,591.98,39.59,-11.53
1775851319.993,591.41,39.15,-11.59
1775851320.044,590.10,35.53,-12.84
1775851320.072,593.79,40.53,-10.21
1775851320.103,593.23,36.90,-12.15
1775851320.153,591.35,36.71,-10.15
1775851320.184,592.73,34.71,-12.21
1775851320.221,591.60,35.90,-12.03
1775851320.262,596.91,33.46,-6.59
1775851320.295,591.54,36.65,-12.15
1775851320.326,589.73,39.90,-14.03
1775851320.375,591.04,35.78,-12.96
1775851320.410,592.98,39.59,-11.46
1775851320.446,594.04,39.84,-8.15
1775851320.476,595.23,35.90,-8.59
1775851320.518,594.10,36.40,-9.78
1775851320.553,590.35,40.40,-10.03
1775851320.580,591.66,36.15,-12.90
1775851320.629,592.29,34.96,-9.46
1775851320.664,591.10,36.40,-9.59
1775851320.692,590.29,40.03,-12.78
1775851320.726,591.79,37.46,-11.96
1775851320.771,591.48,36.53,-8.34
1775851320.803,590.98,37.71,-12.59
1775851320.848,593.98,37.90,-12.40
1775851320.884,593.54,42.84,-12.84
1775851320.920,593.41,40.03,-12.21
1775851320.952,593.54,33.28,-13.59
1775851320.994,593.48,40.90,-12.65
1775851321.029,595.85,34.71,-10.71
1775851321.063,591.04,41.34,-10.40
1775851321.098,592.35,35.40,-12.46
1775851321.137,590.23,40.59,-12.15
1775851321.175,593.79,36.78,-12.15
1775851321.203,591.66,36.65,-10.65
1775851321.250,593.60,32.53,-7.46
1775851321.280,592.91,40.34,-10.21
1775851321.312,589.29,35.96,-12.46
1775851321.360,591.60,31.53,-11.15
1775851321.392,591.04,37.34,-11.59
1775851321.428,591.10,37.59,-10.21
1775851321.455,590.41,40.84,-12.65
1775851321.502,592.54,37.15,-11.59
1775851321.536,591.04,36.28,-9.78
1775851321.566,593.23,35.40,-10.46
1775851321.614,590.91,31.28,-11.65
1775851321.649,594.23,38.40,-10.15
1775851321.682,591.29,37.46,-15.09
1775851321.711,593.48,37.90,-12.78
1775851321.757,591.66,35.28,-10.59
1775851321.788,593.85,39.90,-11.21
1775851321.820,592.66,36.28,-9.59
1775851321.869,592.79,38.15,-12.78
1775851321.900,593.48,34.21,-13.46
1775851321.935,593.54,35.96,-11.34
1775851321.980,591.23,32.65,-10.71
1775851322.012,590.79,38.34,-4.96
1775851322.050,586.79,38.34,-10.09
1775851322.092,590.85,34.71,-8.71
1775851322.126,593.91,35.46,-7.84
1775851322.163,593.10,31.65,-9.03
1775851322.191,591.54,27.53,-7.71
1775851322.234,588.16,33.96,-6.96
1775851322.266,591.16,36.28,-6.28
1775851322.298,590.85,36.03,-11.53
1775851322.347,590.10,37.71,-12.34
1775851322.380,589.73,29.65,-6.09
1775851322.410,592.04,39.84,-9.40
1775851322.457,591.66,36.96,-11.03
1775851322.490,589.79,35.96,-10.53
1775851322.520,590.91,35.15,-10.15
1775851322.552,591.10,33.84,-9.53
1775851322.602,593.29,39.84,-9.09
1775851322.637,591.98,36.40,-11.71
1775851322.665,591.60,37.21,-12.96
1775851322.713,593.85,32.34,-8.96
1775851322.743,589.48,36.21,-8.59
1775851322.775,593.16,38.15,-9.84
1775851322.824,593.29,41.34,-14.71
1775851322.857,591.23,38.09,-11.40
1775851322.893,589.98,34.21,-7.96
1775851322.920,592.54,32.78,-10.84
1775851322.966,592.85,36.21,-12.90
1775851322.998,594.04,37.84,-10.84
1775851323.030,591.54,32.09,-11.65
1775851323.080,592.10,43.65,-13.21
1775851323.111,590.16,36.15,-10.21
1775851323.153,589.48,38.90,-10.46
1775851323.189,593.48,37.40,-10.65
1775851323.221,593.10,36.40,-11.96
1775851323.253,590.79,35.15,-10.59
1775851323.300,592.79,35.46,-9.15
1775851323.335,592.41,37.15,-10.53
1775851323.365,594.85,35.40,-14.46
1775851323.400,593.10,37.40,-12.09
1775851323.444,593.04,35.78,-10.90
1775851323.475,594.54,39.34,-11.46
1775851323.507,589.35,34.53,-9.21
1775851323.555,594.10,39.09,-12.96
1775851323.592,595.04,38.46,-13.53
1775851323.620,590.54,34.46,-10.59
1775851323.666,589.85,31.84,-10.03
1775851323.703,592.10,35.71,-10.65
1775851323.729,594.04,37.65,-9.28
1775851323.779,595.85,35.71,-11.40
1775851323.809,593.85,34.84,-8.40
1775851323.843,594.10,37.90,-11.46
1775851323.872,592.41,43.90,-11.15
1775851323.920,593.66,41.53,-12.28
1775851323.960,593.10,38.59,-12.59
1775851323.984,591.29,33.46,-9.40
1775851324.034,592.85,36.03,-10.28
1775851324.067,593.66,36.15,-14.59
1775851324.106,594.04,39.15,-12.03
1775851324.142,591.91,34.09,-10.90
1775851324.173,594.35,35.71,-10.96
1775851324.206,591.73,34.71,-10.59
1775851324.253,590.48,38.21,-11.09
1775851324.290,592.73,41.09,-14.65
1775851324.320,591.79,35.28,-13.96
1775851324.360,591.29,32.90,-10.90
1775851324.396,589.73,35.71,-10.15
1775851324.428,590.91,33.28,-10.40
1775851324.460,594.29,42.34,-13.09
1775851324.506,592.16,35.96,-11.96
1775851324.543,592.98,36.21,-13.40
1775851324.575,590.91,36.28,-11.34
1775851324.615,590.29,34.09,-11.78
1775851324.650,593.91,34.78,-11.84
1775851324.682,589.23,37.40,-12.34
1775851324.713,590.54,34.09,-9.09
1775851324.762,590.73,33.21,-7.84
1775851324.799,591.04,37.84,-8.40
1775851324.834,592.16,35.46,-12.15
1775851324.867,592.29,39.53,-10.96
1775851324.904,592.35,35.53,-13.21
1775851324.936,590.98,40.78,-12.34
1775851324.968,592.73,36.71,-10.59
1775851325.015,589.48,37.03,-10.34
1775851325.052,589.66,37.46,-12.90
1775851325.083,593.85,36.71,-13.09
1775851325.124,589.91,37.96,-11.71
1775851325.159,592.35,37.59,-11.34
1775851325.190,592.16,32.40,-13.21
1775851325.222,593.98,36.03,-10.78
1775851325.270,590.73,38.21,-11.90
1775851325.306,592.48,36.90,-12.03
1775851325.341,590.41,37.15,-11.65
1775851325.376,592.85,36.90,-13.09
1775851325.414,590.35,39.78,-10.03
1775851325.445,592.98,37.21,-12.21
1775851325.476,592.73,37.71,-11.40
1775851325.524,591.16,33.46,-11.21
1775851325.564,587.04,38.96,-11.59
1775851325.590,593.79,39.53,-11.53
1775851325.636,590.60,41.46,-10.21
1775851325.668,592.23,35.90,-11.40
1775851325.700,593.91,35.96,-14.09
1775851325.732,591.10,38.90,-12.90
1775851325.782,592.91,32.90,-9.96
1775851325.817,590.85,38.21,-12.59
1775851325.846,591.35,33.71,-10.84
1775851325.889,590.29,35.28,-10.09
1775851325.925,592.41,36.46,-12.53
1775851325.958,591.16,34.46,-12.90
1775851325.990,591.10,33.53,-9.90
1775851326.035,594.66,33.78,-11.15
1775851326.071,590.35,39.78,-11.21
1775851326.104,591.23,39.59,-11.46
1775851326.143,590.29,34.78,-14.21
1775851326.178,592.35,33.71,-12.21
1775851326.209,593.48,32.34,-8.71
1775851326.243,592.35,32.84,-9.21
1775851326.274,592.29,38.96,-12.34
1775851326.323,589.98,41.59,-13.21
1775851326.358,588.60,37.59,-10.46
1775851326.384,593.41,38.84,-10.78
1775851326.433,592.48,39.59,-10.65
1775851326.468,592.48,36.90,-10.15
1775851326.496,591.91,38.15,-13.15
1775851326.541,591.60,39.59,-15.09
1775851326.577,589.73,32.84,-10.28
1775851326.609,592.23,36.21,-10.03
1775851326.645,593.98,35.53,-9.15
1775851326.676,594.35,34.34,-10.53
1775851326.721,594.04,34.78,-9.71
1775851326.751,593.16,35.15,-13.46
1775851326.794,594.60,35.40,-9.84
1775851326.831,594.54,37.46,-10.84
1775851326.863,592.60,35.90,-9.59
1775851326.894,588.98,35.40,-9.71
1775851326.926,594.48,37.71,-13.53
1775851326.976,586.23,37.90,-10.71
1775851327.005,590.66,31.09,-8.65
1775851327.040,594.04,34.96,-11.03
1775851327.086,591.48,38.59,-10.96
1775851327.118,592.23,40.40,-11.96
1775851327.149,591.85,35.21,-10.28
1775851327.187,591.79,37.84,-11.96
1775851327.232,593.41,38.34,-7.90
1775851327.261,592.85,36.90,-8.90
1775851327.298,589.98,38.71,-14.15
1775851327.339,589.98,39.40,-11.90
1775851327.372,592.48,37.03,-12.71
1775851327.403,592.41,32.09,-9.84
1775851327.451,592.04,39.34,-10.59
1775851327.487,591.85,42.28,-9.90
1775851327.524,588.60,37.59,-13.59
1775851327.561,593.60,35.40,-11.59
1775851327.593,593.29,31.90,-6.90
1775851327.626,592.41,42.21,-11.15
1775851327.661,593.16,38.96,-12.34
1775851327.705,591.66,35.78,-12.90
1775851327.740,593.91,35.15,-12.90
1775851327.769,592.60,33.71,-9.90
1775851327.818,593.16,37.34,-8.96
1775851327.849,589.29,41.03,-12.59
1775851327.881,590.98,38.59,-13.46
1775851327.928,591.66,32.90,-11.53
1775851327.961,591.23,36.71,-6.96
1775851327.997,591.66,37.15,-8.09
1775851328.024,593.66,34.46,-10.78
1775851328.073,592.41,34.96,-11.71
1775851328.104,590.85,35.03,-12.59
1775851328.135,593.41,36.78,-9.84
1775851328.185,593.73,34.71,-11.03
1775851328.216,592.98,42.96,-12.09
1775851328.252,591.79,37.46,-12.15
1775851328.296,593.91,30.59,-10.65
1775851328.328,590.73,34.71,-10.96
1775851328.362,595.29,40.34,-10.65
1775851328.405,593.29,39.34,-13.65
1775851328.441,594.66,38.15,-13.34
1775851328.469,591.98,38.09,-6.96
1775851328.504,593.10,37.59,-9.21
1775851328.549,591.85,40.09,-10.65
1775851328.582,591.66,38.46,-10.65
1775851328.613,596.10,39.40,-11.46
1775851328.661,591.16,36.15,-13.21
1775851328.696,594.91,28.03,-11.21
1775851328.724,594.29,37.46,-9.90
1775851328.771,592.04,41.71,-10.46
1775851328.802,591.91,39.15,-10.84
1775851328.837,592.29,31.28,-10.46
1775851328.882,591.60,38.90,-10.59
1775851328.913,594.29,31.59,-11.65
1775851328.950,591.54,40.53,-12.15
1775851328.993,594.79,38.34,-12.21
1775851329.025,590.85,35.03,-9.78
1775851329.064,593.41,38.46,-10.46
1775851329.089,595.54,35.28,-11.53
1775851329.138,594.29,38.15,-10.84
1775851329.168,592.29,38.34,-14.46
1775851329.210,592.23,36.21,-13.34
1775851329.247,592.04,32.28,-8.71
1775851329.279,590.04,34.09,-12.15
1775851329.311,590.29,40.03,-14.90
1775851329.359,591.10,39.40,-10.90
1775851329.395,595.85,42.78,-10.65
1775851329.422,594.91,37.34,-9.40
1775851329.471,594.16,40.53,-13.09
1775851329.502,591.29,44.53,-11.09
1775851329.535,591.10,36.53,-11.46
1775851329.581,588.54,34.78,-8.21
1775851329.613,593.73,34.53,-9.15
1775851329.655,592.29,35.46,-9.65
1775851329.676,592.98,38.09,-15.28
1775851329.726,592.04,34.09,-12.28
1775851329.755,590.16,34.28,-10.03
1775851329.788,590.10,34.71,-9.71
1775851329.836,593.60,38.21,-10.96
1775851329.866,590.48,34.84,-10.46
1775851329.903,594.16,33.78,-11.40
1775851329.946,594.29,39.15,-9.84
1775851329.978,593.54,32.09,-10.71
1775851330.009,592.54,41.53,-9.28
1775851330.057,589.54,36.96,-13.09
1775851330.092,592.91,35.15,-13.21
1775851330.121,590.98,36.21,-9.84
1775851330.168,592.54,38.46,-11.78
1775851330.201,594.54,35.78,-12.34
1775851330.237,590.35,39.09,-10.78
1775851330.280,591.91,35.65,-11.28
1775851330.312,592.29,35.65,-8.21
1775851330.347,590.60,39.78,-14.84
1775851330.391,591.29,37.46,-12.65
1775851330.425,590.66,37.34,-12.53
1775851330.455,596.48,36.21,-11.03
1775851330.489,594.79,36.28,-10.46
1775851330.537,591.91,37.46,-8.40
1775851330.568,593.60,34.84,-13.53
1775851330.602,593.60,32.65,-14.40
1775851330.647,590.98,36.03,-9.53
1775851330.681,593.73,30.46,-10.90
1775851330.713,593.85,39.59,-11.28
1775851330.744,591.35,37.21,-10.65
1775851330.791,590.23,39.90,-9.34
1775851330.822,594.85,38.21,-10.84
1775851330.857,592.16,35.15,-7.40
1775851330.901,594.60,39.40,-9.40
1775851330.934,590.60,39.59,-10.78
1775851330.970,593.29,36.15,-11.09
1775851331.013,590.23,32.03,-10.59
1775851331.046,591.16,43.03,-9.09
1775851331.078,592.10,40.78,-11.53
1775851331.111,591.79,38.65,-11.15
1775851331.156,591.29,39.15,-10.34
1775851331.189,592.98,38.09,-10.84
1775851331.220,592.60,36.21,-7.09
1775851331.268,593.79,36.15,-9.84
1775851331.303,593.79,40.34,-10.90
1775851331.335,591.85,36.53,-11.28
1775851331.371,591.73,37.59,-11.28
1775851331.410,590.41,37.96,-10.09
1775851331.442,595.04,38.65,-10.59
1775851331.474,589.66,34.59,-12.84
1775851331.524,593.60,40.09,-12.40
1775851331.556,591.73,41.78,-13.34
1775851331.588,590.91,36.46,-11.28
1775851331.634,590.54,31.09,-10.96
1775851331.667,593.73,33.21,-11.28
1775851331.698,589.54,38.84,-12.03
1775851331.733,595.66,33.46,-14.15
1775851331.780,591.29,37.65,-11.59
1775851331.812,592.23,35.03,-10.84
1775851331.843,591.04,38.96,-10.96
1775851331.890,589.16,35.96,-13.46
1775851331.921,588.41,37.96,-13.09
1775851331.953,593.35,35.71,-10.65
1775851332.001,590.48,30.46,-9.09
1775851332.033,593.98,35.71,-10.96
1775851332.073,590.73,37.90,-10.21
1775851332.099,592.16,38.84,-11.53
1775851332.144,590.98,34.21,-10.28
1775851332.176,588.29,37.15,-9.15
1775851332.208,594.04,39.84,-11.78
1775851332.257,590.60,33.53,-14.21
1775851332.293,591.29,36.65,-12.03
1775851332.322,593.04,37.96,-13.34
1775851332.368,595.98,39.28,-12.21
1775851332.400,592.60,40.90,-10.65
1775851332.431,591.35,41.78,-10.90
1775851332.479,592.48,35.71,-11.65
1775851332.513,592.85,35.40,-10.96
1775851332.546,590.04,40.84,-9.84
1775851332.577,595.48,43.28,-12.34
1775851332.623,592.29,36.78,-10.96
1775851332.655,589.60,35.40,-12.34
1775851332.687,593.35,36.53,-13.09
1775851332.736,592.29,34.96,-12.15
1775851332.774,592.91,42.03,-12.40
1775851332.801,585.98,35.21,-13.65
1775851332.846,589.91,33.96,-13.90
1775851332.878,592.73,37.59,-13.71
1775851332.911,591.66,34.96,-9.59
1775851332.942,590.66,37.34,-10.59
1775851332.992,591.16,38.65,-12.96
1775851333.025,591.66,32.90,-13.78
1775851333.056,593.29,34.28,-10.71
1775851333.101,593.54,34.09,-9.59
1775851333.133,594.04,37.15,-11.96
1775851333.175,591.10,38.21,-12.09
1775851333.197,591.10,39.78,-12.78
1775851333.247,590.41,39.53,-11.84
1775851333.279,596.16,34.28,-7.53
1775851333.311,592.79,38.15,-11.28
1775851333.357,590.29,40.65,-12.21
1775851333.388,594.73,39.90,-11.46
1775851333.421,592.16,34.46,-11.46
1775851333.467,592.23,39.40,-10.53
1775851333.500,592.10,36.21,-8.53
1775851333.533,593.60,38.40,-10.53
1775851333.575,590.98,41.46,-12.96
1775851333.611,591.48,38.09,-12.84
1775851333.643,588.60,34.71,-9.40
1775851333.675,590.04,36.65,-9.90
1775851333.708,594.48,34.03,-9.90
1775851333.756,593.16,35.15,-11.34
1775851333.789,590.04,36.78,-13.34
1775851333.821,592.73,33.03,-13.84
1775851333.867,591.35,37.21,-9.09
1775851333.899,591.23,36.71,-10.90
1775851333.931,589.91,41.34,-12.09
1775851333.976,592.73,35.90,-11.59
1775851334.013,591.98,34.34,-11.09
1775851334.044,591.79,32.09,-9.65
1775851334.076,592.23,38.59,-10.71
1775851334.122,591.91,39.15,-12.34
1775851334.153,590.10,41.28,-10.15
1775851334.185,590.98,39.28,-10.15
1775851334.234,591.29,38.15,-7.53
1775851334.267,595.29,35.46,-10.65
1775851334.302,588.73,40.28,-12.78
1775851334.329,592.16,38.34,-11.59
1775851334.377,592.91,33.96,-10.53
1775851334.408,591.79,38.65,-10.21
1775851334.440,589.98,34.71,-11.53
1775851334.489,592.79,31.90,-11.84
1775851334.523,590.79,32.90,-8.78
1775851334.552,591.35,38.21,-11.78
1775851334.599,589.98,33.34,-11.03
1775851334.630,595.04,36.65,-10.03
1775851334.662,591.41,42.03,-11.46
1775851334.709,591.85,32.84,-15.78
1775851334.744,591.29,35.15,-9.59
1775851334.777,593.85,37.71,-11.40
1775851334.807,590.04,36.96,-10.96
1775851334.853,591.85,36.21,-10.40
1775851334.890,592.35,40.78,-12.03
1775851334.916,589.48,36.40,-11.59
1775851334.964,594.35,32.65,-10.34
1775851334.997,591.91,39.84,-10.53
1775851335.028,591.41,31.59,-11.65
1775851335.075,594.04,37.84,-10.46
1775851335.111,590.48,36.21,-10.78
1775851335.147,593.60,31.84,-12.78
1775851335.178,592.60,34.53,-11.71
1775851335.218,589.54,36.46,-11.53
1775851335.249,595.04,38.15,-8.40
1775851335.282,590.48,38.59,-13.40
1775851335.315,591.85,37.03,-13.21
1775851335.361,591.41,38.65,-9.71
1775851335.393,593.29,39.65,-11.28
1775851335.424,593.73,38.71,-10.96
1775851335.473,592.79,40.15,-9.15
1775851335.504,589.66,34.28,-12.53
1775851335.537,590.41,33.46,-10.96
1775851335.582,591.73,35.90,-11.53
1775851335.614,592.79,36.15,-9.09
1775851335.646,591.91,36.78,-12.46
1775851335.680,594.10,36.71,-12.84
1775851335.727,591.48,36.90,-12.71
1775851335.761,592.16,36.65,-11.84
1775851335.790,593.35,35.40,-11.84
1775851335.836,593.60,35.90,-10.34
1775851335.868,592.60,39.09,-10.40
1775851335.902,591.60,36.53,-14.46
1775851335.931,591.98,33.84,-15.21
1775851335.984,591.35,36.40,-9.78
1775851336.012,591.41,34.46,-10.59
1775851336.044,594.04,38.84,-14.46
1775851336.090,591.48,36.90,-12.40
1775851336.122,592.35,35.21,-11.34
1775851336.155,592.16,35.65,-8.78
1775851336.203,593.04,35.46,-10.78
1775851336.236,592.98,38.21,-11.59
1775851336.270,590.10,36.53,-10.78
1775851336.313,592.66,42.21,-10.96
1775851336.348,593.10,32.84,-10.59
1775851336.380,592.98,34.21,-9.46
1775851336.424,594.79,36.65,-12.28
1775851336.459,591.16,39.84,-13.03
1775851336.491,594.48,36.90,-13.53
1775851336.533,594.79,31.40,-9.59
1775851336.566,593.41,30.09,-11.15
1775851336.598,592.41,37.15,-9.34
1775851336.630,592.10,33.34,-7.96
1775851336.678,593.29,35.28,-10.96
1775851336.712,589.29,36.96,-11.59
1775851336.743,597.35,34.84,-11.46
1775851336.780,593.91,38.34,-11.84
1775851336.825,591.73,38.59,-12.34
1775851336.853,593.73,37.40,-12.03
1775851336.885,594.23,33.84,-10.28
1775851336.934,593.35,36.03,-11.71
1775851336.968,595.66,35.78,-6.78
1775851336.999,589.35,34.71,-13.03
1775851337.033,593.29,38.65,-13.09
1775851337.077,592.23,33.84,-11.84
1775851337.107,593.29,41.21,-12.21
1775851337.139,593.54,36.65,-8.96
1775851337.188,595.54,40.34,-10.65
1775851337.220,589.79,36.46,-14.09
1775851337.253,593.10,37.21,-12.78
1775851337.297,592.73,34.34,-11.78
1775851337.333,590.79,34.59,-8.09
1775851337.371,593.10,28.46,-6.71
1775851337.406,593.54,30.21,-4.84
1775851337.442,592.35,40.59,-12.84
1775851337.479,596.04,38.15,-11.96
1775851337.515,591.73,36.71,-12.21
1775851337.551,594.85,35.03,-8.78
1775851337.587,593.35,32.53,-7.53
1775851337.623,590.91,34.46,-12.09
1775851337.647,593.29,37.65,-13.28
1775851337.695,594.35,35.03,-13.15
1775851337.727,589.66,38.96,-10.03
1775851337.769,594.73,35.71,-10.84
1775851337.804,591.10,35.40,-8.40
1775851337.840,592.60,38.90,-12.71
1775851337.878,595.73,33.53,-15.03
1775851337.913,592.16,36.65,-11.34
1775851337.951,593.60,33.21,-8.78
1775851337.987,595.79,35.78,-7.21
1775851338.023,590.16,37.65,-12.34
1775851338.060,592.23,36.71,-14.28
1775851338.096,591.98,33.53,-11.28
1775851338.131,592.91,36.65,-9.71
1775851338.168,591.04,34.46,-8.96
1775851338.201,592.54,32.40,-9.90
1775851338.228,594.54,35.96,-12.96
1775851338.273,590.66,36.15,-14.15
1775851338.305,591.66,36.65,-11.84
1775851338.338,590.16,34.78,-10.78
1775851338.387,590.98,36.21,-9.84
1775851338.419,595.41,36.96,-12.84
1775851338.452,593.23,37.03,-10.21
1775851338.497,590.85,34.34,-12.28
1775851338.533,591.79,37.46,-11.28
1775851338.571,596.54,36.15,-10.46
1775851338.606,591.04,34.09,-10.96
1775851338.640,592.23,39.78,-13.40
1775851338.678,593.41,30.59,-11.65
1775851338.711,590.54,35.78,-10.21
1775851338.745,591.54,33.09,-11.28
1775851338.788,591.10,35.90,-11.03
1775851338.822,589.35,28.78,-6.78
1775851338.855,589.79,36.78,-11.15
1775851338.884,590.60,34.84,-11.78
1775851338.933,592.73,34.53,-11.34
1775851338.964,595.98,38.21,-11.28
1775851339.032,593.54,40.03,-11.78
1775851339.069,594.10,37.40,-11.40
1775851339.100,592.60,39.40,-12.65
1775851339.134,591.91,39.65,-11.65
1775851339.179,592.16,38.65,-14.09
1775851339.217,590.60,36.53,-10.84
1775851339.243,593.60,40.40,-8.46
1775851339.290,593.04,36.78,-13.40
1775851339.327,592.04,39.84,-12.28
1775851339.363,594.16,38.84,-10.46
1775851339.401,595.04,36.15,-7.84
1775851339.437,591.79,37.15,-7.46
1775851339.472,590.79,38.46,-13.46
1775851339.508,594.66,39.84,-10.78
1775851339.544,590.79,37.46,-10.96
1775851339.581,593.66,32.40,-10.59
1775851339.617,592.60,31.84,-9.96
1775851339.654,593.79,41.53,-11.46
1775851339.690,593.98,35.40,-12.34
1775851339.727,590.60,35.90,-12.90
1775851339.761,588.98,36.40,-11.59
1775851339.800,590.91,35.78,-13.53
1775851339.836,591.41,35.28,-11.46
1775851339.875,591.60,36.40,-10.21
1775851339.911,589.73,38.71,-11.21
1775851339.949,591.60,32.84,-9.03
1775851339.985,595.60,35.71,-9.78
1775851340.022,594.85,39.59,-10.71
1775851340.058,591.41,42.21,-12.40
1775851340.088,591.73,35.71,-13.65
1775851340.131,591.35,33.53,-10.96
1775851340.168,590.60,39.40,-11.59
1775851340.192,591.91,31.59,-9.90
1775851340.239,589.29,34.09,-12.46
1775851340.271,592.85,34.34,-11.71
1775851340.315,588.91,35.78,-13.15
1775851340.351,592.60,37.90,-11.78
1775851340.386,592.41,36.96,-10.40
1775851340.422,594.16,40.15,-10.71
1775851340.459,591.60,34.34,-13.21
1775851340.494,590.16,34.96,-12.65
1775851340.532,587.85,36.21,-10.21
1775851340.568,597.60,33.71,-10.34
1775851340.605,590.85,35.21,-11.90
1775851340.642,594.23,34.21,-11.34
1775851340.679,592.04,40.15,-10.28
1775851340.717,594.54,40.15,-11.34
1775851340.751,592.10,37.21,-7.40
1775851340.788,590.85,33.03,-12.15
1775851340.826,588.98,36.53,-12.09
1775851340.860,592.73,34.03,-10.65
1775851340.897,593.23,37.90,-12.15
1775851340.930,593.29,34.46,-10.34
1775851340.969,592.73,35.40,-11.15
1775851341.005,592.54,35.15,-9.90
1775851341.042,593.35,37.71,-11.84
1775851341.078,592.91,36.65,-13.34
1775851341.117,592.10,35.03,-10.90
1775851341.149,593.29,33.46,-10.90
1775851341.189,595.16,35.15,-12.78
1775851341.224,595.23,37.71,-11.09
1775851341.264,590.73,35.90,-12.59
1775851341.301,592.16,37.96,-10.09
1775851341.337,592.04,35.15,-10.96
1775851341.373,592.73,35.71,-12.71
1775851341.409,593.98,36.40,-11.53
1775851341.446,590.16,36.78,-11.28
1775851341.484,589.98,38.09,-10.34
1775851341.520,594.66,39.84,-11.78
1775851341.557,592.98,38.71,-11.34
1775851341.594,590.48,35.53,-12.59
1775851341.630,591.23,37.40,-11.78
1775851341.668,594.98,34.03,-10.34
1775851341.704,590.41,36.65,-10.40
1775851341.738,593.91,40.03,-12.65
1775851341.779,591.98,33.84,-13.15
1775851341.816,588.91,35.46,-11.96
1775851341.852,594.54,34.78,-11.53
1775851341.888,594.60,32.53,-7.96
1775851341.926,590.41,41.21,-12.90
1775851341.962,591.98,39.78,-12.53
1775851341.997,592.54,33.28,-12.46
1775851342.032,591.41,33.09,-7.34
1775851342.059,594.66,37.65,-10.46
1775851342.108,590.91,37.65,-11.09
1775851342.139,591.60,35.90,-12.53
1775851342.172,587.66,36.46,-12.46
1775851342.219,591.73,32.84,-12.03
1775851342.250,591.60,35.53,-9.65
1775851342.288,593.10,34.71,-13.21
1775851342.324,589.48,37.03,-13.28
1775851342.364,591.60,34.53,-12.21
1775851342.399,593.73,35.40,-11.28
1775851342.422,589.91,40.03,-11.71
1775851342.472,591.16,31.28,-9.71
1775851342.502,593.04,36.78,-9.78
1775851342.535,589.98,35.03,-12.65
1775851342.581,590.10,36.53,-13.40
1775851342.613,593.66,31.78,-10.71
1775851342.645,597.04,35.65,-8.21
1775851342.690,593.60,37.90,-12.15
1775851342.727,592.48,35.53,-12.09
1775851342.760,590.23,35.21,-11.34
1775851342.787,591.29,34.96,-11.03
1775851342.832,592.16,38.46,-10.46
1775851342.863,593.23,35.71,-10.21
1775851342.895,595.91,38.46,-12.03
1775851342.943,593.10,33.84,-11.65
1775851342.978,592.29,34.78,-9.84
1775851343.007,590.04,36.65,-11.46
1775851343.055,593.41,34.78,-12.71
1775851343.088,589.41,34.28,-11.53
1775851343.129,593.35,34.53,-10.84
1775851343.166,592.79,36.15,-12.53
1775851343.202,593.35,39.09,-13.78
1775851343.238,591.60,39.28,-10.65
1775851343.269,593.23,36.21,-11.15
1775851343.310,594.41,41.71,-13.78
1775851343.346,591.79,40.03,-14.78
1775851343.381,591.23,34.71,-12.71
1775851343.418,594.85,36.21,-9.65
1775851343.451,594.54,34.28,-12.09
1775851343.489,591.98,39.90,-8.71
1775851343.526,592.54,40.84,-12.40
1775851343.560,593.79,37.96,-12.90
1775851343.598,592.16,37.46,-12.15
1775851343.628,593.10,37.59,-10.15
1775851343.665,593.41,35.46,-11.28
1775851343.707,591.16,34.78,-10.59
1775851343.739,589.41,40.84,-14.03
1775851343.770,589.29,36.78,-12.46
1775851343.818,590.41,39.15,-10.03
1775851343.854,591.73,39.40,-10.84
1775851343.889,591.73,39.28,-10.65
1775851343.918,593.79,37.46,-13.09
1775851343.963,590.54,33.59,-9.53
1775851344.004,593.54,36.96,-14.03
1775851344.041,590.66,41.34,-11.03
1775851344.076,590.66,40.03,-11.21
1775851344.114,592.54,31.90,-10.78
1775851344.150,592.41,37.65,-12.53
1775851344.174,587.85,37.03,-12.21
1775851344.221,593.35,37.03,-9.96
1775851344.253,589.48,38.90,-13.03
1775851344.290,593.04,37.84,-11.46
1775851344.332,590.60,36.90,-13.78
1775851344.367,594.04,37.46,-10.40
1775851344.394,592.41,36.78,-13.53
1775851344.434,591.10,36.71,-12.96
1775851344.477,588.79,38.46,-12.90
1775851344.507,588.73,39.09,-14.21
1775851344.557,588.85,35.71,-14.84
1775851344.591,591.60,35.40,-12.53
1775851344.627,588.85,36.90,-14.09
1775851344.659,591.48,41.09,-14.21
1775851344.691,593.79,35.78,-11.90
1775851344.737,591.48,32.03,-11.40
1775851344.764,592.04,38.34,-13.09
1775851344.811,592.16,40.15,-12.21
1775851344.844,593.85,33.53,-12.71
1775851344.876,592.16,32.40,-12.40
1775851344.912,590.60,35.90,-9.84
1775851344.955,593.16,34.46,-11.71
1775851344.991,594.79,34.46,-11.34
1775851345.018,590.41,37.96,-12.65
1775851345.066,594.79,35.78,-10.34
1775851345.098,592.29,37.46,-6.78
1775851345.138,594.73,34.84,-11.15
1775851345.173,591.98,37.03,-10.90
1775851345.203,594.41,38.34,-11.03
1775851345.250,591.48,32.65,-12.40
1775851345.281,591.98,38.59,-9.28
1775851345.315,591.91,40.03,-9.90
1775851345.360,589.85,39.78,-13.15
1775851345.392,588.35,35.40,-12.90
1775851345.433,593.60,40.28,-12.71
1775851345.470,592.91,33.96,-12.40
1775851345.506,593.29,33.59,-9.96
1775851345.534,590.85,38.21,-11.46
1775851345.568,591.91,37.65,-13.09
1775851345.616,589.16,33.28,-12.59
1775851345.647,594.41,37.15,-7.71
1775851345.688,593.54,33.46,-11.53
1775851345.730,591.79,37.84,-7.34
1775851345.766,592.23,34.03,-12.21
1775851345.801,594.54,37.96,-12.53
1775851345.833,593.04,37.15,-10.65
1775851345.867,594.23,34.84,-12.90
1775851345.912,592.73,36.21,-10.78
1775851345.963,593.41,35.28,-11.03
1775851345.993,592.91,34.96,-13.59
1775851346.023,595.04,36.96,-11.46
1775851346.071,593.23,37.03,-10.84
1775851346.102,592.98,32.03,-11.53
1775851346.135,591.29,37.34,-10.59
1775851346.177,591.98,36.71,-11.59
1775851346.215,589.98,33.03,-12.78
1775851346.246,591.60,32.53,-11.46
1775851346.277,593.73,32.53,-10.59
1775851346.324,592.54,35.15,-10.21
1775851346.357,590.79,38.34,-11.21
1775851346.394,591.60,38.09,-12.09
1775851346.421,590.29,35.78,-11.96
1775851346.469,593.79,35.65,-9.40
1775851346.500,591.73,34.34,-10.46
1775851346.541,591.23,38.90,-10.78
1775851346.578,592.98,40.28,-14.15
1775851346.615,591.23,32.53,-13.21
1775851346.649,592.60,35.90,-11.40
1775851346.680,592.66,29.40,-10.90
1775851346.723,591.79,39.15,-11.78
1775851346.758,592.60,40.90,-13.15
1775851346.794,591.66,36.65,-11.78
1775851346.820,589.98,34.03,-12.46
1775851346.866,589.04,36.15,-10.84
1775851346.904,593.04,35.15,-11.15
1775851346.929,595.04,40.15,-12.84
1775851346.977,591.60,35.53,-11.65
1775851347.010,590.79,33.59,-11.21
1775851347.048,588.98,33.71,-13.09
1775851347.072,591.85,33.84,-10.65
1775851347.123,595.66,32.78,-10.90
1775851347.158,590.60,36.71,-10.28
1775851347.195,594.29,37.46,-14.34
1775851347.231,593.91,37.15,-12.90
1775851347.263,592.41,30.40,-9.59
1775851347.302,592.85,33.03,-8.59
1775851347.329,591.98,31.53,-10.21
1775851347.375,590.73,36.53,-10.65
1775851347.411,591.54,36.96,-9.90
1775851347.440,591.98,32.84,-12.59
1775851347.479,587.41,36.65,-9.84
1775851347.519,591.04,35.28,-9.71
1775851347.556,589.35,36.71,-8.78
1775851347.585,592.23,39.28,-13.28
1775851347.620,593.29,41.53,-13.65
1775851347.664,590.35,38.09,-12.15
1775851347.696,591.54,38.15,-10.65
1775851347.732,590.48,36.71,-8.09
1775851347.773,592.54,37.96,-13.21
1775851347.810,590.29,36.96,-13.15
1775851347.837,591.66,37.34,-10.78
1775851347.881,591.73,33.53,-12.46
1775851347.918,591.60,35.03,-11.28
1775851347.948,592.91,34.78,-10.21
1775851347.991,594.66,36.28,-10.78
1775851348.028,591.73,37.03,-13.03
1775851348.064,593.04,38.15,-9.71
1775851348.100,592.60,40.09,-11.65
1775851348.131,591.23,35.03,-8.21
1775851348.172,589.35,34.21,-9.84
1775851348.202,593.23,35.71,-9.28
1775851348.240,590.48,42.28,-10.28
1775851348.280,590.16,38.46,-12.53
1775851348.318,592.73,32.84,-8.96
1775851348.345,593.79,34.96,-11.28
1775851348.392,590.04,40.65,-11.46
1775851348.428,592.98,38.71,-14.34
1775851348.460,590.79,33.09,-10.84
1775851348.498,594.98,35.71,-10.65
1775851348.538,592.29,36.78,-13.03
1775851348.575,590.29,37.34,-11.21
1775851348.597,592.60,34.34,-13.21
1775851348.645,591.73,35.40,-12.28
1775851348.679,593.73,35.71,-12.09
1775851348.709,593.35,37.90,-7.65
1775851348.758,594.04,34.59,-11.03
1775851348.789,592.29,36.28,-11.28
1775851348.827,592.66,39.84,-12.84
1775851348.867,591.85,32.03,-12.28
1775851348.899,592.66,35.96,-9.90
1775851348.939,593.10,38.21,-10.65
1775851348.972,592.23,37.59,-12.84
1775851349.012,591.41,37.15,-11.53
1775851349.042,591.54,37.46,-12.53
1775851349.083,593.41,37.34,-11.21
1775851349.121,593.10,39.09,-11.53
1775851349.153,592.48,35.03,-11.78
1775851349.190,591.66,35.65,-10.09
1775851349.226,590.35,37.90,-13.21
1775851349.266,592.85,36.03,-12.21
1775851349.299,592.98,36.21,-8.78
1775851349.336,590.73,35.21,-10.46
1775851349.375,589.04,36.96,-9.65
1775851349.407,589.41,35.96,-10.53
1775851349.440,589.04,34.09,-13.03
1775851349.472,593.10,36.53,-11.28
1775851349.520,593.54,33.46,-10.09
1775851349.550,590.79,34.28,-11.65
1775851349.585,592.04,37.65,-8.59
1775851349.630,591.91,36.46,-9.65
1775851349.661,593.29,43.71,-15.03
1775851349.699,590.41,32.28,-10.65
1775851349.724,593.41,37.84,-10.15
1775851349.775,590.04,36.15,-12.59
1775851349.804,591.60,38.71,-12.65
1775851349.843,594.41,34.09,-11.96
1775851349.884,592.73,35.40,-10.71
1775851349.917,591.29,33.59,-11.65
1775851349.956,593.29,31.28,-11.03
1775851349.984,591.66,35.78,-11.65
1775851350.030,593.91,36.15,-11.34
1775851350.058,593.04,36.78,-11.03
1775851350.101,591.16,34.28,-11.90
1775851350.138,591.48,39.40,-11.28
1775851350.169,591.73,36.53,-11.34
1775851350.204,589.85,36.03,-15.03
1775851350.233,590.23,35.90,-13.03
1775851350.283,587.91,40.53,-11.15
1775851350.315,593.98,36.90,-10.28
1775851350.347,591.54,33.78,-10.15
1775851350.378,593.79,32.40,-9.28
1775851350.427,590.79,36.78,-9.84
1775851350.459,592.73,32.15,-13.65
1775851350.500,591.91,33.28,-12.59
1775851350.536,592.54,32.59,-7.90
1775851350.568,591.29,33.59,-10.28
1775851350.610,594.60,36.03,-11.53
1775851350.632,592.73,37.40,-8.15
1775851350.680,590.48,36.90,-13.15
1775851350.714,595.66,34.09,-10.96
1775851350.744,594.66,34.78,-11.34
1775851350.794,591.10,36.40,-10.78
1775851350.825,589.54,40.65,-8.40
1775851350.859,593.23,34.71,-10.78
1775851350.904,593.41,34.78,-11.53
1775851350.936,593.04,34.09,-9.84
1775851350.968,591.41,39.84,-13.40
1775851351.001,594.10,38.40,-14.46
1775851351.047,590.85,36.03,-14.09
1775851351.079,592.16,36.15,-12.65
1775851351.121,590.85,35.53,-11.34
1775851351.143,593.66,33.09,-11.21
1775851351.191,591.48,37.03,-11.71
1775851351.230,592.91,38.46,-12.84
1775851351.256,590.85,34.21,-10.78
1775851351.303,593.91,31.40,-11.03
1775851351.342,591.91,33.59,-10.03
1775851351.375,592.98,36.40,-12.34
1775851351.414,593.54,38.34,-10.90
1775851351.446,593.16,37.84,-10.15
1775851351.484,591.91,33.96,-8.59
1775851351.509,589.98,33.21,-10.90
1775851351.559,593.41,35.28,-12.34
1775851351.590,589.91,38.34,-12.71
1775851351.631,593.48,35.21,-11.65
1775851351.669,591.85,35.03,-12.78
1775851351.703,592.10,32.03,-10.03
1775851351.741,592.48,30.84,-12.03
1775851351.767,590.98,38.59,-12.71
1775851351.813,592.85,43.28,-13.46
1775851351.848,591.60,39.90,-12.90
1775851351.885,589.60,36.53,-11.09
1775851351.910,593.04,34.09,-9.96
1775851351.957,594.73,37.90,-10.46
1775851351.994,591.79,41.03,-13.65
1775851352.020,584.41,38.15,-14.03
1775851352.069,595.41,33.78,-10.90
1775851352.104,589.73,36.40,-10.34
1775851352.140,592.73,38.90,-12.71
1775851352.166,590.29,37.65,-10.53
1775851352.212,593.79,41.21,-13.53
1775851352.248,592.16,38.15,-13.15
1775851352.284,589.66,33.59,-12.71
1775851352.315,592.04,33.96,-11.03
1775851352.356,594.66,41.21,-9.59
1775851352.393,591.16,35.46,-6.71
1775851352.426,592.16,39.15,-12.28
1775851352.457,590.73,38.09,-10.65
1775851352.502,590.60,30.65,-12.34
1775851352.531,589.10,30.15,-10.65
1775851352.570,594.10,37.21,-10.34
1775851352.611,591.54,38.46,-12.59
1775851352.647,592.23,38.09,-13.84
1775851352.675,590.85,34.21,-12.03
1775851352.708,595.98,28.15,-12.96
1775851352.756,592.41,33.96,-10.21
1775851352.785,593.79,37.96,-9.65
1775851352.821,593.29,38.84,-12.96
1775851352.864,592.66,34.59,-12.28
1775851352.904,591.54,37.46,-10.84
1775851352.928,592.54,36.65,-12.21
1775851352.977,592.79,37.65,-10.40
1775851353.008,590.79,37.34,-11.65
1775851353.039,589.60,37.90,-18.28
1775851353.074,593.73,34.21,-12.40
1775851353.119,590.29,35.15,-10.96
1775851353.157,593.73,36.40,-13.28
1775851353.183,595.04,36.96,-11.46
1775851353.230,594.85,37.90,-10.40
1775851353.263,590.41,36.65,-10.28
1775851353.293,591.29,34.46,-12.03
1775851353.340,591.66,40.03,-11.40
1775851353.372,595.41,38.84,-10.90
1775851353.407,592.23,40.09,-12.46
1775851353.437,592.54,41.53,-12.78
1775851353.485,592.98,35.21,-11.21
1775851353.518,590.41,34.46,-11.40
1775851353.548,594.73,36.90,-13.28
1775851353.596,592.16,35.46,-12.59
1775851353.628,591.35,33.03,-10.21
1775851353.670,595.04,34.96,-11.53
1775851353.692,592.41,34.46,-8.15
1775851353.740,596.73,36.21,-10.78
1775851353.775,591.29,35.96,-13.09
1775851353.808,592.91,34.59,-10.21
1775851353.850,592.10,33.71,-11.21
1775851353.882,590.85,37.21,-9.65
1775851353.915,592.23,37.59,-9.84
1775851353.962,590.16,39.34,-15.59
1775851353.995,591.29,41.53,-13.84
1775851354.028,590.23,36.71,-11.09
1775851354.058,593.48,34.53,-12.03
1775851354.108,592.73,34.21,-11.09
1775851354.138,590.23,39.28,-12.34
1775851354.172,592.91,36.65,-10.34
